,total_rooms_tVar,median_house_value_tVar,values
0,0,0,1.0
1,0,1681,1.0
2,1,1,1.0
3,1,262,0.3333333333333333
4,2,2,1.0
5,3,3,1.0
6,4,4,1.0
7,4,28,0.3333333333333333
8,5,5,0.3333333333333333
9,5,966,0.5
10,6,5,0.3333333333333333
11,6,735,0.5
12,7,6,1.0
13,8,7,0.3333333333333333
14,9,8,0.5
15,9,1584,1.0
16,10,9,0.125
17,10,610,1.0
18,11,10,0.5
19,11,93,0.125
20,12,11,0.5
21,12,77,0.3333333333333333
22,13,12,0.5
23,14,13,1.0
24,15,14,1.0
25,16,15,0.2
26,16,998,0.2
27,17,16,0.043478260869565216
28,17,202,0.25
29,18,17,0.5
30,18,98,0.5
31,19,18,0.5
32,20,19,0.5
33,21,20,1.0
34,21,450,1.0
35,22,21,1.0
36,22,1138,0.5
37,23,22,0.3333333333333333
38,24,23,0.5
39,25,24,1.0
40,25,141,0.5
41,25,364,0.25
42,25,521,0.5
43,26,25,0.14285714285714285
44,27,26,1.0
45,28,27,0.07142857142857142
46,29,28,0.3333333333333333
47,30,9,0.125
48,30,29,0.5
49,31,30,0.5
50,31,1249,1.0
51,32,31,1.0
52,32,953,1.0
53,33,32,0.5
54,34,33,0.5
55,35,34,1.0
56,35,1458,1.0
57,36,35,0.3333333333333333
58,36,909,0.5
59,36,1062,0.16666666666666666
60,36,1260,0.25
61,37,36,0.3333333333333333
62,38,37,1.0
63,39,38,1.0
64,40,39,0.3333333333333333
65,40,325,0.25
66,41,40,0.09090909090909091
67,42,41,0.008
68,43,42,1.0
69,43,577,0.5
70,44,43,0.5
71,44,1495,1.0
72,45,44,0.25
73,46,45,0.25
74,46,229,1.0
75,46,744,1.0
76,47,46,0.3333333333333333
77,47,1479,1.0
78,48,47,0.3333333333333333
79,48,821,0.25
80,48,1234,0.5
81,49,48,0.16666666666666666
82,50,49,1.0
83,51,50,0.3333333333333333
84,52,51,0.2
85,52,1288,1.0
86,53,52,0.07692307692307693
87,54,53,1.0
88,55,54,0.5
89,55,189,1.0
90,56,55,0.5
91,57,52,0.07692307692307693
92,57,56,0.3333333333333333
93,57,772,0.5
94,58,57,0.3333333333333333
95,59,58,0.5
96,60,59,1.0
97,61,60,0.5
98,61,1491,1.0
99,61,1515,1.0
100,62,61,1.0
101,62,797,0.3333333333333333
102,63,62,1.0
103,64,63,0.5
104,64,504,1.0
105,65,64,1.0
106,66,65,0.5
107,67,66,0.5
108,67,242,1.0
109,68,67,0.3333333333333333
110,69,68,0.3333333333333333
111,69,545,1.0
112,70,41,0.008
113,70,69,1.0
114,70,1271,1.0
115,71,9,0.125
116,72,45,0.25
117,72,182,1.0
118,72,1724,1.0
119,73,70,1.0
120,74,71,0.25
121,74,835,0.14285714285714285
122,74,1655,1.0
123,75,72,0.5
124,75,496,1.0
125,76,73,0.3333333333333333
126,76,503,1.0
127,77,74,1.0
128,78,75,1.0
129,79,76,0.5
130,80,16,0.043478260869565216
131,81,45,0.25
132,82,77,0.3333333333333333
133,82,587,0.5
134,83,19,0.5
135,84,78,0.3333333333333333
136,84,1012,0.5
137,85,79,0.3333333333333333
138,86,80,0.2
139,87,81,0.5
140,88,82,0.5
141,88,364,0.25
142,88,668,1.0
143,88,1470,1.0
144,89,83,0.5
145,89,886,0.25
146,89,1416,0.5
147,90,84,0.5
148,90,662,1.0
149,91,85,0.25
150,92,86,1.0
151,93,87,0.5
152,93,1700,1.0
153,94,88,0.5
154,94,1223,0.3333333333333333
155,95,89,0.5
156,95,1099,0.3333333333333333
157,95,1767,1.0
158,96,41,0.008
159,96,90,0.14285714285714285
160,96,625,1.0
161,97,91,0.5
162,98,92,0.25
163,99,93,0.125
164,100,94,1.0
165,101,95,0.5
166,102,96,0.2
167,102,1197,0.3333333333333333
168,102,1464,1.0
169,103,40,0.09090909090909091
170,103,205,0.25
171,103,875,1.0
172,104,41,0.008
173,104,97,1.0
174,104,858,1.0
175,105,99,0.5
176,105,1501,0.5
177,106,100,0.3333333333333333
178,106,572,1.0
179,107,101,0.25
180,108,102,1.0
181,108,1381,1.0
182,109,103,1.0
183,110,104,1.0
184,111,105,1.0
185,111,896,0.5
186,112,106,1.0
187,112,353,1.0
188,113,9,0.125
189,114,107,1.0
190,115,108,0.25
191,115,972,1.0
192,116,41,0.008
193,116,956,0.5
194,117,41,0.008
195,118,109,0.3333333333333333
196,119,110,1.0
197,119,933,1.0
198,120,111,0.5
199,120,433,0.3333333333333333
200,120,1736,1.0
201,121,112,0.5
202,122,113,1.0
203,122,1751,1.0
204,123,114,1.0
205,124,115,0.2
206,124,847,1.0
207,124,1281,1.0
208,125,116,1.0
209,126,117,1.0
210,127,41,0.008
211,128,118,0.5
212,129,52,0.07692307692307693
213,130,119,1.0
214,131,120,0.5
215,131,1037,0.5
216,132,121,0.2
217,132,193,0.058823529411764705
218,133,122,0.3333333333333333
219,134,41,0.008
220,134,737,1.0
221,134,833,1.0
222,135,46,0.3333333333333333
223,136,27,0.07142857142857142
224,136,123,1.0
225,137,15,0.2
226,138,124,1.0
227,138,1707,1.0
228,139,125,0.5
229,140,126,0.3333333333333333
230,140,1161,0.5
231,141,127,0.25
232,142,128,1.0
233,143,129,0.5
234,143,1533,1.0
235,144,130,0.5
236,145,131,1.0
237,146,132,1.0
238,146,946,1.0
239,147,71,0.25
240,147,674,0.5
241,148,133,0.5
242,149,134,0.1111111111111111
243,150,135,1.0
244,150,771,0.5
245,150,1095,1.0
246,150,1534,0.5
247,151,136,1.0
248,152,137,0.2
249,153,138,1.0
250,153,420,1.0
251,153,967,0.5
252,153,1539,1.0
253,154,30,0.5
254,155,139,0.08333333333333333
255,155,436,0.5
256,155,1194,0.5
257,156,140,0.5
258,156,812,0.5
259,156,1742,1.0
260,157,141,0.5
261,158,142,1.0
262,159,143,0.2
263,160,41,0.008
264,161,144,0.3333333333333333
265,162,145,0.3333333333333333
266,162,239,0.3333333333333333
267,162,387,1.0
268,163,52,0.07692307692307693
269,163,146,0.3333333333333333
270,164,147,0.3333333333333333
271,164,1148,1.0
272,164,1529,0.5
273,165,63,0.5
274,166,148,1.0
275,167,149,0.5
276,167,249,0.125
277,168,150,0.2
278,168,412,0.3333333333333333
279,169,151,0.3333333333333333
280,170,152,1.0
281,171,153,0.3333333333333333
282,172,154,0.5
283,173,155,1.0
284,174,156,0.5
285,174,1411,1.0
286,175,157,1.0
287,175,511,0.2
288,176,158,0.5
289,176,822,0.5
290,177,159,0.5
291,178,160,0.3333333333333333
292,178,275,1.0
293,178,729,1.0
294,178,981,0.5
295,179,161,0.25
296,180,118,0.5
297,180,162,0.5
298,181,163,1.0
299,182,164,0.5
300,182,329,1.0
301,183,165,1.0
302,183,688,0.5
303,184,41,0.008
304,185,166,1.0
305,186,167,0.3333333333333333
306,186,173,0.5
307,186,1630,1.0
308,187,168,0.5
309,188,25,0.14285714285714285
310,189,169,0.3333333333333333
311,189,895,1.0
312,190,170,0.3333333333333333
313,191,67,0.3333333333333333
314,191,1596,1.0
315,191,1651,0.5
316,192,93,0.125
317,193,171,0.5
318,193,869,1.0
319,194,172,1.0
320,194,904,0.5
321,194,1581,1.0
322,195,173,0.5
323,195,223,1.0
324,195,1675,1.0
325,196,174,0.2
326,196,618,1.0
327,197,175,0.3333333333333333
328,197,509,0.3333333333333333
329,198,176,1.0
330,198,1599,1.0
331,199,177,0.5
332,200,178,0.5
333,200,639,0.25
334,201,139,0.08333333333333333
335,202,44,0.25
336,203,179,0.25
337,204,180,0.3333333333333333
338,204,277,0.5
339,205,181,0.3333333333333333
340,206,183,1.0
341,206,979,0.5
342,207,184,1.0
343,208,185,0.5
344,209,186,1.0
345,210,187,0.3333333333333333
346,211,188,1.0
347,212,190,1.0
348,213,191,1.0
349,214,121,0.2
350,214,654,0.3333333333333333
351,215,192,1.0
352,215,1291,0.3333333333333333
353,216,41,0.008
354,217,193,0.058823529411764705
355,217,651,0.5
356,218,194,1.0
357,219,195,0.2
358,219,403,1.0
359,219,839,0.5
360,219,902,0.25
361,220,196,1.0
362,221,197,0.2
363,221,501,0.2
364,222,198,1.0
365,222,926,0.5
366,223,199,0.16666666666666666
367,223,935,0.25
368,223,1307,0.3333333333333333
369,224,200,0.5
370,225,201,0.5
371,226,203,0.5
372,227,204,0.5
373,227,636,0.5
374,228,205,0.25
375,228,513,0.25
376,228,624,1.0
377,229,206,1.0
378,230,5,0.3333333333333333
379,231,207,0.5
380,232,208,1.0
381,233,25,0.14285714285714285
382,234,209,1.0
383,235,210,0.5
384,236,139,0.08333333333333333
385,236,211,0.5
386,236,741,1.0
387,236,985,0.3333333333333333
388,236,1039,0.5
389,237,212,0.07692307692307693
390,237,604,0.5
391,238,150,0.2
392,238,213,0.5
393,239,214,0.5
394,239,381,1.0
395,239,920,0.3333333333333333
396,240,207,0.5
397,241,215,1.0
398,241,593,1.0
399,242,216,0.5
400,243,217,1.0
401,244,115,0.2
402,245,218,1.0
403,246,219,1.0
404,247,220,0.3333333333333333
405,248,221,0.5
406,249,222,0.25
407,250,224,0.3333333333333333
408,251,225,0.5
409,252,226,1.0
410,253,180,0.3333333333333333
411,253,227,1.0
412,253,925,0.3333333333333333
413,253,1211,0.3333333333333333
414,254,228,1.0
415,255,230,1.0
416,256,231,1.0
417,257,232,0.25
418,258,233,1.0
419,259,41,0.008
420,259,139,0.08333333333333333
421,259,234,1.0
422,259,1236,1.0
423,260,235,1.0
424,261,127,0.25
425,262,236,1.0
426,263,237,0.5
427,264,238,1.0
428,264,276,0.2
429,264,490,0.3333333333333333
430,265,121,0.2
431,266,130,0.5
432,266,240,0.5
433,267,241,1.0
434,267,611,1.0
435,267,713,0.5
436,268,243,0.5
437,269,244,0.5
438,270,245,1.0
439,271,246,1.0
440,271,1732,1.0
441,272,247,0.5
442,273,248,0.3333333333333333
443,274,41,0.008
444,274,1480,1.0
445,275,249,0.125
446,275,468,0.3333333333333333
447,276,210,0.5
448,276,250,0.3333333333333333
449,277,251,0.5
450,278,252,0.3333333333333333
451,279,253,0.5
452,279,962,1.0
453,280,212,0.07692307692307693
454,281,41,0.008
455,282,254,0.5
456,283,255,0.5
457,284,256,0.5
458,285,257,1.0
459,286,258,1.0
460,287,259,1.0
461,288,16,0.043478260869565216
462,289,260,0.5
463,289,1119,1.0
464,290,261,1.0
465,290,939,1.0
466,291,73,0.3333333333333333
467,291,1748,1.0
468,292,263,1.0
469,292,517,1.0
470,293,27,0.07142857142857142
471,293,264,1.0
472,294,44,0.25
473,294,122,0.3333333333333333
474,295,265,0.5
475,295,1067,0.5
476,295,1310,1.0
477,296,266,1.0
478,296,938,1.0
479,297,225,0.5
480,298,41,0.008
481,299,267,1.0
482,300,268,1.0
483,300,1350,0.2
484,301,92,0.25
485,302,269,1.0
486,302,1511,0.5
487,303,270,1.0
488,304,41,0.008
489,304,271,0.25
490,304,1304,1.0
491,304,1366,1.0
492,304,1420,1.0
493,305,272,1.0
494,306,273,1.0
495,306,712,1.0
496,307,274,0.5
497,307,1117,0.5
498,308,195,0.2
499,308,276,0.2
500,309,41,0.008
501,310,78,0.3333333333333333
502,311,277,0.5
503,311,692,1.0
504,312,278,0.5
505,313,279,0.5
506,314,134,0.1111111111111111
507,315,211,0.5
508,316,280,0.5
509,317,281,1.0
510,318,282,0.5
511,319,185,0.5
512,319,283,0.3333333333333333
513,319,1298,0.3333333333333333
514,320,41,0.008
515,320,284,0.3333333333333333
516,321,285,1.0
517,322,286,0.3333333333333333
518,323,108,0.25
519,324,287,1.0
520,325,288,1.0
521,326,41,0.008
522,326,1447,1.0
523,327,289,1.0
524,328,290,0.3333333333333333
525,329,291,1.0
526,330,232,0.25
527,331,292,1.0
528,332,93,0.125
529,332,293,1.0
530,332,399,1.0
531,332,1293,0.5
532,333,294,1.0
533,334,295,0.3333333333333333
534,334,666,1.0
535,334,767,0.5
536,335,296,0.5
537,335,641,0.5
538,335,670,1.0
539,336,297,0.5
540,336,1115,1.0
541,337,78,0.3333333333333333
542,337,673,0.3333333333333333
543,338,193,0.058823529411764705
544,339,139,0.08333333333333333
545,339,298,1.0
546,340,299,1.0
547,341,36,0.3333333333333333
548,341,628,0.5
549,342,249,0.125
550,343,41,0.008
551,343,300,0.5
552,343,761,0.5
553,343,1580,1.0
554,344,41,0.008
555,345,41,0.008
556,345,150,0.2
557,345,742,0.25
558,345,998,0.2
559,346,239,0.3333333333333333
560,347,301,0.5
561,347,361,1.0
562,348,302,0.5
563,348,1313,0.5
564,349,303,0.5
565,349,781,0.5
566,350,41,0.008
567,351,304,0.125
568,352,305,0.5
569,352,1214,1.0
570,353,44,0.25
571,353,804,0.3333333333333333
572,354,187,0.3333333333333333
573,354,306,1.0
574,355,307,1.0
575,355,1264,1.0
576,356,308,1.0
577,357,309,0.3333333333333333
578,358,310,0.5
579,358,433,0.3333333333333333
580,359,311,1.0
581,359,1371,1.0
582,360,312,0.5
583,361,313,0.5
584,362,314,0.3333333333333333
585,362,1287,1.0
586,362,1490,1.0
587,363,40,0.09090909090909091
588,364,79,0.3333333333333333
589,364,954,1.0
590,365,315,0.5
591,365,1472,0.5
592,366,316,0.25
593,366,1516,0.5
594,367,212,0.07692307692307693
595,367,317,0.3333333333333333
596,368,318,1.0
597,369,139,0.08333333333333333
598,370,319,1.0
599,371,41,0.008
600,372,320,0.5
601,373,321,0.5
602,374,322,0.3333333333333333
603,374,340,0.047619047619047616
604,375,323,1.0
605,376,193,0.058823529411764705
606,377,41,0.008
607,377,1404,1.0
608,378,324,0.25
609,379,325,0.25
610,380,326,0.5
611,381,327,1.0
612,381,879,0.5
613,381,1049,0.5
614,382,328,0.5
615,382,837,0.3333333333333333
616,383,127,0.25
617,383,330,0.3333333333333333
618,384,331,0.3333333333333333
619,384,871,1.0
620,384,1272,0.5
621,385,332,1.0
622,386,333,1.0
623,386,742,0.25
624,387,334,1.0
625,388,335,1.0
626,389,154,0.5
627,390,336,1.0
628,391,337,1.0
629,392,338,1.0
630,393,339,0.5
631,393,1023,0.5
632,394,340,0.047619047619047616
633,394,583,0.3333333333333333
634,395,341,0.5
635,396,16,0.043478260869565216
636,397,342,1.0
637,398,343,0.5
638,399,344,1.0
639,400,345,1.0
640,401,346,0.3333333333333333
641,402,347,0.5
642,403,348,0.5
643,404,349,1.0
644,405,350,0.5
645,405,398,0.3333333333333333
646,406,41,0.008
647,406,351,1.0
648,406,1307,0.3333333333333333
649,407,352,1.0
650,408,354,1.0
651,409,355,0.5
652,410,356,0.5
653,411,357,1.0
654,412,358,1.0
655,413,359,1.0
656,413,862,1.0
657,414,360,1.0
658,415,195,0.2
659,416,362,0.25
660,416,616,1.0
661,416,796,0.3333333333333333
662,417,363,0.5
663,418,27,0.07142857142857142
664,419,127,0.25
665,420,365,1.0
666,420,870,1.0
667,421,366,0.5
668,422,367,1.0
669,422,1523,1.0
670,423,368,1.0
671,424,51,0.2
672,424,369,1.0
673,424,1029,1.0
674,425,370,1.0
675,425,1712,1.0
676,426,41,0.008
677,426,371,0.5
678,427,372,1.0
679,428,41,0.008
680,428,1617,1.0
681,429,373,1.0
682,430,374,1.0
683,431,375,0.5
684,431,786,0.5
685,432,376,0.5
686,433,41,0.008
687,433,377,1.0
688,433,1154,1.0
689,434,378,1.0
690,435,379,0.3333333333333333
691,436,380,1.0
692,437,382,1.0
693,438,383,1.0
694,439,384,0.5
695,439,1594,1.0
696,440,385,1.0
697,441,386,1.0
698,442,388,1.0
699,443,41,0.008
700,443,1644,0.5
701,444,389,0.3333333333333333
702,445,153,0.3333333333333333
703,446,390,1.0
704,447,391,1.0
705,448,392,0.5
706,448,1212,0.3333333333333333
707,449,393,0.5
708,449,1311,1.0
709,450,394,1.0
710,451,220,0.3333333333333333
711,452,11,0.5
712,453,340,0.047619047619047616
713,453,395,1.0
714,454,396,0.5
715,454,1537,1.0
716,455,41,0.008
717,455,1129,0.3333333333333333
718,456,22,0.3333333333333333
719,457,355,0.5
720,458,304,0.125
721,459,397,1.0
722,459,1260,0.25
723,460,398,0.3333333333333333
724,461,41,0.008
725,461,1482,1.0
726,462,15,0.2
727,462,212,0.07692307692307693
728,462,493,0.5
729,463,214,0.5
730,464,400,0.3333333333333333
731,465,401,1.0
732,466,134,0.1111111111111111
733,467,134,0.1111111111111111
734,467,402,1.0
735,468,48,0.16666666666666666
736,469,404,0.5
737,469,886,0.25
738,470,274,0.5
739,471,405,1.0
740,472,406,1.0
741,473,407,0.25
742,474,408,1.0
743,475,73,0.3333333333333333
744,475,379,0.3333333333333333
745,475,640,0.25
746,475,928,1.0
747,476,409,0.5
748,476,1394,1.0
749,477,410,0.5
750,478,41,0.008
751,478,76,0.5
752,479,411,0.5
753,480,41,0.008
754,480,650,0.5
755,481,326,0.5
756,481,412,0.3333333333333333
757,482,413,1.0
758,482,626,0.3333333333333333
759,483,9,0.125
760,483,414,1.0
761,484,41,0.008
762,484,1716,0.5
763,485,415,1.0
764,485,1586,1.0
765,486,416,1.0
766,486,1062,0.16666666666666666
767,487,417,1.0
768,488,418,1.0
769,489,419,0.5
770,490,325,0.25
771,490,474,1.0
772,491,421,1.0
773,492,422,1.0
774,492,1040,1.0
775,493,364,0.25
776,493,423,0.16666666666666666
777,493,1403,1.0
778,494,99,0.5
779,495,80,0.2
780,496,286,0.3333333333333333
781,497,424,0.3333333333333333
782,498,425,1.0
783,498,632,1.0
784,498,901,1.0
785,499,426,0.5
786,499,1496,0.3333333333333333
787,499,1654,1.0
788,500,427,0.5
789,501,41,0.008
790,501,340,0.047619047619047616
791,501,468,0.3333333333333333
792,501,921,0.3333333333333333
793,502,428,1.0
794,503,41,0.008
795,504,429,0.5
796,505,430,0.5
797,506,379,0.3333333333333333
798,506,1047,0.5
799,507,431,0.3333333333333333
800,507,439,0.5
801,507,598,0.5
802,508,41,0.008
803,509,432,0.3333333333333333
804,509,1242,1.0
805,510,433,0.3333333333333333
806,511,36,0.3333333333333333
807,511,434,1.0
808,511,1173,1.0
809,511,1263,0.3333333333333333
810,512,435,1.0
811,513,436,0.5
812,514,437,1.0
813,515,16,0.043478260869565216
814,515,438,0.3333333333333333
815,516,96,0.2
816,516,440,0.3333333333333333
817,516,1713,1.0
818,517,441,1.0
819,518,442,1.0
820,519,220,0.3333333333333333
821,520,41,0.008
822,520,443,0.5
823,520,648,0.5
824,521,444,0.5
825,522,445,1.0
826,522,602,1.0
827,523,446,0.25
828,524,447,0.3333333333333333
829,524,1588,1.0
830,525,448,1.0
831,526,449,1.0
832,526,1052,0.5
833,527,451,1.0
834,527,941,0.5
835,528,452,1.0
836,529,453,0.3333333333333333
837,529,1652,1.0
838,530,41,0.008
839,531,52,0.07692307692307693
840,532,454,1.0
841,533,455,1.0
842,534,40,0.09090909090909091
843,534,456,1.0
844,535,457,1.0
845,536,27,0.07142857142857142
846,536,458,1.0
847,537,459,1.0
848,537,786,0.5
849,538,27,0.07142857142857142
850,539,460,0.5
851,540,461,0.5
852,541,244,0.5
853,541,462,0.3333333333333333
854,541,698,1.0
855,542,463,0.5
856,543,464,0.5
857,544,465,0.5
858,544,619,0.5
859,544,1380,1.0
860,545,466,0.5
861,546,467,1.0
862,547,280,0.5
863,547,469,0.5
864,547,1541,1.0
865,548,16,0.043478260869565216
866,549,470,1.0
867,550,471,1.0
868,550,1328,1.0
869,550,1504,0.5
870,551,346,0.3333333333333333
871,552,472,1.0
872,553,473,1.0
873,554,41,0.008
874,554,549,0.3333333333333333
875,555,317,0.3333333333333333
876,556,475,1.0
877,557,476,0.25
878,557,1691,1.0
879,558,477,0.3333333333333333
880,558,1060,1.0
881,558,1077,0.3333333333333333
882,559,314,0.3333333333333333
883,559,478,1.0
884,559,1473,0.5
885,560,47,0.3333333333333333
886,560,479,0.5
887,561,480,0.5
888,562,481,1.0
889,563,482,0.5
890,564,483,1.0
891,565,50,0.3333333333333333
892,565,265,0.5
893,566,9,0.125
894,566,16,0.043478260869565216
895,566,832,0.5
896,567,484,1.0
897,568,212,0.07692307692307693
898,568,485,0.5
899,568,608,0.3333333333333333
900,569,486,1.0
901,570,23,0.5
902,570,109,0.3333333333333333
903,570,212,0.07692307692307693
904,571,487,0.3333333333333333
905,572,488,1.0
906,573,325,0.25
907,574,489,1.0
908,575,491,1.0
909,575,1763,1.0
910,576,212,0.07692307692307693
911,577,492,1.0
912,578,493,0.5
913,578,1018,1.0
914,579,494,1.0
915,580,121,0.2
916,580,495,1.0
917,581,168,0.5
918,582,283,0.3333333333333333
919,583,497,0.2
920,583,947,0.5
921,584,498,1.0
922,584,559,0.5
923,584,1344,1.0
924,585,499,0.5
925,586,500,1.0
926,587,502,1.0
927,588,100,0.3333333333333333
928,588,409,0.5
929,589,505,1.0
930,589,1330,1.0
931,590,506,1.0
932,591,507,0.5
933,592,508,1.0
934,592,730,1.0
935,593,509,0.3333333333333333
936,594,510,1.0
937,595,16,0.043478260869565216
938,595,216,0.5
939,596,512,1.0
940,597,513,0.25
941,597,1534,0.5
942,598,514,1.0
943,599,515,0.3333333333333333
944,599,986,0.5
945,600,516,1.0
946,601,518,1.0
947,601,1516,0.5
948,602,519,1.0
949,603,520,0.5
950,604,271,0.25
951,605,340,0.047619047619047616
952,606,521,0.5
953,607,522,1.0
954,608,523,0.2
955,609,524,1.0
956,610,248,0.3333333333333333
957,611,525,0.5
958,612,201,0.5
959,612,501,0.2
960,613,526,0.3333333333333333
961,614,7,0.3333333333333333
962,615,527,1.0
963,616,528,0.25
964,617,529,0.5
965,618,530,0.3333333333333333
966,619,366,0.5
967,620,531,0.5
968,620,842,1.0
969,621,532,1.0
970,622,476,0.25
971,622,533,0.5
972,623,534,1.0
973,623,1135,1.0
974,624,535,0.09090909090909091
975,625,536,1.0
976,626,537,1.0
977,626,1167,1.0
978,627,41,0.008
979,627,538,0.5
980,627,1191,1.0
981,628,340,0.047619047619047616
982,628,539,1.0
983,629,540,1.0
984,630,193,0.058823529411764705
985,631,193,0.058823529411764705
986,632,541,1.0
987,633,279,0.5
988,634,362,0.25
989,635,542,1.0
990,635,800,1.0
991,636,543,1.0
992,636,1241,1.0
993,637,544,1.0
994,638,546,0.5
995,639,400,0.3333333333333333
996,640,547,1.0
997,641,548,0.5
998,641,1563,1.0
999,642,549,0.3333333333333333
1000,643,550,1.0
1001,643,1364,1.0
1002,644,304,0.125
1003,645,529,0.5
1004,645,1291,0.3333333333333333
1005,646,150,0.2
1006,646,734,1.0
1007,647,551,0.2
1008,647,1263,0.3333333333333333
1009,648,523,0.2
1010,648,552,0.5
1011,649,41,0.008
1012,650,553,1.0
1013,651,554,0.3333333333333333
1014,652,340,0.047619047619047616
1015,653,27,0.07142857142857142
1016,654,52,0.07692307692307693
1017,655,555,1.0
1018,656,137,0.2
1019,657,556,1.0
1020,658,557,1.0
1021,659,558,0.25
1022,660,438,0.3333333333333333
1023,661,560,0.5
1024,662,52,0.07692307692307693
1025,663,41,0.008
1026,664,561,0.5
1027,664,766,1.0
1028,664,1307,0.3333333333333333
1029,665,562,1.0
1030,665,1449,1.0
1031,666,90,0.14285714285714285
1032,667,563,1.0
1033,668,564,1.0
1034,669,565,1.0
1035,670,566,1.0
1036,671,41,0.008
1037,672,567,0.5
1038,673,80,0.2
1039,673,568,1.0
1040,674,423,0.16666666666666666
1041,674,927,0.5
1042,675,569,1.0
1043,676,570,0.16666666666666666
1044,676,915,0.09090909090909091
1045,677,571,1.0
1046,677,1203,1.0
1047,678,573,1.0
1048,679,574,1.0
1049,679,795,1.0
1050,680,575,1.0
1051,680,846,1.0
1052,681,576,1.0
1053,681,920,0.3333333333333333
1054,681,1240,1.0
1055,682,577,0.5
1056,683,578,1.0
1057,684,579,1.0
1058,685,580,1.0
1059,686,581,1.0
1060,687,283,0.3333333333333333
1061,688,145,0.3333333333333333
1062,688,328,0.5
1063,689,582,0.25
1064,689,1505,1.0
1065,690,584,1.0
1066,691,340,0.047619047619047616
1067,692,134,0.1111111111111111
1068,692,585,1.0
1069,693,586,1.0
1070,694,588,0.25
1071,694,956,0.5
1072,694,1181,1.0
1073,695,589,1.0
1074,696,90,0.14285714285714285
1075,697,407,0.25
1076,698,590,1.0
1077,699,591,0.3333333333333333
1078,700,592,0.5
1079,701,558,0.25
1080,702,340,0.047619047619047616
1081,702,1208,0.5
1082,702,1728,1.0
1083,703,41,0.008
1084,703,87,0.5
1085,704,41,0.008
1086,705,594,0.07692307692307693
1087,706,71,0.25
1088,707,595,0.3333333333333333
1089,708,596,0.5
1090,709,597,0.5
1091,710,599,1.0
1092,710,1354,1.0
1093,711,600,1.0
1094,712,601,1.0
1095,713,426,0.5
1096,713,614,0.5
1097,714,603,1.0
1098,714,1399,0.5
1099,715,605,1.0
1100,716,606,1.0
1101,717,101,0.25
1102,717,304,0.125
1103,717,746,0.25
1104,718,607,1.0
1105,719,453,0.3333333333333333
1106,719,1166,1.0
1107,720,608,0.3333333333333333
1108,720,1222,0.3333333333333333
1109,721,609,1.0
1110,722,612,1.0
1111,723,613,1.0
1112,724,614,0.5
1113,724,1251,1.0
1114,725,615,1.0
1115,726,594,0.07692307692307693
1116,726,644,0.5
1117,727,92,0.25
1118,727,935,0.25
1119,728,617,0.3333333333333333
1120,729,56,0.3333333333333333
1121,729,250,0.3333333333333333
1122,730,41,0.008
1123,730,1348,1.0
1124,731,619,0.5
1125,732,620,1.0
1126,733,115,0.2
1127,733,621,0.25
1128,734,622,1.0
1129,735,623,1.0
1130,736,627,0.5
1131,737,628,0.5
1132,738,629,1.0
1133,739,304,0.125
1134,739,469,0.5
1135,739,526,0.3333333333333333
1136,739,549,0.3333333333333333
1137,739,1245,1.0
1138,740,551,0.2
1139,740,1279,1.0
1140,741,324,0.25
1141,741,630,1.0
1142,742,631,1.0
1143,743,633,0.5
1144,743,1303,0.5
1145,744,634,1.0
1146,745,635,0.5
1147,745,639,0.25
1148,745,702,0.5
1149,746,636,0.5
1150,746,651,0.5
1151,746,1446,0.3333333333333333
1152,747,156,0.5
1153,748,637,1.0
1154,749,638,0.5
1155,750,639,0.25
1156,750,1120,0.25
1157,751,640,0.25
1158,752,642,0.5
1159,753,322,0.3333333333333333
1160,753,643,0.5
1161,754,644,0.5
1162,754,1219,1.0
1163,755,645,1.0
1164,755,876,1.0
1165,755,1176,1.0
1166,756,646,1.0
1167,757,121,0.2
1168,757,314,0.3333333333333333
1169,757,809,0.25
1170,758,647,1.0
1171,759,648,0.5
1172,760,649,1.0
1173,760,1688,1.0
1174,761,271,0.25
1175,762,57,0.3333333333333333
1176,763,652,1.0
1177,764,139,0.08333333333333333
1178,764,653,1.0
1179,764,1612,0.5
1180,765,654,0.3333333333333333
1181,766,655,0.5
1182,766,998,0.2
1183,766,1524,1.0
1184,767,193,0.058823529411764705
1185,768,656,1.0
1186,769,655,0.5
1187,770,41,0.008
1188,770,490,0.3333333333333333
1189,770,866,0.3333333333333333
1190,771,657,1.0
1191,772,658,1.0
1192,772,1022,0.5
1193,773,659,1.0
1194,773,1613,1.0
1195,774,594,0.07692307692307693
1196,774,660,0.5
1197,775,661,1.0
1198,775,915,0.09090909090909091
1199,776,663,0.5
1200,776,1573,1.0
1201,777,664,1.0
1202,778,665,0.5
1203,778,674,0.5
1204,779,667,1.0
1205,780,84,0.5
1206,781,669,0.5
1207,781,704,0.3333333333333333
1208,782,10,0.5
1209,782,284,0.3333333333333333
1210,782,834,0.5
1211,782,963,0.5
1212,783,671,0.3333333333333333
1213,784,672,1.0
1214,785,673,0.3333333333333333
1215,786,675,1.0
1216,786,1047,0.5
1217,786,1661,1.0
1218,787,676,0.5
1219,787,1225,1.0
1220,788,677,1.0
1221,789,96,0.2
1222,790,678,1.0
1223,790,1028,1.0
1224,791,679,0.5
1225,792,511,0.2
1226,792,806,1.0
1227,792,1657,1.0
1228,793,680,1.0
1229,794,681,1.0
1230,794,796,0.3333333333333333
1231,795,139,0.08333333333333333
1232,795,682,1.0
1233,796,375,0.5
1234,796,683,0.5
1235,797,684,1.0
1236,798,41,0.008
1237,799,594,0.07692307692307693
1238,800,685,1.0
1239,801,686,1.0
1240,802,687,0.5
1241,803,212,0.07692307692307693
1242,804,515,0.3333333333333333
1243,804,689,1.0
1244,804,769,1.0
1245,805,690,0.5
1246,806,640,0.25
1247,806,1422,1.0
1248,807,41,0.008
1249,808,691,1.0
1250,809,393,0.5
1251,809,885,0.3333333333333333
1252,809,1531,1.0
1253,810,621,0.25
1254,811,41,0.008
1255,811,693,1.0
1256,812,41,0.008
1257,813,694,1.0
1258,814,169,0.3333333333333333
1259,814,817,1.0
1260,814,1162,0.5
1261,815,419,0.5
1262,816,41,0.008
1263,816,695,1.0
1264,817,126,0.3333333333333333
1265,818,696,1.0
1266,819,27,0.07142857142857142
1267,819,212,0.07692307692307693
1268,820,181,0.3333333333333333
1269,821,41,0.008
1270,821,177,0.5
1271,822,697,1.0
1272,823,699,1.0
1273,824,39,0.3333333333333333
1274,824,700,1.0
1275,825,193,0.058823529411764705
1276,826,701,1.0
1277,827,702,0.5
1278,828,703,1.0
1279,828,1426,1.0
1280,828,1636,1.0
1281,829,704,0.3333333333333333
1282,830,705,1.0
1283,831,706,1.0
1284,832,707,1.0
1285,833,708,0.25
1286,833,776,0.3333333333333333
1287,833,1305,1.0
1288,834,197,0.2
1289,835,134,0.1111111111111111
1290,835,839,0.5
1291,836,509,0.3333333333333333
1292,836,1396,1.0
1293,837,709,1.0
1294,838,710,1.0
1295,838,726,0.5
1296,839,711,0.5
1297,840,714,0.5
1298,841,715,1.0
1299,842,232,0.25
1300,842,476,0.25
1301,842,716,1.0
1302,842,1101,0.5
1303,843,240,0.5
1304,843,1370,1.0
1305,844,717,0.5
1306,845,718,1.0
1307,846,560,0.5
1308,846,1107,0.5
1309,847,302,0.5
1310,847,719,1.0
1311,848,720,1.0
1312,849,721,1.0
1313,850,722,0.5
1314,850,958,1.0
1315,851,297,0.5
1316,852,340,0.047619047619047616
1317,853,16,0.043478260869565216
1318,854,723,1.0
1319,854,860,0.5
1320,854,1104,0.3333333333333333
1321,854,1481,1.0
1322,855,724,1.0
1323,856,725,0.2
1324,857,727,0.5
1325,857,736,1.0
1326,858,728,1.0
1327,858,1215,1.0
1328,859,731,0.5
1329,860,41,0.008
1330,861,708,0.25
1331,861,732,0.5
1332,862,733,1.0
1333,863,143,0.2
1334,863,501,0.2
1335,864,735,0.5
1336,865,738,1.0
1337,866,558,0.25
1338,866,739,0.5
1339,867,212,0.07692307692307693
1340,867,740,1.0
1341,868,742,0.25
1342,869,743,1.0
1343,869,767,0.5
1344,870,162,0.5
1345,870,591,0.3333333333333333
1346,870,837,0.3333333333333333
1347,870,1365,1.0
1348,871,530,0.3333333333333333
1349,872,745,1.0
1350,873,41,0.008
1351,873,638,0.5
1352,873,1658,1.0
1353,874,722,0.5
1354,875,747,1.0
1355,876,748,0.5
1356,876,815,1.0
1357,877,535,0.09090909090909091
1358,878,749,0.5
1359,879,750,0.5
1360,879,1182,1.0
1361,880,751,1.0
1362,881,752,1.0
1363,881,1005,0.5
1364,881,1355,1.0
1365,881,1532,0.5
1366,881,1769,1.0
1367,882,139,0.08333333333333333
1368,882,753,1.0
1369,883,754,1.0
1370,884,755,1.0
1371,885,40,0.09090909090909091
1372,885,511,0.2
1373,886,389,0.3333333333333333
1374,886,756,1.0
1375,887,757,1.0
1376,887,1542,0.5
1377,888,758,1.0
1378,889,54,0.5
1379,889,477,0.3333333333333333
1380,890,759,1.0
1381,891,760,0.5
1382,892,761,0.5
1383,893,762,1.0
1384,894,224,0.3333333333333333
1385,894,763,0.5
1386,895,764,0.5
1387,896,765,0.5
1388,896,1256,1.0
1389,897,41,0.008
1390,898,768,1.0
1391,899,202,0.25
1392,900,770,0.5
1393,900,1610,0.5
1394,901,639,0.25
1395,901,764,0.5
1396,902,771,0.5
1397,903,773,0.5
1398,904,774,1.0
1399,905,775,1.0
1400,906,41,0.008
1401,907,777,1.0
1402,908,778,0.3333333333333333
1403,909,41,0.008
1404,910,779,1.0
1405,911,780,1.0
1406,912,423,0.16666666666666666
1407,913,781,0.5
1408,914,782,1.0
1409,915,783,1.0
1410,916,784,1.0
1411,917,785,1.0
1412,918,787,1.0
1413,919,788,1.0
1414,920,51,0.2
1415,920,57,0.3333333333333333
1416,920,789,1.0
1417,921,251,0.5
1418,922,438,0.3333333333333333
1419,923,790,1.0
1420,924,12,0.5
1421,925,791,1.0
1422,926,161,0.25
1423,927,595,0.3333333333333333
1424,928,551,0.2
1425,928,792,1.0
1426,928,1043,1.0
1427,929,793,1.0
1428,930,794,1.0
1429,931,252,0.3333333333333333
1430,932,797,0.3333333333333333
1431,933,798,0.3333333333333333
1432,934,224,0.3333333333333333
1433,934,898,0.5
1434,935,799,0.3333333333333333
1435,936,801,1.0
1436,937,802,1.0
1437,938,725,0.2
1438,939,803,0.5
1439,940,805,0.5
1440,941,807,0.3333333333333333
1441,941,1055,1.0
1442,942,808,0.5
1443,942,835,0.14285714285714285
1444,943,501,0.2
1445,944,810,1.0
1446,945,811,1.0
1447,946,714,0.5
1448,947,812,0.5
1449,947,1585,1.0
1450,948,679,0.5
1451,949,453,0.3333333333333333
1452,950,27,0.07142857142857142
1453,951,41,0.008
1454,952,443,0.5
1455,952,1486,1.0
1456,953,813,1.0
1457,953,960,1.0
1458,954,814,1.0
1459,955,725,0.2
1460,956,816,1.0
1461,957,439,0.5
1462,957,523,0.2
1463,957,1088,1.0
1464,958,818,1.0
1465,959,324,0.25
1466,960,431,0.3333333333333333
1467,960,1716,0.5
1468,961,819,0.5
1469,961,1229,1.0
1470,962,423,0.16666666666666666
1471,963,820,1.0
1472,964,133,0.5
1473,964,821,0.25
1474,965,822,0.5
1475,966,823,1.0
1476,967,824,1.0
1477,968,825,1.0
1478,969,826,0.3333333333333333
1479,970,827,1.0
1480,971,340,0.047619047619047616
1481,972,561,0.5
1482,973,828,0.25
1483,974,528,0.25
1484,975,331,0.3333333333333333
1485,976,212,0.07692307692307693
1486,976,669,0.5
1487,976,1121,1.0
1488,977,340,0.047619047619047616
1489,978,829,1.0
1490,979,222,0.25
1491,980,41,0.008
1492,980,538,0.5
1493,981,830,1.0
1494,982,831,1.0
1495,982,1641,1.0
1496,983,594,0.07692307692307693
1497,984,832,0.5
1498,984,971,0.5
1499,985,290,0.3333333333333333
1500,985,834,0.5
1501,986,169,0.3333333333333333
1502,987,535,0.09090909090909091
1503,988,835,0.14285714285714285
1504,989,836,1.0
1505,990,497,0.2
1506,991,41,0.008
1507,992,295,0.3333333333333333
1508,992,430,0.5
1509,993,838,0.5
1510,993,1677,1.0
1511,994,48,0.16666666666666666
1512,994,980,1.0
1513,995,93,0.125
1514,995,339,0.5
1515,996,35,0.3333333333333333
1516,996,1434,0.5
1517,997,840,1.0
1518,998,841,1.0
1519,999,843,1.0
1520,1000,343,0.5
1521,1000,844,1.0
1522,1000,1353,0.5
1523,1001,41,0.008
1524,1001,845,0.5
1525,1002,197,0.2
1526,1003,626,0.3333333333333333
1527,1003,1385,0.5
1528,1004,826,0.3333333333333333
1529,1004,848,1.0
1530,1004,1629,1.0
1531,1004,1743,1.0
1532,1005,849,1.0
1533,1006,850,1.0
1534,1007,41,0.008
1535,1007,851,1.0
1536,1008,88,0.5
1537,1008,896,0.5
1538,1008,1519,1.0
1539,1009,340,0.047619047619047616
1540,1010,809,0.25
1541,1011,852,1.0
1542,1012,853,1.0
1543,1012,1272,0.5
1544,1013,477,0.3333333333333333
1545,1014,854,1.0
1546,1015,855,1.0
1547,1016,856,0.5
1548,1017,41,0.008
1549,1018,671,0.3333333333333333
1550,1018,857,0.5
1551,1018,1285,1.0
1552,1019,462,0.3333333333333333
1553,1020,859,1.0
1554,1020,1253,1.0
1555,1020,1517,1.0
1556,1021,861,1.0
1557,1022,863,0.3333333333333333
1558,1022,907,0.5
1559,1023,546,0.5
1560,1023,864,1.0
1561,1023,1201,0.3333333333333333
1562,1023,1746,1.0
1563,1024,865,1.0
1564,1025,866,0.3333333333333333
1565,1026,174,0.2
1566,1026,213,0.5
1567,1027,583,0.3333333333333333
1568,1028,179,0.25
1569,1029,867,0.5
1570,1030,221,0.5
1571,1031,412,0.3333333333333333
1572,1031,868,1.0
1573,1031,1737,1.0
1574,1032,809,0.25
1575,1033,872,1.0
1576,1034,873,1.0
1577,1035,874,1.0
1578,1036,877,1.0
1579,1036,1169,1.0
1580,1037,199,0.16666666666666666
1581,1038,878,0.5
1582,1039,879,0.5
1583,1040,880,0.5
1584,1041,193,0.058823529411764705
1585,1041,881,0.5
1586,1041,1153,1.0
1587,1042,882,1.0
1588,1043,883,1.0
1589,1044,884,0.3333333333333333
1590,1045,528,0.25
1591,1045,885,0.3333333333333333
1592,1046,41,0.008
1593,1046,482,0.5
1594,1046,1719,1.0
1595,1047,887,1.0
1596,1048,888,1.0
1597,1049,167,0.3333333333333333
1598,1050,889,0.5
1599,1051,890,1.0
1600,1052,891,1.0
1601,1053,892,1.0
1602,1054,893,1.0
1603,1055,894,1.0
1604,1056,305,0.5
1605,1057,897,0.5
1606,1058,899,1.0
1607,1059,900,1.0
1608,1059,912,1.0
1609,1060,41,0.008
1610,1060,463,0.5
1611,1060,961,0.5
1612,1061,903,1.0
1613,1062,16,0.043478260869565216
1614,1063,160,0.3333333333333333
1615,1063,316,0.25
1616,1064,905,0.5
1617,1065,313,0.5
1618,1066,906,1.0
1619,1067,249,0.125
1620,1068,193,0.058823529411764705
1621,1069,431,0.3333333333333333
1622,1069,907,0.5
1623,1070,654,0.3333333333333333
1624,1071,908,1.0
1625,1072,909,0.5
1626,1072,986,0.5
1627,1073,910,1.0
1628,1074,911,1.0
1629,1075,146,0.3333333333333333
1630,1076,65,0.5
1631,1077,913,1.0
1632,1078,914,0.2
1633,1079,533,0.5
1634,1080,199,0.16666666666666666
1635,1081,916,1.0
1636,1082,917,1.0
1637,1083,918,1.0
1638,1084,919,1.0
1639,1085,304,0.125
1640,1085,1122,0.5
1641,1086,920,0.3333333333333333
1642,1087,16,0.043478260869565216
1643,1087,570,0.16666666666666666
1644,1088,98,0.5
1645,1088,922,0.5
1646,1088,1155,0.5
1647,1089,316,0.25
1648,1090,90,0.14285714285714285
1649,1091,525,0.5
1650,1092,923,1.0
1651,1093,513,0.25
1652,1094,432,0.3333333333333333
1653,1094,924,1.0
1654,1095,497,0.2
1655,1096,485,0.5
1656,1097,732,0.5
1657,1097,925,0.3333333333333333
1658,1097,1220,0.5
1659,1098,143,0.2
1660,1098,857,0.5
1661,1098,915,0.09090909090909091
1662,1099,927,0.5
1663,1099,1402,1.0
1664,1100,41,0.008
1665,1101,676,0.5
1666,1102,929,1.0
1667,1103,930,1.0
1668,1104,931,1.0
1669,1105,134,0.1111111111111111
1670,1105,582,0.25
1671,1105,932,0.5
1672,1106,296,0.5
1673,1107,255,0.5
1674,1108,55,0.5
1675,1108,535,0.09090909090909091
1676,1109,934,1.0
1677,1110,935,0.25
1678,1110,1071,1.0
1679,1111,936,1.0
1680,1111,1013,1.0
1681,1112,937,0.5
1682,1113,41,0.008
1683,1114,461,0.5
1684,1114,940,1.0
1685,1115,27,0.07142857142857142
1686,1116,247,0.5
1687,1116,1289,0.5
1688,1117,942,1.0
1689,1118,727,0.5
1690,1118,1542,0.5
1691,1119,39,0.3333333333333333
1692,1120,363,0.5
1693,1121,943,1.0
1694,1121,1062,0.16666666666666666
1695,1122,944,1.0
1696,1122,1341,1.0
1697,1123,945,1.0
1698,1124,187,0.3333333333333333
1699,1125,947,0.5
1700,1125,1666,1.0
1701,1126,660,0.5
1702,1127,147,0.3333333333333333
1703,1128,535,0.09090909090909091
1704,1128,948,1.0
1705,1129,949,1.0
1706,1130,950,1.0
1707,1130,1518,1.0
1708,1130,1640,1.0
1709,1131,951,1.0
1710,1132,952,1.0
1711,1133,28,0.3333333333333333
1712,1133,955,1.0
1713,1134,237,0.5
1714,1134,957,1.0
1715,1135,170,0.3333333333333333
1716,1136,797,0.3333333333333333
1717,1137,959,1.0
1718,1138,963,0.5
1719,1139,964,1.0
1720,1140,663,0.5
1721,1140,965,0.5
1722,1141,966,0.5
1723,1141,1485,1.0
1724,1142,967,0.5
1725,1143,968,1.0
1726,1144,621,0.25
1727,1145,551,0.2
1728,1145,969,0.3333333333333333
1729,1145,1186,1.0
1730,1146,807,0.3333333333333333
1731,1147,40,0.09090909090909091
1732,1148,91,0.5
1733,1148,970,0.3333333333333333
1734,1149,971,0.5
1735,1149,1589,1.0
1736,1150,973,1.0
1737,1151,41,0.008
1738,1152,316,0.25
1739,1153,974,0.3333333333333333
1740,1154,975,1.0
1741,1155,41,0.008
1742,1156,976,1.0
1743,1156,1063,1.0
1744,1157,977,1.0
1745,1158,978,1.0
1746,1159,175,0.3333333333333333
1747,1160,41,0.008
1748,1160,1129,0.3333333333333333
1749,1161,880,0.5
1750,1162,429,0.5
1751,1162,982,1.0
1752,1163,983,1.0
1753,1164,970,0.3333333333333333
1754,1164,984,1.0
1755,1165,985,0.3333333333333333
1756,1166,144,0.3333333333333333
1757,1167,987,1.0
1758,1167,1192,0.5
1759,1167,1765,1.0
1760,1168,193,0.058823529411764705
1761,1168,1715,1.0
1762,1169,988,1.0
1763,1170,989,1.0
1764,1170,1038,1.0
1765,1171,990,1.0
1766,1172,249,0.125
1767,1172,991,0.25
1768,1173,991,0.25
1769,1174,992,0.5
1770,1175,713,0.5
1771,1176,993,1.0
1772,1177,994,1.0
1773,1177,1015,0.3333333333333333
1774,1177,1091,1.0
1775,1178,995,1.0
1776,1179,996,1.0
1777,1179,1463,1.0
1778,1179,1755,1.0
1779,1180,915,0.09090909090909091
1780,1181,828,0.25
1781,1182,41,0.008
1782,1183,997,1.0
1783,1184,998,0.2
1784,1184,1034,0.3333333333333333
1785,1185,476,0.25
1786,1185,999,1.0
1787,1186,1000,0.5
1788,1187,1001,1.0
1789,1188,252,0.3333333333333333
1790,1188,1002,1.0
1791,1189,1003,0.3333333333333333
1792,1190,1004,1.0
1793,1191,1006,0.5
1794,1192,1007,1.0
1795,1193,149,0.5
1796,1194,1008,1.0
1797,1194,1446,0.3333333333333333
1798,1195,90,0.14285714285714285
1799,1195,248,0.3333333333333333
1800,1195,330,0.3333333333333333
1801,1195,1472,0.5
1802,1196,1009,1.0
1803,1197,16,0.043478260869565216
1804,1198,340,0.047619047619047616
1805,1198,1010,1.0
1806,1199,1011,1.0
1807,1199,1565,1.0
1808,1200,1012,0.5
1809,1201,1014,1.0
1810,1202,1016,1.0
1811,1203,1017,1.0
1812,1204,41,0.008
1813,1205,432,0.3333333333333333
1814,1205,969,0.3333333333333333
1815,1206,1019,1.0
1816,1207,1020,1.0
1817,1208,641,0.5
1818,1208,1021,1.0
1819,1209,1024,0.5
1820,1210,1025,1.0
1821,1211,85,0.25
1822,1212,608,0.3333333333333333
1823,1212,1026,1.0
1824,1213,1027,1.0
1825,1214,396,0.5
1826,1215,52,0.07692307692307693
1827,1216,1030,1.0
1828,1217,1031,0.5
1829,1218,1032,1.0
1830,1218,1132,1.0
1831,1219,1033,1.0
1832,1220,1035,1.0
1833,1221,1036,1.0
1834,1221,1521,1.0
1835,1222,1037,0.5
1836,1223,1023,0.5
1837,1224,295,0.3333333333333333
1838,1225,205,0.25
1839,1226,115,0.2
1840,1227,45,0.25
1841,1227,90,0.14285714285714285
1842,1228,1041,1.0
1843,1229,1042,1.0
1844,1230,340,0.047619047619047616
1845,1230,410,0.5
1846,1231,914,0.2
1847,1232,1044,1.0
1848,1233,1045,1.0
1849,1234,1046,0.5
1850,1235,1048,1.0
1851,1236,85,0.25
1852,1237,1049,0.5
1853,1237,1710,1.0
1854,1238,17,0.5
1855,1239,559,0.5
1856,1239,627,0.5
1857,1240,1050,0.5
1858,1241,1051,1.0
1859,1242,83,0.5
1860,1242,1052,0.5
1861,1243,583,0.3333333333333333
1862,1243,1053,0.5
1863,1244,340,0.047619047619047616
1864,1245,1054,1.0
1865,1246,290,0.3333333333333333
1866,1247,1056,1.0
1867,1247,1498,1.0
1868,1248,1057,1.0
1869,1249,126,0.3333333333333333
1870,1249,1058,1.0
1871,1250,914,0.2
1872,1251,340,0.047619047619047616
1873,1252,1059,1.0
1874,1253,340,0.047619047619047616
1875,1253,1184,0.5
1876,1254,746,0.25
1877,1255,340,0.09523809523809523
1878,1256,16,0.043478260869565216
1879,1256,310,0.5
1880,1257,1061,0.5
1881,1258,93,0.125
1882,1259,1064,1.0
1883,1260,1065,0.3333333333333333
1884,1261,276,0.2
1885,1262,1066,0.2
1886,1263,1068,1.0
1887,1264,48,0.16666666666666666
1888,1264,1069,1.0
1889,1264,1466,0.5
1890,1264,1506,1.0
1891,1265,633,0.5
1892,1265,1729,1.0
1893,1266,497,0.2
1894,1266,1466,0.5
1895,1267,161,0.25
1896,1267,462,0.3333333333333333
1897,1268,1070,0.5
1898,1269,41,0.008
1899,1270,1072,1.0
1900,1271,1073,0.5
1901,1271,1302,1.0
1902,1272,1074,1.0
1903,1273,1075,0.5
1904,1273,1257,0.5
1905,1274,746,0.25
1906,1275,51,0.2
1907,1275,1549,1.0
1908,1276,1076,1.0
1909,1277,520,0.5
1910,1278,1077,0.3333333333333333
1911,1278,1557,0.5
1912,1279,969,0.3333333333333333
1913,1279,1478,1.0
1914,1280,1078,0.5
1915,1280,1601,1.0
1916,1281,1079,1.0
1917,1282,108,0.25
1918,1283,1080,1.0
1919,1284,95,0.5
1920,1284,1081,1.0
1921,1285,1082,1.0
1922,1286,760,0.5
1923,1286,1633,1.0
1924,1287,276,0.2
1925,1287,1083,1.0
1926,1287,1104,0.3333333333333333
1927,1288,371,0.5
1928,1288,1084,1.0
1929,1289,1085,1.0
1930,1290,1086,1.0
1931,1291,1087,1.0
1932,1291,1345,0.5
1933,1292,773,0.5
1934,1293,96,0.2
1935,1294,1089,1.0
1936,1295,828,0.25
1937,1295,1090,1.0
1938,1296,407,0.25
1939,1297,41,0.008
1940,1298,1092,1.0
1941,1299,1093,1.0
1942,1300,711,0.5
1943,1300,1094,1.0
1944,1301,376,0.5
1945,1302,1096,0.5
1946,1303,1097,1.0
1947,1303,1434,0.5
1948,1304,1098,1.0
1949,1305,1099,0.3333333333333333
1950,1306,1100,1.0
1951,1307,161,0.25
1952,1307,1101,0.5
1953,1307,1362,1.0
1954,1308,315,0.5
1955,1309,1065,0.3333333333333333
1956,1309,1102,1.0
1957,1310,884,0.3333333333333333
1958,1311,1103,1.0
1959,1312,144,0.3333333333333333
1960,1313,16,0.043478260869565216
1961,1314,1105,0.5
1962,1315,1106,1.0
1963,1316,52,0.07692307692307693
1964,1316,129,0.5
1965,1317,278,0.5
1966,1317,1108,1.0
1967,1318,1109,0.5
1968,1318,1453,1.0
1969,1319,249,0.125
1970,1320,1110,1.0
1971,1321,197,0.2
1972,1322,174,0.2
1973,1323,1111,1.0
1974,1323,1451,1.0
1975,1324,1112,1.0
1976,1325,1113,1.0
1977,1326,77,0.3333333333333333
1978,1327,41,0.008
1979,1327,1114,1.0
1980,1328,93,0.125
1981,1329,1015,0.3333333333333333
1982,1330,1116,1.0
1983,1331,1117,0.5
1984,1332,1118,1.0
1985,1333,687,0.5
1986,1333,1158,0.5
1987,1334,199,0.16666666666666666
1988,1335,1120,0.25
1989,1336,41,0.008
1990,1336,885,0.3333333333333333
1991,1337,321,0.5
1992,1338,1122,0.5
1993,1339,41,0.008
1994,1340,1123,1.0
1995,1341,41,0.008
1996,1342,1124,1.0
1997,1343,570,0.16666666666666666
1998,1343,1639,1.0
1999,1344,1125,1.0
2000,1345,111,0.5
2001,1346,765,0.5
2002,1347,1126,1.0
2003,1347,1298,0.3333333333333333
2004,1347,1322,0.5
2005,1348,1127,1.0
2006,1349,468,0.3333333333333333
2007,1350,1128,1.0
2008,1350,1680,1.0
2009,1351,1066,0.2
2010,1352,440,0.3333333333333333
2011,1353,1130,1.0
2012,1353,1731,1.0
2013,1354,1131,1.0
2014,1354,1350,0.2
2015,1354,1622,1.0
2016,1355,260,0.5
2017,1355,1350,0.2
2018,1356,1133,1.0
2019,1357,640,0.25
2020,1357,1134,1.0
2021,1357,1431,1.0
2022,1358,108,0.25
2023,1359,1136,1.0
2024,1360,863,0.3333333333333333
2025,1361,1137,1.0
2026,1362,1138,0.5
2027,1363,835,0.14285714285714285
2028,1364,673,0.3333333333333333
2029,1364,1139,1.0
2030,1365,1140,1.0
2031,1366,1141,1.0
2032,1367,1142,1.0
2033,1368,1067,0.5
2034,1369,1143,1.0
2035,1370,567,0.5
2036,1370,1429,1.0
2037,1371,1144,0.5
2038,1372,1145,1.0
2039,1373,1146,1.0
2040,1374,1147,1.0
2041,1375,79,0.3333333333333333
2042,1375,309,0.3333333333333333
2043,1375,1416,0.5
2044,1376,1149,1.0
2045,1377,41,0.008
2046,1378,1150,1.0
2047,1378,1504,0.5
2048,1379,1151,1.0
2049,1380,100,0.3333333333333333
2050,1380,1443,1.0
2051,1381,16,0.043478260869565216
2052,1382,1152,0.5
2053,1383,597,0.5
2054,1384,1155,0.5
2055,1385,1156,1.0
2056,1386,725,0.2
2057,1387,1157,1.0
2058,1387,1535,1.0
2059,1388,799,0.3333333333333333
2060,1389,1158,0.5
2061,1390,1159,1.0
2062,1391,46,0.3333333333333333
2063,1392,41,0.008
2064,1393,1160,1.0
2065,1394,243,0.5
2066,1395,1162,0.5
2067,1396,1163,1.0
2068,1397,1164,1.0
2069,1398,1165,1.0
2070,1399,1034,0.3333333333333333
2071,1400,47,0.3333333333333333
2072,1400,1313,0.5
2073,1401,1168,1.0
2074,1402,1170,1.0
2075,1402,1297,1.0
2076,1403,1171,1.0
2077,1404,1003,0.3333333333333333
2078,1405,1172,1.0
2079,1405,1410,1.0
2080,1406,974,0.3333333333333333
2081,1407,346,0.3333333333333333
2082,1408,1174,1.0
2083,1409,1175,0.5
2084,1410,1075,0.5
2085,1411,708,0.25
2086,1411,1177,1.0
2087,1412,1178,1.0
2088,1413,926,0.5
2089,1414,125,0.5
2090,1415,1179,1.0
2091,1416,1180,1.0
2092,1417,1183,1.0
2093,1417,1706,1.0
2094,1418,878,0.5
2095,1419,1184,0.5
2096,1420,1185,0.3333333333333333
2097,1421,465,0.5
2098,1422,1187,0.5
2099,1423,160,0.3333333333333333
2100,1423,1120,0.25
2101,1424,1188,1.0
2102,1425,582,0.25
2103,1425,1216,0.5
2104,1426,1189,1.0
2105,1427,447,0.3333333333333333
2106,1427,643,0.5
2107,1427,1492,1.0
2108,1427,1660,1.0
2109,1428,440,0.3333333333333333
2110,1428,1190,1.0
2111,1428,1314,1.0
2112,1428,1772,1.0
2113,1429,937,0.5
2114,1430,1192,0.5
2115,1431,479,0.5
2116,1432,998,0.2
2117,1433,1193,1.0
2118,1433,1643,1.0
2119,1434,179,0.25
2120,1434,464,0.5
2121,1434,1152,0.5
2122,1435,1104,0.3333333333333333
2123,1436,1066,0.2
2124,1436,1195,0.5
2125,1437,249,0.125
2126,1438,392,0.5
2127,1439,1039,0.5
2128,1439,1196,1.0
2129,1439,1730,1.0
2130,1440,301,0.5
2131,1441,284,0.3333333333333333
2132,1442,867,0.5
2133,1443,304,0.125
2134,1443,1476,1.0
2135,1443,1752,1.0
2136,1444,1197,0.3333333333333333
2137,1445,1198,1.0
2138,1446,1199,1.0
2139,1447,1200,1.0
2140,1448,1202,1.0
2141,1449,1006,0.5
2142,1450,1204,1.0
2143,1451,621,0.25
2144,1452,193,0.058823529411764705
2145,1452,596,0.5
2146,1453,1205,1.0
2147,1454,922,0.5
2148,1455,1206,1.0
2149,1456,1207,1.0
2150,1457,58,0.5
2151,1457,1648,1.0
2152,1458,731,0.5
2153,1459,778,0.3333333333333333
2154,1460,1209,0.5
2155,1461,1210,0.5
2156,1462,250,0.3333333333333333
2157,1463,1213,1.0
2158,1463,1758,1.0
2159,1464,1185,0.3333333333333333
2160,1464,1217,1.0
2161,1465,1218,0.5
2162,1466,80,0.2
2163,1466,1220,0.5
2164,1467,1221,1.0
2165,1468,1222,0.3333333333333333
2166,1469,941,0.5
2167,1470,146,0.3333333333333333
2168,1471,331,0.3333333333333333
2169,1472,204,0.5
2170,1472,1062,0.16666666666666666
2171,1472,1270,0.5
2172,1473,423,0.16666666666666666
2173,1473,626,0.3333333333333333
2174,1474,1224,1.0
2175,1475,905,0.5
2176,1475,1265,1.0
2177,1476,1175,0.5
2178,1477,1226,1.0
2179,1478,122,0.3333333333333333
2180,1479,1227,1.0
2181,1480,886,0.25
2182,1481,179,0.25
2183,1482,41,0.008
2184,1483,1228,1.0
2185,1483,1570,1.0
2186,1484,1005,0.5
2187,1485,40,0.09090909090909091
2188,1486,1230,1.0
2189,1487,1231,1.0
2190,1488,1232,1.0
2191,1489,1233,1.0
2192,1490,134,0.1111111111111111
2193,1491,1235,1.0
2194,1492,1237,1.0
2195,1493,1238,1.0
2196,1494,52,0.07692307692307693
2197,1495,193,0.058823529411764705
2198,1496,41,0.008
2199,1497,1107,0.5
2200,1498,356,0.5
2201,1499,746,0.25
2202,1499,1243,1.0
2203,1500,1000,0.5
2204,1501,1239,1.0
2205,1502,985,0.3333333333333333
2206,1502,1244,1.0
2207,1503,362,0.25
2208,1503,1400,1.0
2209,1504,1246,0.5
2210,1505,1247,1.0
2211,1506,1248,1.0
2212,1507,139,0.08333333333333333
2213,1507,1560,1.0
2214,1508,400,0.3333333333333333
2215,1508,856,0.5
2216,1509,1062,0.16666666666666666
2217,1509,1401,1.0
2218,1510,750,0.5
2219,1511,1015,0.3333333333333333
2220,1512,16,0.043478260869565216
2221,1513,742,0.25
2222,1514,1250,0.5
2223,1515,262,0.3333333333333333
2224,1515,1252,1.0
2225,1516,1254,1.0
2226,1517,1255,1.0
2227,1518,1258,0.5
2228,1519,1053,0.5
2229,1519,1259,0.5
2230,1520,1261,1.0
2231,1521,991,0.25
2232,1522,1262,1.0
2233,1523,1263,0.3333333333333333
2234,1524,271,0.25
2235,1525,592,0.5
2236,1526,41,0.008
2237,1526,1266,1.0
2238,1527,1267,1.0
2239,1527,1273,1.0
2240,1528,1268,1.0
2241,1529,1269,0.5
2242,1530,153,0.3333333333333333
2243,1531,904,0.5
2244,1532,1274,1.0
2245,1533,1275,0.3333333333333333
2246,1533,1376,1.0
2247,1534,1276,1.0
2248,1534,1338,1.0
2249,1535,41,0.008
2250,1535,1277,1.0
2251,1536,1278,1.0
2252,1537,300,0.5
2253,1538,1280,1.0
2254,1538,1567,1.0
2255,1539,1282,1.0
2256,1540,1283,1.0
2257,1541,1212,0.3333333333333333
2258,1541,1682,1.0
2259,1542,1284,1.0
2260,1543,523,0.2
2261,1544,40,0.09090909090909091
2262,1545,1286,1.0
2263,1546,1289,0.5
2264,1547,175,0.3333333333333333
2265,1548,1290,1.0
2266,1549,961,0.5
2267,1550,41,0.008
2268,1550,650,0.5
2269,1551,1201,0.3333333333333333
2270,1552,635,0.5
2271,1552,1522,0.5
2272,1553,1292,1.0
2273,1554,1144,0.5
2274,1555,1293,0.5
2275,1556,1294,0.5
2276,1557,1295,1.0
2277,1558,1296,1.0
2278,1559,41,0.008
2279,1559,772,0.5
2280,1560,41,0.008
2281,1561,671,0.3333333333333333
2282,1562,1299,1.0
2283,1563,1300,1.0
2284,1563,1393,1.0
2285,1564,1301,1.0
2286,1565,1303,0.5
2287,1566,89,0.5
2288,1567,16,0.043478260869565216
2289,1568,1306,1.0
2290,1569,1308,1.0
2291,1570,604,0.5
2292,1571,1201,0.3333333333333333
2293,1572,1309,1.0
2294,1573,48,0.16666666666666666
2295,1574,1312,1.0
2296,1574,1442,1.0
2297,1574,1703,1.0
2298,1575,551,0.2
2299,1576,48,0.16666666666666666
2300,1577,837,0.3333333333333333
2301,1578,1315,1.0
2302,1579,1316,0.3333333333333333
2303,1580,1317,1.0
2304,1581,1318,1.0
2305,1582,1319,1.0
2306,1583,915,0.09090909090909091
2307,1584,739,0.5
2308,1585,1320,1.0
2309,1586,511,0.2
2310,1587,511,0.2
2311,1588,1321,1.0
2312,1588,1340,0.5
2313,1589,174,0.2
2314,1589,1323,1.0
2315,1590,1324,1.0
2316,1591,1325,1.0
2317,1592,1209,0.5
2318,1593,1326,0.5
2319,1594,1327,1.0
2320,1595,798,0.3333333333333333
2321,1596,202,0.25
2322,1597,1329,1.0
2323,1598,535,0.09090909090909091
2324,1598,845,0.5
2325,1599,51,0.2
2326,1599,1331,1.0
2327,1600,1332,1.0
2328,1601,1333,1.0
2329,1602,935,0.25
2330,1602,1334,1.0
2331,1602,1621,1.0
2332,1603,804,0.3333333333333333
2333,1604,1335,1.0
2334,1605,222,0.25
2335,1605,1336,1.0
2336,1606,41,0.008
2337,1607,1337,1.0
2338,1608,1339,1.0
2339,1609,588,0.25
2340,1609,1340,0.5
2341,1610,32,0.5
2342,1611,1342,1.0
2343,1612,16,0.043478260869565216
2344,1613,1257,0.5
2345,1614,1223,0.3333333333333333
2346,1615,60,0.5
2347,1616,1343,1.0
2348,1617,239,0.3333333333333333
2349,1618,447,0.3333333333333333
2350,1619,1345,0.5
2351,1620,1003,0.3333333333333333
2352,1621,1346,1.0
2353,1622,1347,1.0
2354,1623,41,0.008
2355,1623,1623,1.0
2356,1624,1349,1.0
2357,1625,1350,0.2
2358,1626,1351,0.5
2359,1627,27,0.07142857142857142
2360,1628,1352,1.0
2361,1629,41,0.008
2362,1629,992,0.5
2363,1630,41,0.008
2364,1631,1356,1.0
2365,1632,41,0.008
2366,1633,1357,1.0
2367,1633,1488,1.0
2368,1634,1358,1.0
2369,1635,1359,1.0
2370,1636,1360,1.0
2371,1637,1361,1.0
2372,1638,134,0.1111111111111111
2373,1639,1363,1.0
2374,1640,41,0.008
2375,1641,1367,1.0
2376,1642,1368,1.0
2377,1643,1369,1.0
2378,1644,1077,0.3333333333333333
2379,1645,384,0.5
2380,1646,41,0.008
2381,1647,1372,1.0
2382,1648,570,0.16666666666666666
2383,1648,1373,1.0
2384,1649,1374,1.0
2385,1650,1375,1.0
2386,1651,1322,0.5
2387,1651,1468,1.0
2388,1652,1316,0.3333333333333333
2389,1653,1377,1.0
2390,1654,1195,0.5
2391,1655,1105,0.5
2392,1656,1378,1.0
2393,1657,1379,1.0
2394,1658,309,0.3333333333333333
2395,1659,1275,0.3333333333333333
2396,1660,286,0.3333333333333333
2397,1660,1099,0.3333333333333333
2398,1661,1382,1.0
2399,1662,1383,1.0
2400,1663,41,0.008
2401,1664,558,0.25
2402,1665,1384,1.0
2403,1666,16,0.043478260869565216
2404,1667,446,0.25
2405,1668,570,0.16666666666666666
2406,1669,1385,0.5
2407,1670,41,0.008
2408,1671,82,0.5
2409,1671,1386,1.0
2410,1672,1070,0.5
2411,1673,41,0.008
2412,1674,594,0.07692307692307693
2413,1675,1387,1.0
2414,1676,81,0.5
2415,1677,1388,1.0
2416,1678,1389,1.0
2417,1679,932,0.5
2418,1679,1390,1.0
2419,1680,171,0.5
2420,1681,1391,1.0
2421,1682,341,0.5
2422,1683,41,0.008
2423,1684,1392,1.0
2424,1685,1395,1.0
2425,1686,145,0.3333333333333333
2426,1687,222,0.25
2427,1688,1397,0.5
2428,1689,1398,1.0
2429,1690,109,0.3333333333333333
2430,1691,898,0.5
2431,1692,1399,0.5
2432,1693,535,0.09090909090909091
2433,1694,915,0.09090909090909091
2434,1695,197,0.2
2435,1696,884,0.3333333333333333
2436,1697,1405,1.0
2437,1698,1406,1.0
2438,1699,915,0.09090909090909091
2439,1700,915,0.09090909090909091
2440,1701,1407,1.0
2441,1702,143,0.2
2442,1702,1250,0.5
2443,1703,140,0.5
2444,1703,320,0.5
2445,1704,1408,1.0
2446,1705,1409,1.0
2447,1706,40,0.09090909090909091
2448,1707,324,0.25
2449,1708,1412,1.0
2450,1709,150,0.2
2451,1710,1413,1.0
2452,1711,1414,1.0
2453,1712,688,0.5
2454,1713,1415,1.0
2455,1713,1698,1.0
2456,1713,1735,1.0
2457,1714,507,0.5
2458,1715,523,0.2
2459,1716,1417,0.5
2460,1717,41,0.008
2461,1718,1418,1.0
2462,1719,1419,1.0
2463,1720,304,0.125
2464,1721,915,0.09090909090909091
2465,1722,193,0.058823529411764705
2466,1722,915,0.09090909090909091
2467,1723,749,0.5
2468,1724,1421,1.0
2469,1725,726,0.5
2470,1726,1423,1.0
2471,1727,1424,1.0
2472,1728,1425,1.0
2473,1729,1427,1.0
2474,1730,1034,0.3333333333333333
2475,1731,159,0.5
2476,1732,1428,1.0
2477,1733,535,0.09090909090909091
2478,1734,642,0.5
2479,1735,1430,1.0
2480,1736,1432,1.0
2481,1737,1433,1.0
2482,1738,1435,1.0
2483,1739,466,0.5
2484,1740,1436,0.5
2485,1741,1437,1.0
2486,1742,1218,0.5
2487,1742,1635,1.0
2488,1743,1438,1.0
2489,1744,1439,0.5
2490,1745,1316,0.3333333333333333
2491,1745,1440,1.0
2492,1746,1441,0.5
2493,1747,665,0.5
2494,1748,67,0.3333333333333333
2495,1748,1444,1.0
2496,1749,180,0.3333333333333333
2497,1749,1066,0.2
2498,1750,1445,1.0
2499,1751,16,0.043478260869565216
2500,1752,303,0.5
2501,1753,446,0.25
2502,1754,25,0.14285714285714285
2503,1755,807,0.3333333333333333
2504,1756,591,0.3333333333333333
2505,1757,528,0.25
2506,1758,1448,1.0
2507,1759,195,0.2
2508,1760,41,0.008
2509,1761,41,0.008
2510,1762,8,0.5
2511,1762,96,0.2
2512,1763,594,0.07692307692307693
2513,1763,1701,1.0
2514,1764,690,0.5
2515,1765,364,0.25
2516,1766,1450,1.0
2517,1767,835,0.14285714285714285
2518,1768,15,0.2
2519,1769,530,0.3333333333333333
2520,1770,1211,0.3333333333333333
2521,1771,1452,1.0
2522,1772,1212,0.3333333333333333
2523,1773,139,0.08333333333333333
2524,1774,1454,1.0
2525,1775,16,0.043478260869565216
2526,1776,41,0.008
2527,1777,7,0.3333333333333333
2528,1778,404,0.5
2529,1779,1455,1.0
2530,1779,1499,1.0
2531,1780,1456,1.0
2532,1781,1457,1.0
2533,1782,50,0.3333333333333333
2534,1783,1459,1.0
2535,1783,1674,1.0
2536,1784,1460,1.0
2537,1785,1461,1.0
2538,1786,1462,1.0
2539,1787,1465,1.0
2540,1788,200,0.5
2541,1788,1062,0.16666666666666666
2542,1789,1467,0.5
2543,1790,1469,1.0
2544,1791,1471,0.3333333333333333
2545,1792,799,0.3333333333333333
2546,1792,1780,1.0
2547,1793,40,0.09090909090909091
2548,1794,52,0.07692307692307693
2549,1795,570,0.16666666666666666
2550,1796,1473,0.5
2551,1797,1474,0.5
2552,1797,1626,1.0
2553,1797,1727,1.0
2554,1798,1475,1.0
2555,1799,1477,1.0
2556,1800,1483,1.0
2557,1801,1484,1.0
2558,1802,33,0.5
2559,1803,1487,1.0
2560,1804,1489,1.0
2561,1805,137,0.2
2562,1805,1161,0.5
2563,1806,101,0.25
2564,1806,1022,0.5
2565,1807,9,0.125
2566,1808,282,0.5
2567,1809,552,0.5
2568,1810,1493,1.0
2569,1811,1494,1.0
2570,1812,1496,0.3333333333333333
2571,1813,763,0.5
2572,1814,1497,1.0
2573,1815,93,0.125
2574,1816,1259,0.5
2575,1816,1625,1.0
2576,1817,112,0.5
2577,1818,423,0.16666666666666666
2578,1819,312,0.5
2579,1820,1500,1.0
2580,1821,1502,1.0
2581,1822,446,0.25
2582,1822,1503,1.0
2583,1823,193,0.058823529411764705
2584,1824,1507,1.0
2585,1825,1508,1.0
2586,1825,1776,1.0
2587,1826,199,0.16666666666666666
2588,1827,262,0.3333333333333333
2589,1828,1509,1.0
2590,1829,1510,0.5
2591,1830,803,0.5
2592,1831,137,0.2
2593,1831,1185,0.3333333333333333
2594,1832,1512,1.0
2595,1833,776,0.3333333333333333
2596,1834,276,0.2
2597,1834,347,0.5
2598,1835,1513,1.0
2599,1836,487,0.3333333333333333
2600,1836,1694,1.0
2601,1837,41,0.008
2602,1838,1514,1.0
2603,1839,41,0.008
2604,1840,139,0.08333333333333333
2605,1841,193,0.058823529411764705
2606,1842,490,0.3333333333333333
2607,1843,1520,1.0
2608,1844,582,0.25
2609,1845,164,0.5
2610,1846,1525,1.0
2611,1847,796,0.3333333333333333
2612,1848,1526,1.0
2613,1849,1527,1.0
2614,1850,232,0.25
2615,1851,1528,1.0
2616,1852,776,0.3333333333333333
2617,1853,778,0.3333333333333333
2618,1854,41,0.008
2619,1855,1530,1.0
2620,1855,1645,1.0
2621,1856,41,0.008
2622,1856,147,0.3333333333333333
2623,1857,193,0.058823529411764705
2624,1858,1532,0.5
2625,1859,85,0.25
2626,1860,1536,1.0
2627,1861,212,0.07692307692307693
2628,1862,866,0.3333333333333333
2629,1863,1538,1.0
2630,1864,249,0.125
2631,1865,444,0.5
2632,1866,1540,1.0
2633,1867,137,0.2
2634,1868,1543,1.0
2635,1869,1441,0.5
2636,1870,535,0.09090909090909091
2637,1871,1544,1.0
2638,1872,1545,1.0
2639,1873,1024,0.5
2640,1874,52,0.07692307692307693
2641,1874,1501,0.5
2642,1875,1546,1.0
2643,1876,1547,1.0
2644,1877,424,0.3333333333333333
2645,1877,1649,1.0
2646,1878,1548,1.0
2647,1879,1353,0.5
2648,1880,1439,0.5
2649,1881,1550,0.5
2650,1882,68,0.3333333333333333
2651,1883,1291,0.3333333333333333
2652,1884,1551,1.0
2653,1885,1552,1.0
2654,1886,22,0.3333333333333333
2655,1887,1553,1.0
2656,1888,1554,1.0
2657,1889,1555,1.0
2658,1890,41,0.008
2659,1890,487,0.3333333333333333
2660,1891,902,0.25
2661,1892,1556,1.0
2662,1893,41,0.008
2663,1894,170,0.3333333333333333
2664,1895,199,0.16666666666666666
2665,1896,1558,1.0
2666,1896,1574,1.0
2667,1897,554,0.3333333333333333
2668,1898,25,0.14285714285714285
2669,1899,981,0.5
2670,1900,1559,1.0
2671,1901,1561,1.0
2672,1902,1562,1.0
2673,1903,41,0.008
2674,1904,71,0.25
2675,1905,1096,0.5
2676,1906,1397,0.5
2677,1906,1618,1.0
2678,1907,203,0.5
2679,1908,1564,0.5
2680,1909,35,0.3333333333333333
2681,1910,1566,1.0
2682,1911,588,0.25
2683,1912,902,0.25
2684,1913,979,0.5
2685,1914,1568,1.0
2686,1915,826,0.3333333333333333
2687,1916,1569,1.0
2688,1917,15,0.2
2689,1918,1571,1.0
2690,1919,1572,1.0
2691,1920,1575,1.0
2692,1921,1576,1.0
2693,1922,1577,1.0
2694,1923,1578,1.0
2695,1924,1579,0.5
2696,1925,594,0.07692307692307693
2697,1926,151,0.3333333333333333
2698,1927,1109,0.5
2699,1928,531,0.5
2700,1929,1582,1.0
2701,1930,1511,0.5
2702,1931,256,0.5
2703,1932,515,0.3333333333333333
2704,1933,1583,1.0
2705,1934,770,0.5
2706,1935,1587,1.0
2707,1936,41,0.008
2708,1937,915,0.09090909090909091
2709,1938,594,0.07692307692307693
2710,1939,1590,1.0
2711,1940,1591,1.0
2712,1941,1592,1.0
2713,1942,1417,0.5
2714,1943,1593,1.0
2715,1944,143,0.2
2716,1945,16,0.043478260869565216
2717,1946,1595,0.5
2718,1947,41,0.008
2719,1948,43,0.5
2720,1949,1522,0.5
2721,1950,424,0.3333333333333333
2722,1951,1597,1.0
2723,1952,1598,1.0
2724,1953,27,0.07142857142857142
2725,1954,1600,1.0
2726,1955,748,0.5
2727,1956,205,0.25
2728,1957,29,0.5
2729,1958,41,0.008
2730,1958,1761,1.0
2731,1959,1557,0.5
2732,1960,1210,0.5
2733,1961,804,0.3333333333333333
2734,1962,202,0.25
2735,1963,1602,1.0
2736,1964,1603,1.0
2737,1965,1604,1.0
2738,1966,821,0.25
2739,1966,1605,0.5
2740,1967,1606,1.0
2741,1968,1607,1.0
2742,1969,1608,1.0
2743,1970,1609,0.5
2744,1971,1269,0.5
2745,1972,1610,0.5
2746,1973,1471,0.3333333333333333
2747,1974,52,0.07692307692307693
2748,1974,1669,1.0
2749,1975,90,0.14285714285714285
2750,1975,1702,1.0
2751,1976,158,0.5
2752,1977,1611,1.0
2753,1978,1609,0.5
2754,1979,41,0.008
2755,1980,1197,0.3333333333333333
2756,1981,1614,1.0
2757,1982,1615,1.0
2758,1983,1061,0.5
2759,1984,1616,0.5
2760,1985,1579,0.5
2761,1986,835,0.14285714285714285
2762,1987,1350,0.2
2763,1987,1673,1.0
2764,1988,1467,0.5
2765,1989,1619,1.0
2766,1990,1620,1.0
2767,1991,1624,1.0
2768,1992,1211,0.3333333333333333
2769,1993,1294,0.5
2770,1994,167,0.3333333333333333
2771,1994,1627,1.0
2772,1995,683,0.5
2773,1996,1628,1.0
2774,1997,1631,1.0
2775,1998,897,0.5
2776,1999,1632,1.0
2777,2000,253,0.5
2778,2001,925,0.3333333333333333
2779,2002,1436,0.5
2780,2003,1634,1.0
2781,2004,1073,0.5
2782,2005,1637,1.0
2783,2006,389,0.3333333333333333
2784,2007,1638,1.0
2785,2008,860,0.5
2786,2009,835,0.14285714285714285
2787,2010,40,0.09090909090909091
2788,2011,101,0.25
2789,2012,322,0.3333333333333333
2790,2013,1223,0.3333333333333333
2791,2014,1642,1.0
2792,2015,1046,0.5
2793,2016,317,0.3333333333333333
2794,2017,41,0.008
2795,2018,499,0.5
2796,2019,974,0.3333333333333333
2797,2020,1644,0.5
2798,2021,497,0.2
2799,2022,1646,1.0
2800,2023,1647,1.0
2801,2024,41,0.008
2802,2025,1260,0.25
2803,2026,513,0.25
2804,2027,1066,0.2
2805,2028,1650,1.0
2806,2029,881,0.5
2807,2030,1651,0.5
2808,2031,704,0.3333333333333333
2809,2032,1234,0.5
2810,2033,1653,1.0
2811,2034,1656,1.0
2812,2035,717,0.5
2813,2036,340,0.047619047619047616
2814,2037,535,0.09090909090909091
2815,2038,598,0.5
2816,2039,1246,0.5
2817,2040,1258,0.5
2818,2041,1659,0.5
2819,2042,1550,0.5
2820,2043,921,0.3333333333333333
2821,2044,362,0.25
2822,2045,798,0.3333333333333333
2823,2046,1662,1.0
2824,2047,1663,1.0
2825,2048,115,0.2
2826,2048,254,0.5
2827,2048,1446,0.3333333333333333
2828,2049,1664,0.5
2829,2050,1665,0.3333333333333333
2830,2051,1612,0.5
2831,2052,1216,0.5
2832,2053,41,0.008
2833,2053,1667,1.0
2834,2054,1668,1.0
2835,2055,68,0.3333333333333333
2836,2056,1471,0.3333333333333333
2837,2057,427,0.5
2838,2058,1670,1.0
2839,2059,889,0.5
2840,2060,594,0.07692307692307693
2841,2061,501,0.2
2842,2062,588,0.25
2843,2063,1671,1.0
2844,2064,27,0.07142857142857142
2845,2065,174,0.2
2846,2066,1194,0.5
2847,2067,41,0.008
2848,2068,1672,1.0
2849,2069,25,0.14285714285714285
2850,2070,554,0.3333333333333333
2851,2071,1605,0.5
2852,2072,808,0.5
2853,2073,1676,1.0
2854,2074,1665,0.3333333333333333
2855,2075,1678,1.0
2856,2076,965,0.5
2857,2077,25,0.14285714285714285
2858,2077,1616,0.5
2859,2078,41,0.008
2860,2079,1679,1.0
2861,2080,1298,0.3333333333333333
2862,2081,66,0.5
2863,2082,480,0.5
2864,2083,1683,1.0
2865,2084,1684,1.0
2866,2085,330,0.3333333333333333
2867,2086,181,0.3333333333333333
2868,2087,1208,0.5
2869,2088,595,0.3333333333333333
2870,2089,1685,1.0
2871,2090,1686,1.0
2872,2091,178,0.5
2873,2092,1687,1.0
2874,2093,407,0.25
2875,2094,1689,1.0
2876,2095,1690,1.0
2877,2096,212,0.07692307692307693
2878,2097,1692,1.0
2879,2098,1129,0.3333333333333333
2880,2099,1693,1.0
2881,2100,16,0.043478260869565216
2882,2101,27,0.07142857142857142
2883,2102,1031,0.5
2884,2103,1120,0.25
2885,2104,617,0.3333333333333333
2886,2105,9,0.125
2887,2106,1695,1.0
2888,2107,92,0.25
2889,2108,1696,1.0
2890,2109,398,0.3333333333333333
2891,2110,1474,0.5
2892,2111,1697,1.0
2893,2112,1699,1.0
2894,2113,41,0.008
2895,2114,617,0.3333333333333333
2896,2115,1704,1.0
2897,2116,1705,0.5
2898,2117,725,0.2
2899,2118,1708,1.0
2900,2119,1709,1.0
2901,2120,1711,1.0
2902,2121,1705,0.5
2903,2122,1326,0.5
2904,2123,151,0.3333333333333333
2905,2123,1065,0.3333333333333333
2906,2124,411,0.5
2907,2125,535,0.09090909090909091
2908,2126,886,0.25
2909,2127,1510,0.5
2910,2128,1714,1.0
2911,2129,1222,0.3333333333333333
2912,2130,1078,0.5
2913,2131,914,0.2
2914,2132,1717,0.5
2915,2133,1718,1.0
2916,2134,1720,1.0
2917,2135,460,0.5
2918,2136,1721,1.0
2919,2137,1722,1.0
2920,2138,587,0.5
2921,2139,1723,1.0
2922,2140,1725,1.0
2923,2141,1726,1.0
2924,2142,809,0.25
2925,2143,1351,0.5
2926,2144,1733,1.0
2927,2145,1734,1.0
2928,2146,863,0.3333333333333333
2929,2147,594,0.07692307692307693
2930,2148,1738,1.0
2931,2149,195,0.2
2932,2150,821,0.25
2933,2151,80,0.2
2934,2152,120,0.5
2935,2153,1739,1.0
2936,2154,594,0.07692307692307693
2937,2155,1270,0.5
2938,2156,1740,1.0
2939,2157,1595,0.5
2940,2158,914,0.2
2941,2159,1741,1.0
2942,2160,902,0.25
2943,2161,1744,1.0
2944,2162,1745,1.0
2945,2163,72,0.5
2946,2164,1747,1.0
2947,2165,1564,0.5
2948,2166,1749,1.0
2949,2166,1762,1.0
2950,2167,1750,1.0
2951,2168,1659,0.5
2952,2169,828,0.25
2953,2170,1717,0.5
2954,2171,1753,1.0
2955,2172,838,0.5
2956,2173,1754,1.0
2957,2174,18,0.5
2958,2175,1756,1.0
2959,2176,526,0.3333333333333333
2960,2177,819,0.5
2961,2178,805,0.5
2962,2179,1757,1.0
2963,2180,921,0.3333333333333333
2964,2181,1759,1.0
2965,2182,1664,0.5
2966,2182,1782,1.0
2967,2183,1275,0.3333333333333333
2968,2184,1529,0.5
2969,2185,56,0.3333333333333333
2970,2186,1760,1.0
2971,2187,1260,0.25
2972,2188,991,0.25
2973,2189,1764,1.0
2974,2190,1766,1.0
2975,2191,1768,1.0
2976,2192,41,0.008
2977,2193,1770,1.0
2978,2194,1665,0.3333333333333333
2979,2195,1771,1.0
2980,2196,1187,0.5
2981,2197,41,0.008
2982,2198,1050,0.5
2983,2199,1773,1.0
2984,2200,350,0.5
2985,2201,1774,1.0
2986,2202,548,0.5
2987,2203,594,0.07692307692307693
2988,2204,708,0.25
2989,2205,348,0.5
2990,2206,1775,1.0
2991,2207,970,0.3333333333333333
2992,2208,1777,1.0
2993,2209,1778,1.0
2994,2210,1779,1.0
2995,2211,1781,1.0
2996,2212,1496,0.3333333333333333
2997,2213,41,0.008
2998,2214,1783,1.0
