,longitude_tVar,median_house_value_tVar,values
0,0,0,1.0
1,0,19,0.5
2,0,70,1.0
3,0,251,0.5
4,0,533,0.5
5,0,1526,1.0
6,0,1686,1.0
7,1,1,1.0
8,1,16,0.043478260869565216
9,1,30,0.5
10,1,94,1.0
11,1,125,0.5
12,1,186,1.0
13,1,293,1.0
14,1,308,1.0
15,1,314,0.3333333333333333
16,1,340,0.047619047619047616
17,1,364,0.25
18,1,382,1.0
19,1,442,1.0
20,1,637,1.0
21,1,765,0.5
22,1,778,0.3333333333333333
23,1,842,1.0
24,1,925,0.3333333333333333
25,1,1065,0.3333333333333333
26,1,1326,0.5
27,1,1343,1.0
28,1,1522,0.5
29,1,1641,1.0
30,1,1723,1.0
31,2,2,1.0
32,2,41,0.008
33,2,114,1.0
34,2,785,1.0
35,2,879,0.5
36,2,919,1.0
37,3,3,1.0
38,3,17,0.5
39,3,40,0.09090909090909091
40,3,41,0.024
41,3,51,0.2
42,3,88,0.5
43,3,270,1.0
44,3,316,0.25
45,3,399,1.0
46,3,552,0.5
47,3,676,0.5
48,3,704,0.3333333333333333
49,3,985,0.3333333333333333
50,3,1286,1.0
51,3,1524,1.0
52,3,1553,1.0
53,3,1561,1.0
54,3,1732,1.0
55,4,4,1.0
56,4,41,0.008
57,4,955,1.0
58,4,1003,0.3333333333333333
59,5,5,0.3333333333333333
60,5,1172,1.0
61,5,1232,1.0
62,6,5,0.3333333333333333
63,6,155,1.0
64,6,1727,1.0
65,7,6,1.0
66,8,7,0.3333333333333333
67,8,249,0.125
68,9,8,0.5
69,9,15,0.2
70,9,36,0.3333333333333333
71,9,48,0.16666666666666666
72,9,81,0.5
73,9,147,0.3333333333333333
74,9,158,0.5
75,9,276,0.2
76,9,384,0.5
77,9,633,0.5
78,9,650,0.5
79,9,677,1.0
80,9,746,0.25
81,9,766,1.0
82,9,867,0.5
83,9,879,0.5
84,9,972,1.0
85,9,1017,1.0
86,9,1189,1.0
87,9,1366,1.0
88,9,1769,1.0
89,10,9,0.125
90,10,90,0.14285714285714285
91,10,180,0.3333333333333333
92,10,283,0.3333333333333333
93,10,346,0.3333333333333333
94,10,423,0.16666666666666666
95,10,465,0.5
96,10,594,0.07692307692307693
97,10,651,0.5
98,10,660,0.5
99,10,744,1.0
100,10,799,0.3333333333333333
101,10,802,1.0
102,10,914,0.2
103,10,1026,1.0
104,10,1277,1.0
105,11,10,0.5
106,11,1185,0.3333333333333333
107,12,11,0.5
108,12,25,0.14285714285714285
109,12,27,0.07142857142857142
110,12,57,0.3333333333333333
111,12,490,0.3333333333333333
112,12,605,1.0
113,12,640,0.25
114,12,727,0.5
115,12,946,1.0
116,12,1077,0.3333333333333333
117,12,1314,1.0
118,12,1494,1.0
119,13,12,0.5
120,13,205,0.25
121,13,357,1.0
122,13,970,0.3333333333333333
123,13,1254,1.0
124,13,1550,0.5
125,14,13,1.0
126,14,41,0.008
127,14,68,0.3333333333333333
128,14,254,0.5
129,14,340,0.047619047619047616
130,14,546,0.5
131,14,593,1.0
132,14,668,1.0
133,14,722,0.5
134,14,874,1.0
135,14,960,1.0
136,14,984,1.0
137,14,1467,0.5
138,14,1514,1.0
139,14,1574,1.0
140,14,1587,1.0
141,14,1658,1.0
142,15,14,1.0
143,15,27,0.07142857142857142
144,15,48,0.16666666666666666
145,15,54,0.5
146,15,162,0.5
147,15,215,1.0
148,15,240,0.5
149,15,340,0.047619047619047616
150,15,362,0.25
151,15,432,0.3333333333333333
152,15,1053,0.5
153,15,1096,0.5
154,15,1168,1.0
155,15,1191,1.0
156,15,1344,1.0
157,15,1710,1.0
158,16,15,0.2
159,17,16,0.043478260869565216
160,17,22,0.3333333333333333
161,17,1428,1.0
162,17,1647,1.0
163,18,17,0.5
164,19,18,0.5
165,19,249,0.125
166,19,1044,1.0
167,19,1751,1.0
168,20,19,0.5
169,20,41,0.008
170,20,355,0.5
171,20,826,0.3333333333333333
172,20,909,0.5
173,21,20,1.0
174,21,487,0.3333333333333333
175,21,704,0.3333333333333333
176,21,771,0.5
177,21,810,1.0
178,21,1545,1.0
179,21,1582,1.0
180,22,21,1.0
181,22,41,0.008
182,22,52,0.07692307692307693
183,22,271,0.25
184,22,304,0.125
185,22,525,0.5
186,22,535,0.09090909090909091
187,22,544,1.0
188,22,688,0.5
189,22,863,0.3333333333333333
190,22,1212,0.3333333333333333
191,22,1419,1.0
192,22,1464,1.0
193,23,22,0.3333333333333333
194,23,130,0.5
195,23,398,0.3333333333333333
196,23,425,1.0
197,23,467,1.0
198,23,915,0.09090909090909091
199,23,1066,0.2
200,23,1430,1.0
201,23,1488,1.0
202,24,23,0.5
203,24,220,0.3333333333333333
204,24,899,1.0
205,24,971,0.5
206,24,974,0.3333333333333333
207,24,1033,1.0
208,24,1221,1.0
209,25,24,1.0
210,25,202,0.25
211,25,336,1.0
212,25,643,0.5
213,25,669,0.5
214,25,770,0.5
215,25,886,0.25
216,25,1097,1.0
217,25,1397,0.5
218,25,1745,1.0
219,26,25,0.14285714285714285
220,26,41,0.008
221,26,52,0.07692307692307693
222,26,87,0.5
223,26,120,0.5
224,26,321,0.5
225,26,356,0.5
226,26,567,0.5
227,26,697,1.0
228,26,833,1.0
229,26,884,0.3333333333333333
230,26,891,1.0
231,26,941,0.5
232,26,991,0.25
233,26,1018,1.0
234,26,1208,0.5
235,26,1485,1.0
236,26,1656,1.0
237,27,26,1.0
238,27,41,0.048
239,27,274,0.5
240,27,295,0.3333333333333333
241,27,331,0.3333333333333333
242,27,649,1.0
243,27,731,0.5
244,27,953,1.0
245,27,1469,1.0
246,28,15,0.2
247,28,27,0.07142857142857142
248,28,41,0.016
249,28,86,1.0
250,28,120,0.5
251,28,439,0.5
252,28,746,0.25
253,28,828,0.25
254,28,1178,1.0
255,28,1401,1.0
256,28,1610,0.5
257,29,28,0.3333333333333333
258,29,431,0.3333333333333333
259,29,847,1.0
260,29,1022,0.5
261,29,1744,1.0
262,30,29,0.5
263,30,287,1.0
264,30,827,1.0
265,31,31,1.0
266,31,45,0.25
267,31,1062,0.16666666666666666
268,32,32,0.5
269,32,44,0.25
270,32,205,0.25
271,32,254,0.5
272,32,289,1.0
273,32,330,0.3333333333333333
274,32,485,0.5
275,32,583,0.3333333333333333
276,32,589,1.0
277,32,594,0.07692307692307693
278,32,655,0.5
279,32,1024,0.5
280,32,1261,1.0
281,32,1346,1.0
282,32,1765,1.0
283,32,1766,1.0
284,33,15,0.2
285,33,33,0.5
286,33,134,0.1111111111111111
287,33,199,0.16666666666666666
288,33,271,0.25
289,33,461,0.5
290,33,521,0.5
291,33,718,1.0
292,33,903,1.0
293,33,934,1.0
294,33,1049,0.5
295,33,1143,1.0
296,33,1230,1.0
297,33,1252,1.0
298,33,1609,0.5
299,33,1659,0.5
300,34,34,1.0
301,34,56,0.3333333333333333
302,34,239,0.3333333333333333
303,34,332,1.0
304,34,532,1.0
305,34,776,0.3333333333333333
306,34,994,1.0
307,34,1029,1.0
308,34,1050,0.5
309,34,1170,1.0
310,34,1250,0.5
311,34,1522,0.5
312,34,1646,1.0
313,35,35,0.3333333333333333
314,35,93,0.25
315,35,381,1.0
316,35,427,0.5
317,35,640,0.25
318,35,781,0.5
319,35,1066,0.2
320,36,37,1.0
321,36,41,0.008
322,36,106,1.0
323,36,143,0.2
324,36,211,0.5
325,36,378,1.0
326,36,389,0.3333333333333333
327,36,446,0.25
328,36,1323,1.0
329,36,1462,1.0
330,36,1631,1.0
331,37,38,1.0
332,37,50,0.3333333333333333
333,37,286,0.3333333333333333
334,37,1297,1.0
335,37,1687,1.0
336,38,39,0.3333333333333333
337,38,221,0.5
338,38,1066,0.2
339,39,40,0.09090909090909091
340,39,172,1.0
341,39,317,0.3333333333333333
342,39,559,0.5
343,39,735,0.5
344,40,41,0.008
345,40,45,0.25
346,40,455,1.0
347,40,535,0.09090909090909091
348,40,648,0.5
349,40,767,0.5
350,40,886,0.25
351,40,1091,1.0
352,40,1299,1.0
353,40,1309,1.0
354,41,42,1.0
355,41,127,0.25
356,41,446,0.25
357,41,480,0.5
358,41,583,0.3333333333333333
359,41,591,0.3333333333333333
360,41,869,1.0
361,41,1081,1.0
362,41,1136,1.0
363,41,1234,0.5
364,41,1294,0.5
365,41,1528,1.0
366,42,43,0.5
367,42,139,0.08333333333333333
368,42,153,0.3333333333333333
369,42,263,1.0
370,42,276,0.2
371,42,535,0.09090909090909091
372,42,546,0.5
373,42,594,0.07692307692307693
374,42,797,0.3333333333333333
375,42,915,0.09090909090909091
376,42,1364,1.0
377,42,1608,1.0
378,42,1696,1.0
379,42,1767,1.0
380,42,1770,1.0
381,43,44,0.25
382,43,52,0.07692307692307693
383,43,349,1.0
384,43,437,1.0
385,43,695,1.0
386,43,930,1.0
387,43,931,1.0
388,43,1213,1.0
389,43,1292,1.0
390,43,1317,1.0
391,43,1720,1.0
392,44,45,0.25
393,44,198,1.0
394,44,276,0.2
395,44,326,0.5
396,44,552,0.5
397,44,1101,0.5
398,44,1210,0.5
399,44,1682,1.0
400,45,27,0.07142857142857142
401,45,46,0.3333333333333333
402,45,48,0.16666666666666666
403,45,123,1.0
404,45,137,0.2
405,45,139,0.08333333333333333
406,45,219,1.0
407,45,304,0.125
408,45,322,0.3333333333333333
409,45,354,1.0
410,45,364,0.25
411,45,470,1.0
412,45,526,0.3333333333333333
413,45,558,0.25
414,45,796,0.3333333333333333
415,45,878,0.5
416,45,1099,0.3333333333333333
417,45,1185,0.3333333333333333
418,45,1247,1.0
419,45,1295,1.0
420,45,1412,1.0
421,45,1459,1.0
422,45,1636,1.0
423,45,1672,1.0
424,45,1768,1.0
425,46,46,0.3333333333333333
426,46,47,0.3333333333333333
427,46,199,0.16666666666666666
428,46,588,0.25
429,46,603,1.0
430,46,619,0.5
431,46,653,1.0
432,46,720,1.0
433,46,773,0.5
434,46,1107,0.5
435,47,49,1.0
436,47,407,0.25
437,48,50,0.3333333333333333
438,49,9,0.125
439,49,44,0.25
440,49,51,0.2
441,49,436,0.5
442,49,1008,1.0
443,49,1568,1.0
444,49,1600,1.0
445,50,47,0.3333333333333333
446,50,52,0.07692307692307693
447,50,111,0.5
448,50,169,0.3333333333333333
449,50,232,0.25
450,50,404,0.5
451,50,521,0.5
452,50,644,0.5
453,50,764,0.5
454,50,1013,1.0
455,50,1078,0.5
456,50,1415,1.0
457,50,1551,1.0
458,51,16,0.043478260869565216
459,51,41,0.008
460,51,53,1.0
461,51,241,1.0
462,51,290,0.3333333333333333
463,51,343,0.5
464,51,368,1.0
465,51,735,0.5
466,51,821,0.25
467,51,826,0.3333333333333333
468,51,973,1.0
469,51,1179,1.0
470,51,1204,1.0
471,51,1315,1.0
472,51,1519,1.0
473,51,1557,0.5
474,52,55,0.5
475,52,173,0.5
476,52,180,0.3333333333333333
477,52,193,0.058823529411764705
478,52,570,0.16666666666666666
479,52,683,0.5
480,52,1301,1.0
481,52,1350,0.2
482,53,56,0.3333333333333333
483,53,615,1.0
484,54,58,0.5
485,55,59,1.0
486,55,135,1.0
487,55,278,0.5
488,55,407,0.25
489,55,630,1.0
490,55,773,0.5
491,55,915,0.09090909090909091
492,55,1069,1.0
493,55,1241,1.0
494,55,1466,0.5
495,56,57,0.3333333333333333
496,56,60,0.5
497,56,1060,1.0
498,56,1062,0.16666666666666666
499,56,1211,0.3333333333333333
500,57,41,0.024
501,57,61,1.0
502,57,93,0.125
503,57,109,0.3333333333333333
504,57,279,0.5
505,57,302,0.5
506,57,322,0.3333333333333333
507,57,453,0.3333333333333333
508,57,692,1.0
509,57,776,0.3333333333333333
510,57,985,0.3333333333333333
511,57,1000,0.5
512,57,1149,1.0
513,57,1319,1.0
514,57,1342,1.0
515,57,1438,1.0
516,58,62,1.0
517,58,475,1.0
518,58,1406,1.0
519,59,48,0.16666666666666666
520,59,63,0.5
521,59,422,1.0
522,59,1258,0.5
523,59,1335,1.0
524,59,1735,1.0
525,60,64,1.0
526,60,340,0.047619047619047616
527,60,384,0.5
528,60,535,0.18181818181818182
529,60,706,1.0
530,60,1259,0.5
531,61,65,0.5
532,61,423,0.16666666666666666
533,62,66,0.5
534,62,362,0.25
535,62,1465,1.0
536,63,67,0.3333333333333333
537,63,1034,0.3333333333333333
538,64,51,0.2
539,64,69,1.0
540,64,578,1.0
541,64,693,1.0
542,64,864,1.0
543,64,886,0.25
544,64,983,1.0
545,64,1083,1.0
546,64,1212,0.3333333333333333
547,64,1638,1.0
548,64,1659,0.5
549,64,1746,1.0
550,65,9,0.125
551,65,41,0.008
552,65,68,0.3333333333333333
553,65,93,0.125
554,65,101,0.25
555,65,127,0.25
556,65,167,0.3333333333333333
557,65,247,0.5
558,65,291,1.0
559,65,295,0.3333333333333333
560,65,304,0.125
561,65,383,1.0
562,65,551,0.2
563,65,558,0.25
564,65,588,0.25
565,65,1385,0.5
566,65,1511,0.5
567,65,1698,1.0
568,65,1717,0.5
569,66,71,0.25
570,67,72,0.5
571,67,197,0.2
572,67,1429,1.0
573,68,41,0.008
574,68,73,0.3333333333333333
575,68,193,0.11764705882352941
576,68,290,0.3333333333333333
577,68,325,0.25
578,68,1135,1.0
579,68,1162,0.5
580,68,1534,0.5
581,68,1761,1.0
582,69,41,0.024
583,69,74,1.0
584,69,108,0.25
585,69,338,1.0
586,69,461,0.5
587,69,613,1.0
588,69,639,0.25
589,69,682,1.0
590,69,1007,1.0
591,69,1053,0.5
592,69,1096,0.5
593,69,1229,1.0
594,69,1324,1.0
595,69,1388,1.0
596,69,1394,1.0
597,70,75,1.0
598,70,486,1.0
599,70,513,0.25
600,70,621,0.25
601,71,27,0.07142857142857142
602,71,41,0.016
603,71,56,0.3333333333333333
604,71,76,0.5
605,71,187,0.3333333333333333
606,71,204,0.5
607,71,239,0.3333333333333333
608,71,294,1.0
609,71,689,1.0
610,71,710,1.0
611,71,814,1.0
612,71,977,1.0
613,71,1220,0.5
614,71,1268,1.0
615,71,1436,0.5
616,71,1569,1.0
617,71,1572,1.0
618,71,1773,1.0
619,72,16,0.043478260869565216
620,72,327,1.0
621,72,1542,0.5
622,73,7,0.3333333333333333
623,73,27,0.07142857142857142
624,73,41,0.016
625,73,45,0.25
626,73,139,0.08333333333333333
627,73,212,0.07692307692307693
628,73,227,1.0
629,73,262,0.3333333333333333
630,73,340,0.047619047619047616
631,73,596,0.5
632,73,645,1.0
633,73,914,0.2
634,73,927,0.5
635,73,1122,0.5
636,73,1126,1.0
637,73,1132,1.0
638,73,1316,0.3333333333333333
639,73,1456,1.0
640,73,1467,0.5
641,73,1506,1.0
642,73,1538,1.0
643,73,1596,1.0
644,73,1752,1.0
645,73,1776,1.0
646,74,40,0.09090909090909091
647,74,41,0.016
648,74,77,0.3333333333333333
649,74,193,0.058823529411764705
650,74,256,0.5
651,74,268,1.0
652,74,424,0.3333333333333333
653,74,438,0.3333333333333333
654,74,703,1.0
655,74,717,0.5
656,74,872,1.0
657,74,967,0.5
658,74,1047,0.5
659,74,1120,0.25
660,74,1147,1.0
661,74,1206,1.0
662,75,78,0.3333333333333333
663,75,193,0.058823529411764705
664,75,330,0.3333333333333333
665,75,818,1.0
666,75,976,1.0
667,75,1378,1.0
668,75,1420,1.0
669,75,1432,1.0
670,75,1756,1.0
671,76,79,0.3333333333333333
672,76,176,1.0
673,76,861,1.0
674,77,80,0.2
675,77,1543,1.0
676,78,82,0.5
677,79,41,0.016
678,79,83,0.5
679,79,359,1.0
680,79,1585,1.0
681,80,41,0.008
682,80,84,0.5
683,80,108,0.25
684,80,119,1.0
685,80,207,0.5
686,80,313,0.5
687,80,471,1.0
688,80,483,1.0
689,80,590,1.0
690,80,985,0.3333333333333333
691,80,1282,1.0
692,80,1298,0.3333333333333333
693,80,1322,0.5
694,80,1619,1.0
695,81,9,0.125
696,81,16,0.043478260869565216
697,81,41,0.008
698,81,85,0.25
699,81,130,0.5
700,81,206,1.0
701,81,390,1.0
702,81,554,0.3333333333333333
703,81,623,1.0
704,81,1011,1.0
705,81,1210,0.5
706,81,1308,1.0
707,81,1383,1.0
708,81,1755,1.0
709,82,87,0.5
710,82,626,0.3333333333333333
711,83,80,0.2
712,83,88,0.5
713,83,326,0.5
714,83,591,0.3333333333333333
715,83,778,0.3333333333333333
716,83,1006,0.5
717,83,1664,0.5
718,83,1693,1.0
719,84,89,0.5
720,84,139,0.08333333333333333
721,84,284,0.3333333333333333
722,84,725,0.2
723,85,90,0.14285714285714285
724,86,16,0.043478260869565216
725,86,91,0.5
726,86,146,0.3333333333333333
727,86,252,0.3333333333333333
728,86,412,0.3333333333333333
729,86,1492,1.0
730,86,1695,1.0
731,87,92,0.25
732,88,95,0.5
733,88,96,0.2
734,88,141,0.5
735,88,511,0.2
736,88,638,0.5
737,88,725,0.2
738,88,1431,1.0
739,89,96,0.2
740,89,398,0.3333333333333333
741,89,411,0.5
742,89,413,1.0
743,90,40,0.09090909090909091
744,90,41,0.008
745,90,341,0.5
746,90,755,1.0
747,90,826,0.3333333333333333
748,90,895,1.0
749,90,1019,1.0
750,90,1139,1.0
751,90,1443,1.0
752,90,1657,1.0
753,90,1738,1.0
754,91,52,0.07692307692307693
755,91,80,0.2
756,91,97,1.0
757,91,151,0.3333333333333333
758,91,168,0.5
759,91,229,1.0
760,91,262,0.6666666666666666
761,91,283,0.3333333333333333
762,91,394,1.0
763,91,446,0.25
764,91,493,0.5
765,91,577,0.5
766,91,594,0.07692307692307693
767,91,639,0.25
768,91,711,0.5
769,91,727,0.5
770,91,914,0.2
771,91,1003,0.3333333333333333
772,91,1016,1.0
773,91,1057,1.0
774,91,1310,1.0
775,91,1376,1.0
776,91,1442,1.0
777,91,1529,0.5
778,91,1716,0.5
779,92,98,0.5
780,93,16,0.08695652173913043
781,93,99,0.5
782,93,796,0.3333333333333333
783,94,100,0.3333333333333333
784,94,152,1.0
785,94,305,0.5
786,95,23,0.5
787,95,101,0.25
788,95,115,0.2
789,95,179,0.25
790,95,185,0.5
791,95,195,0.2
792,95,224,0.3333333333333333
793,95,414,1.0
794,95,431,0.3333333333333333
795,95,530,0.3333333333333333
796,95,667,1.0
797,95,749,0.5
798,95,821,0.25
799,95,969,0.3333333333333333
800,95,1352,1.0
801,95,1521,1.0
802,96,27,0.07142857142857142
803,96,41,0.024
804,96,102,1.0
805,96,201,0.5
806,96,325,0.25
807,96,443,0.5
808,96,569,1.0
809,96,587,0.5
810,96,975,1.0
811,96,991,0.25
812,96,1120,0.25
813,96,1131,1.0
814,96,1715,1.0
815,97,52,0.07692307692307693
816,97,103,1.0
817,97,202,0.25
818,97,424,0.3333333333333333
819,97,497,0.2
820,97,885,0.3333333333333333
821,97,963,0.5
822,97,1109,0.5
823,97,1176,1.0
824,97,1218,0.5
825,97,1556,1.0
826,97,1782,1.0
827,98,90,0.14285714285714285
828,98,104,1.0
829,98,249,0.125
830,98,848,1.0
831,99,16,0.043478260869565216
832,99,51,0.2
833,99,84,0.5
834,99,105,1.0
835,99,430,0.5
836,99,530,0.3333333333333333
837,99,678,1.0
838,99,690,0.5
839,99,765,0.5
840,99,921,0.3333333333333333
841,99,1070,1.0
842,99,1537,1.0
843,99,1610,0.5
844,100,9,0.125
845,101,107,1.0
846,102,7,0.3333333333333333
847,102,108,0.25
848,102,940,1.0
849,103,41,0.008
850,103,96,0.2
851,103,134,0.1111111111111111
852,103,280,0.5
853,103,473,1.0
854,103,1716,0.5
855,104,41,0.016
856,104,121,0.2
857,104,147,0.3333333333333333
858,104,212,0.07692307692307693
859,104,432,0.3333333333333333
860,104,441,1.0
861,104,513,0.25
862,104,545,1.0
863,104,739,0.5
864,104,1085,1.0
865,104,1589,1.0
866,105,27,0.07142857142857142
867,105,110,1.0
868,105,238,1.0
869,105,340,0.047619047619047616
870,105,809,0.25
871,105,866,0.3333333333333333
872,105,1175,0.5
873,105,1689,1.0
874,105,1753,1.0
875,106,41,0.008
876,106,111,0.5
877,106,237,0.5
878,107,67,0.3333333333333333
879,107,112,0.5
880,107,161,0.25
881,107,175,0.3333333333333333
882,107,244,0.5
883,107,352,1.0
884,107,355,0.5
885,107,393,0.5
886,107,396,0.5
887,107,482,0.5
888,107,511,0.2
889,107,565,1.0
890,107,657,1.0
891,107,751,1.0
892,107,781,0.5
893,107,797,0.3333333333333333
894,107,845,0.5
895,107,863,0.3333333333333333
896,107,969,0.6666666666666666
897,107,982,1.0
898,107,1073,0.5
899,107,1273,1.0
900,107,1451,1.0
901,107,1478,1.0
902,107,1550,0.5
903,108,41,0.008
904,108,113,1.0
905,108,933,1.0
906,108,1283,1.0
907,108,1318,1.0
908,108,1516,0.5
909,109,15,0.2
910,109,16,0.13043478260869565
911,109,115,0.2
912,109,134,0.2222222222222222
913,109,195,0.2
914,109,342,1.0
915,109,458,1.0
916,109,870,1.0
917,109,981,0.5
918,109,1177,1.0
919,109,1194,0.5
920,109,1199,1.0
921,109,1533,1.0
922,109,1563,1.0
923,109,1579,0.5
924,110,116,1.0
925,110,350,0.5
926,110,1321,1.0
927,111,25,0.14285714285714285
928,111,41,0.008
929,111,117,1.0
930,111,417,1.0
931,111,509,0.3333333333333333
932,111,857,0.5
933,111,1027,1.0
934,111,1111,1.0
935,111,1332,1.0
936,111,1781,1.0
937,112,118,0.5
938,112,145,0.3333333333333333
939,112,147,0.3333333333333333
940,112,170,0.3333333333333333
941,112,304,0.125
942,112,549,0.3333333333333333
943,112,809,0.25
944,112,952,1.0
945,112,1439,0.5
946,113,51,0.2
947,113,121,0.2
948,113,156,0.5
949,113,202,0.25
950,113,212,0.07692307692307693
951,113,331,0.3333333333333333
952,113,419,0.5
953,113,477,0.3333333333333333
954,113,515,0.3333333333333333
955,113,535,0.09090909090909091
956,113,540,1.0
957,113,547,1.0
958,113,839,0.5
959,113,867,0.5
960,113,1023,0.5
961,113,1056,1.0
962,113,1110,1.0
963,113,1112,1.0
964,113,1117,0.5
965,113,1355,1.0
966,113,1496,0.3333333333333333
967,113,1774,1.0
968,113,1783,1.0
969,114,122,0.3333333333333333
970,114,284,0.3333333333333333
971,114,1775,1.0
972,115,41,0.008
973,115,67,0.3333333333333333
974,115,1003,0.3333333333333333
975,115,1350,0.2
976,116,27,0.07142857142857142
977,116,41,0.024
978,116,46,0.3333333333333333
979,116,140,0.5
980,116,319,1.0
981,116,429,0.5
982,116,491,1.0
983,116,1061,0.5
984,116,1369,1.0
985,116,1421,1.0
986,116,1471,0.3333333333333333
987,116,1562,1.0
988,117,12,0.5
989,117,124,1.0
990,117,139,0.08333333333333333
991,117,204,0.5
992,117,220,0.3333333333333333
993,117,232,0.25
994,117,253,0.5
995,117,276,0.2
996,117,449,1.0
997,117,858,1.0
998,117,1020,1.0
999,117,1171,1.0
1000,117,1262,1.0
1001,117,1358,1.0
1002,117,1370,1.0
1003,117,1439,0.5
1004,117,1477,1.0
1005,118,65,0.5
1006,118,125,0.5
1007,118,588,0.25
1008,118,941,0.5
1009,118,1005,0.5
1010,118,1326,0.5
1011,118,1458,1.0
1012,118,1615,1.0
1013,119,27,0.07142857142857142
1014,119,41,0.008
1015,119,126,0.3333333333333333
1016,119,193,0.058823529411764705
1017,119,300,0.5
1018,119,322,0.3333333333333333
1019,119,656,1.0
1020,119,662,1.0
1021,119,904,0.5
1022,119,910,1.0
1023,119,957,1.0
1024,119,1001,1.0
1025,119,1049,0.5
1026,119,1075,0.5
1027,119,1447,1.0
1028,119,1699,1.0
1029,120,127,0.25
1030,120,160,0.3333333333333333
1031,120,393,0.5
1032,120,410,0.5
1033,120,880,0.5
1034,120,988,1.0
1035,120,1100,1.0
1036,120,1289,0.5
1037,120,1482,1.0
1038,121,128,1.0
1039,121,1677,1.0
1040,122,16,0.043478260869565216
1041,122,129,0.5
1042,122,286,0.3333333333333333
1043,122,856,0.5
1044,122,998,0.2
1045,122,1062,0.16666666666666666
1046,122,1493,1.0
1047,123,131,1.0
1048,123,212,0.07692307692307693
1049,123,242,1.0
1050,123,356,0.5
1051,123,526,0.3333333333333333
1052,123,738,1.0
1053,123,758,1.0
1054,123,782,1.0
1055,123,809,0.25
1056,123,923,1.0
1057,123,1009,1.0
1058,123,1021,1.0
1059,123,1729,1.0
1060,123,1754,1.0
1061,124,41,0.008
1062,124,132,1.0
1063,124,415,1.0
1064,124,523,0.2
1065,124,1187,0.5
1066,124,1510,0.5
1067,124,1759,1.0
1068,125,16,0.043478260869565216
1069,125,71,0.25
1070,125,193,0.058823529411764705
1071,125,386,1.0
1072,125,477,0.3333333333333333
1073,125,620,1.0
1074,125,947,0.5
1075,125,1108,1.0
1076,126,133,0.5
1077,126,191,1.0
1078,126,860,0.5
1079,126,907,0.5
1080,127,115,0.2
1081,127,134,0.1111111111111111
1082,127,224,0.3333333333333333
1083,127,309,0.3333333333333333
1084,127,340,0.047619047619047616
1085,127,396,0.5
1086,127,543,1.0
1087,127,570,0.16666666666666666
1088,127,808,0.5
1089,127,915,0.09090909090909091
1090,127,1109,0.5
1091,128,41,0.008
1092,128,136,1.0
1093,128,304,0.125
1094,128,348,0.5
1095,128,469,0.5
1096,128,639,0.25
1097,128,726,0.5
1098,128,732,0.5
1099,128,956,0.5
1100,128,1041,1.0
1101,128,1272,0.5
1102,128,1606,1.0
1103,129,41,0.016
1104,129,63,0.5
1105,129,76,0.5
1106,129,137,0.2
1107,129,205,0.25
1108,129,207,0.5
1109,129,246,1.0
1110,129,312,0.5
1111,129,377,1.0
1112,129,444,0.5
1113,129,670,1.0
1114,129,686,1.0
1115,129,835,0.14285714285714285
1116,129,838,0.5
1117,129,915,0.09090909090909091
1118,129,1140,1.0
1119,129,1239,1.0
1120,129,1304,1.0
1121,129,1452,1.0
1122,130,41,0.016
1123,130,81,0.5
1124,130,138,1.0
1125,130,218,1.0
1126,130,370,1.0
1127,130,628,0.5
1128,130,816,1.0
1129,130,1269,0.5
1130,130,1359,1.0
1131,130,1520,1.0
1132,131,30,0.5
1133,131,121,0.2
1134,131,296,0.5
1135,131,462,0.3333333333333333
1136,131,542,1.0
1137,131,936,1.0
1138,131,1046,0.5
1139,131,1253,1.0
1140,131,1632,1.0
1141,132,141,0.5
1142,132,249,0.125
1143,132,297,0.5
1144,132,712,1.0
1145,132,958,1.0
1146,132,965,0.5
1147,132,1576,1.0
1148,133,142,1.0
1149,133,340,0.047619047619047616
1150,133,466,0.5
1151,133,685,1.0
1152,133,948,1.0
1153,133,1347,1.0
1154,134,83,0.5
1155,134,143,0.2
1156,134,406,1.0
1157,134,468,0.3333333333333333
1158,134,896,0.5
1159,134,925,0.3333333333333333
1160,134,992,0.5
1161,134,1211,0.3333333333333333
1162,135,41,0.008
1163,135,504,1.0
1164,135,632,1.0
1165,135,1035,1.0
1166,135,1077,0.3333333333333333
1167,135,1393,1.0
1168,136,55,0.5
1169,136,144,0.3333333333333333
1170,136,1240,1.0
1171,136,1269,0.5
1172,136,1417,0.5
1173,137,148,1.0
1174,137,1480,1.0
1175,137,1683,1.0
1176,138,149,0.5
1177,138,897,0.5
1178,138,1138,0.5
1179,139,150,0.2
1180,139,389,0.3333333333333333
1181,139,1705,0.5
1182,140,40,0.09090909090909091
1183,140,99,0.5
1184,140,143,0.2
1185,140,151,0.3333333333333333
1186,140,193,0.058823529411764705
1187,140,196,1.0
1188,140,210,0.5
1189,140,267,1.0
1190,140,272,1.0
1191,140,324,0.25
1192,140,379,0.3333333333333333
1193,140,410,0.5
1194,140,429,0.5
1195,140,582,0.25
1196,140,639,0.25
1197,140,661,1.0
1198,140,902,0.25
1199,140,998,0.2
1200,140,1222,0.3333333333333333
1201,140,1287,1.0
1202,140,1417,0.5
1203,140,1549,1.0
1204,140,1630,1.0
1205,140,1640,1.0
1206,140,1741,1.0
1207,141,154,0.5
1208,141,307,1.0
1209,142,157,1.0
1210,142,595,0.3333333333333333
1211,142,1454,1.0
1212,143,159,0.5
1213,143,385,1.0
1214,143,761,0.5
1215,143,1238,1.0
1216,143,1246,0.5
1217,144,10,0.5
1218,144,40,0.09090909090909091
1219,144,41,0.008
1220,144,160,0.3333333333333333
1221,144,280,0.5
1222,144,300,0.5
1223,144,635,0.5
1224,144,786,0.5
1225,144,993,1.0
1226,144,1164,1.0
1227,145,95,0.5
1228,145,161,0.25
1229,145,523,0.2
1230,145,524,1.0
1231,145,594,0.07692307692307693
1232,145,819,0.5
1233,145,915,0.09090909090909091
1234,145,961,0.5
1235,145,1104,0.3333333333333333
1236,145,1557,0.5
1237,145,1692,1.0
1238,146,145,0.3333333333333333
1239,146,163,1.0
1240,146,171,0.5
1241,146,299,1.0
1242,146,654,0.3333333333333333
1243,146,898,0.5
1244,146,956,0.5
1245,146,979,0.5
1246,146,1534,0.5
1247,147,164,0.5
1248,147,202,0.25
1249,147,281,1.0
1250,147,465,0.5
1251,147,518,1.0
1252,147,551,0.2
1253,147,599,1.0
1254,147,713,0.5
1255,147,1129,0.3333333333333333
1256,147,1246,0.5
1257,147,1281,1.0
1258,147,1303,0.5
1259,147,1748,1.0
1260,148,165,1.0
1261,148,379,0.3333333333333333
1262,148,595,0.3333333333333333
1263,148,1731,1.0
1264,149,41,0.008
1265,149,133,0.5
1266,149,166,1.0
1267,149,249,0.125
1268,149,339,0.5
1269,149,402,1.0
1270,149,663,0.5
1271,149,817,1.0
1272,149,966,0.5
1273,149,1062,0.16666666666666666
1274,149,1094,1.0
1275,149,1296,1.0
1276,149,1375,1.0
1277,149,1713,1.0
1278,150,168,0.5
1279,150,495,1.0
1280,151,25,0.2857142857142857
1281,151,96,0.2
1282,151,208,1.0
1283,151,304,0.125
1284,151,453,0.3333333333333333
1285,151,937,0.5
1286,151,1042,1.0
1287,151,1050,0.5
1288,151,1120,0.25
1289,151,1121,1.0
1290,151,1144,0.5
1291,151,1354,1.0
1292,152,169,0.3333333333333333
1293,152,275,1.0
1294,152,536,1.0
1295,152,625,1.0
1296,152,980,1.0
1297,152,1092,1.0
1298,152,1260,0.25
1299,152,1395,1.0
1300,152,1676,1.0
1301,152,1771,1.0
1302,153,171,0.5
1303,153,1717,0.5
1304,154,173,0.5
1305,154,340,0.047619047619047616
1306,154,487,0.3333333333333333
1307,155,41,0.008
1308,155,174,0.2
1309,155,634,1.0
1310,155,1064,1.0
1311,155,1103,1.0
1312,155,1609,0.5
1313,155,1669,1.0
1314,156,175,0.3333333333333333
1315,157,177,0.5
1316,158,178,0.5
1317,159,27,0.14285714285714285
1318,159,52,0.15384615384615385
1319,159,179,0.25
1320,159,200,0.5
1321,159,265,0.5
1322,159,278,0.5
1323,159,559,0.5
1324,159,602,1.0
1325,159,604,0.5
1326,159,621,0.25
1327,159,666,1.0
1328,159,832,0.5
1329,159,835,0.14285714285714285
1330,159,1190,1.0
1331,159,1220,0.5
1332,159,1294,0.5
1333,159,1405,1.0
1334,159,1558,1.0
1335,159,1665,0.3333333333333333
1336,160,39,0.3333333333333333
1337,160,71,0.25
1338,160,180,0.3333333333333333
1339,160,433,0.3333333333333333
1340,160,535,0.09090909090909091
1341,160,665,0.5
1342,160,746,0.25
1343,160,1034,0.3333333333333333
1344,160,1663,1.0
1345,161,181,0.3333333333333333
1346,161,528,0.25
1347,161,890,1.0
1348,162,41,0.008
1349,162,182,1.0
1350,162,633,0.5
1351,162,705,1.0
1352,162,1257,0.5
1353,162,1260,0.25
1354,163,16,0.043478260869565216
1355,163,40,0.09090909090909091
1356,163,93,0.125
1357,163,183,1.0
1358,163,192,1.0
1359,163,199,0.16666666666666666
1360,163,340,0.047619047619047616
1361,163,351,1.0
1362,163,561,0.5
1363,163,660,0.5
1364,163,723,1.0
1365,163,999,1.0
1366,163,1090,1.0
1367,163,1125,1.0
1368,163,1288,1.0
1369,163,1566,1.0
1370,164,184,1.0
1371,164,1678,1.0
1372,165,118,0.5
1373,165,185,0.5
1374,165,340,0.047619047619047616
1375,165,439,0.5
1376,165,464,0.5
1377,165,1216,0.5
1378,165,1652,1.0
1379,165,1665,0.3333333333333333
1380,166,54,0.5
1381,166,187,0.3333333333333333
1382,166,362,0.25
1383,166,469,0.5
1384,166,641,0.5
1385,166,742,0.25
1386,166,871,1.0
1387,166,889,0.5
1388,166,989,1.0
1389,166,1312,1.0
1390,167,73,0.3333333333333333
1391,167,188,1.0
1392,167,193,0.058823529411764705
1393,167,631,1.0
1394,167,887,1.0
1395,167,926,0.5
1396,167,1274,1.0
1397,167,1397,0.5
1398,167,1577,1.0
1399,167,1594,1.0
1400,168,175,0.3333333333333333
1401,168,189,1.0
1402,168,197,0.2
1403,168,482,0.5
1404,168,582,0.25
1405,168,595,0.3333333333333333
1406,168,619,0.5
1407,168,1066,0.2
1408,168,1129,0.3333333333333333
1409,169,77,0.3333333333333333
1410,169,137,0.2
1411,169,190,1.0
1412,169,529,0.5
1413,169,640,0.25
1414,169,673,0.3333333333333333
1415,169,828,0.25
1416,169,1159,1.0
1417,169,1255,1.0
1418,169,1302,1.0
1419,169,1468,1.0
1420,169,1554,1.0
1421,169,1684,1.0
1422,170,193,0.058823529411764705
1423,170,463,0.5
1424,170,567,0.5
1425,170,713,0.5
1426,170,1024,0.5
1427,170,1509,1.0
1428,170,1674,1.0
1429,170,1697,1.0
1430,171,194,1.0
1431,171,340,0.047619047619047616
1432,171,598,0.5
1433,172,199,0.16666666666666666
1434,172,340,0.047619047619047616
1435,172,905,0.5
1436,172,1014,1.0
1437,172,1516,0.5
1438,173,41,0.008
1439,173,93,0.125
1440,173,96,0.2
1441,173,164,0.5
1442,173,195,0.2
1443,173,276,0.2
1444,173,330,0.3333333333333333
1445,173,346,0.3333333333333333
1446,173,421,1.0
1447,173,440,0.3333333333333333
1448,173,500,1.0
1449,173,538,0.5
1450,173,592,0.5
1451,173,626,0.3333333333333333
1452,173,835,0.14285714285714285
1453,173,849,1.0
1454,173,1104,0.3333333333333333
1455,173,1152,0.5
1456,173,1157,1.0
1457,173,1251,1.0
1458,173,1502,1.0
1459,173,1513,1.0
1460,174,41,0.016
1461,174,48,0.16666666666666666
1462,174,200,0.5
1463,174,742,0.25
1464,174,1336,1.0
1465,175,57,0.3333333333333333
1466,175,203,0.5
1467,176,5,0.3333333333333333
1468,176,284,0.3333333333333333
1469,176,344,1.0
1470,176,407,0.25
1471,176,454,1.0
1472,176,1155,0.5
1473,176,1453,1.0
1474,177,25,0.14285714285714285
1475,177,1071,1.0
1476,177,1555,1.0
1477,178,209,1.0
1478,178,255,0.5
1479,179,210,0.5
1480,179,339,0.5
1481,179,1307,0.3333333333333333
1482,180,16,0.043478260869565216
1483,180,211,0.5
1484,180,212,0.07692307692307693
1485,180,283,0.3333333333333333
1486,180,424,0.3333333333333333
1487,180,468,0.3333333333333333
1488,180,609,1.0
1489,180,935,0.25
1490,180,1173,1.0
1491,180,1183,1.0
1492,180,1527,1.0
1493,181,212,0.07692307692307693
1494,182,213,0.5
1495,183,214,0.5
1496,184,216,0.5
1497,185,33,0.5
1498,185,41,0.024
1499,185,179,0.25
1500,185,217,1.0
1501,185,376,0.5
1502,185,650,0.5
1503,185,1174,1.0
1504,185,1303,0.5
1505,185,1580,1.0
1506,186,115,0.2
1507,186,1707,1.0
1508,187,220,0.3333333333333333
1509,187,373,1.0
1510,187,673,0.3333333333333333
1511,187,821,0.25
1512,188,143,0.2
1513,188,222,0.25
1514,188,611,1.0
1515,188,730,1.0
1516,188,873,1.0
1517,188,1113,1.0
1518,188,1298,0.3333333333333333
1519,188,1382,1.0
1520,188,1466,0.5
1521,188,1560,1.0
1522,188,1737,1.0
1523,188,1740,1.0
1524,189,41,0.008
1525,189,223,1.0
1526,190,225,0.5
1527,191,226,1.0
1528,192,228,1.0
1529,192,427,0.5
1530,192,433,0.3333333333333333
1531,192,865,1.0
1532,192,1237,1.0
1533,193,41,0.032
1534,193,222,0.25
1535,193,230,1.0
1536,193,511,0.2
1537,193,757,1.0
1538,193,786,0.5
1539,193,838,0.5
1540,193,1129,0.3333333333333333
1541,193,1195,0.5
1542,193,1435,1.0
1543,193,1495,1.0
1544,194,231,1.0
1545,194,517,1.0
1546,194,558,0.25
1547,194,733,1.0
1548,194,812,0.5
1549,194,915,0.09090909090909091
1550,194,921,0.3333333333333333
1551,194,996,1.0
1552,194,1224,1.0
1553,194,1654,1.0
1554,195,232,0.25
1555,196,212,0.07692307692307693
1556,196,233,1.0
1557,196,920,0.3333333333333333
1558,196,998,0.2
1559,196,1005,0.5
1560,196,1134,1.0
1561,196,1248,1.0
1562,196,1313,0.5
1563,196,1584,1.0
1564,197,234,1.0
1565,198,235,1.0
1566,199,236,1.0
1567,199,310,0.5
1568,199,364,0.25
1569,199,501,0.2
1570,199,594,0.07692307692307693
1571,199,596,0.5
1572,200,121,0.2
1573,201,240,0.5
1574,201,250,0.3333333333333333
1575,201,687,0.5
1576,201,1128,1.0
1577,201,1235,1.0
1578,201,1597,1.0
1579,202,41,0.008
1580,202,134,0.1111111111111111
1581,202,243,0.5
1582,202,245,1.0
1583,202,350,0.5
1584,202,528,0.25
1585,202,533,0.5
1586,202,702,0.5
1587,202,811,1.0
1588,202,830,1.0
1589,202,1208,0.5
1590,202,1270,0.5
1591,202,1272,0.5
1592,202,1380,1.0
1593,202,1434,0.5
1594,202,1531,1.0
1595,203,248,0.3333333333333333
1596,203,921,0.3333333333333333
1597,203,1099,0.3333333333333333
1598,204,41,0.016
1599,204,100,0.3333333333333333
1600,204,318,1.0
1601,204,535,0.09090909090909091
1602,204,839,0.5
1603,204,915,0.09090909090909091
1604,204,1158,0.5
1605,204,1489,1.0
1606,204,1714,1.0
1607,204,1747,1.0
1608,205,250,0.3333333333333333
1609,206,251,0.5
1610,206,462,0.3333333333333333
1611,206,476,0.25
1612,207,140,0.5
1613,207,252,0.3333333333333333
1614,208,41,0.008
1615,208,73,0.3333333333333333
1616,208,167,0.3333333333333333
1617,208,239,0.3333333333333333
1618,208,247,0.5
1619,208,252,0.3333333333333333
1620,208,253,0.5
1621,208,256,0.5
1622,208,347,0.5
1623,208,771,0.5
1624,208,927,0.5
1625,208,1123,1.0
1626,208,1192,0.5
1627,208,1256,1.0
1628,208,1411,1.0
1629,208,1481,1.0
1630,208,1515,1.0
1631,209,255,0.5
1632,210,257,1.0
1633,211,258,1.0
1634,211,981,0.5
1635,211,990,1.0
1636,211,1542,0.5
1637,211,1694,1.0
1638,212,60,0.5
1639,212,259,1.0
1640,212,298,1.0
1641,212,440,0.3333333333333333
1642,212,1161,0.5
1643,212,1249,1.0
1644,212,1333,1.0
1645,212,1642,1.0
1646,213,129,0.5
1647,213,260,0.5
1648,213,320,0.5
1649,213,362,0.25
1650,213,372,1.0
1651,213,456,1.0
1652,214,261,1.0
1653,214,271,0.25
1654,214,528,0.25
1655,214,708,0.25
1656,214,987,1.0
1657,214,1012,0.5
1658,214,1360,1.0
1659,214,1633,1.0
1660,214,1726,1.0
1661,215,146,0.3333333333333333
1662,215,264,1.0
1663,215,347,0.5
1664,215,659,1.0
1665,215,1290,1.0
1666,216,85,0.25
1667,216,122,0.3333333333333333
1668,216,513,0.25
1669,216,690,0.5
1670,216,843,1.0
1671,216,1038,1.0
1672,216,1496,0.3333333333333333
1673,216,1650,1.0
1674,217,265,0.5
1675,217,892,1.0
1676,217,1327,1.0
1677,218,266,1.0
1678,218,316,0.25
1679,218,728,1.0
1680,219,41,0.008
1681,219,225,0.5
1682,219,312,0.5
1683,219,474,1.0
1684,219,531,0.5
1685,219,741,1.0
1686,219,772,0.5
1687,219,835,0.14285714285714285
1688,219,974,0.3333333333333333
1689,219,1114,1.0
1690,219,1216,0.5
1691,219,1565,1.0
1692,220,92,0.25
1693,220,970,0.3333333333333333
1694,220,1234,0.5
1695,220,1448,1.0
1696,221,269,1.0
1697,222,273,1.0
1698,223,78,0.3333333333333333
1699,223,1258,0.5
1700,224,277,0.5
1701,224,606,1.0
1702,224,866,0.3333333333333333
1703,224,1150,1.0
1704,224,1185,0.3333333333333333
1705,224,1708,1.0
1706,225,154,0.5
1707,225,279,0.5
1708,225,570,0.16666666666666666
1709,225,582,0.25
1710,225,1472,0.5
1711,226,282,0.5
1712,226,302,0.5
1713,226,1040,1.0
1714,227,41,0.016
1715,227,92,0.25
1716,227,203,0.5
1717,227,285,1.0
1718,227,329,1.0
1719,227,345,1.0
1720,227,387,1.0
1721,227,508,1.0
1722,227,597,0.5
1723,227,642,0.5
1724,227,701,1.0
1725,227,789,1.0
1726,227,1260,0.25
1727,227,1325,1.0
1728,227,1625,1.0
1729,227,1648,1.0
1730,228,144,0.3333333333333333
1731,228,286,0.3333333333333333
1732,228,328,0.5
1733,228,621,0.25
1734,228,715,1.0
1735,229,288,1.0
1736,229,509,0.3333333333333333
1737,229,669,0.5
1738,229,1702,1.0
1739,230,290,0.3333333333333333
1740,230,549,0.3333333333333333
1741,230,904,0.5
1742,230,1588,1.0
1743,230,1760,1.0
1744,231,41,0.008
1745,231,292,1.0
1746,231,554,0.3333333333333333
1747,231,696,1.0
1748,231,745,1.0
1749,231,855,1.0
1750,231,1205,1.0
1751,231,1242,1.0
1752,232,41,0.008
1753,232,78,0.3333333333333333
1754,232,314,0.3333333333333333
1755,232,640,0.25
1756,232,746,0.25
1757,232,806,1.0
1758,232,1426,1.0
1759,232,1629,1.0
1760,233,36,0.3333333333333333
1761,233,305,0.5
1762,233,594,0.07692307692307693
1763,233,732,0.5
1764,233,950,1.0
1765,233,1267,1.0
1766,233,1703,1.0
1767,234,151,0.3333333333333333
1768,234,249,0.125
1769,234,760,0.5
1770,234,1399,0.5
1771,235,41,0.016
1772,235,44,0.25
1773,235,52,0.07692307692307693
1774,235,160,0.3333333333333333
1775,235,260,0.5
1776,235,375,0.5
1777,235,487,0.3333333333333333
1778,235,497,0.2
1779,235,562,1.0
1780,235,597,0.5
1781,235,777,1.0
1782,235,971,0.5
1783,235,979,0.5
1784,235,992,0.5
1785,235,1043,1.0
1786,235,1102,1.0
1787,235,1162,0.5
1788,235,1163,1.0
1789,235,1730,1.0
1790,235,1757,1.0
1791,236,150,0.2
1792,237,82,0.5
1793,237,301,0.5
1794,237,1275,0.3333333333333333
1795,237,1374,1.0
1796,238,303,0.5
1797,238,851,1.0
1798,238,883,1.0
1799,238,1197,0.3333333333333333
1800,238,1389,1.0
1801,239,52,0.07692307692307693
1802,239,91,0.5
1803,239,93,0.125
1804,239,126,0.3333333333333333
1805,239,137,0.2
1806,239,193,0.058823529411764705
1807,239,212,0.07692307692307693
1808,239,216,0.5
1809,239,221,0.5
1810,239,306,1.0
1811,239,400,0.3333333333333333
1812,239,898,0.5
1813,239,998,0.2
1814,239,1169,1.0
1815,239,1490,1.0
1816,239,1523,1.0
1817,239,1598,1.0
1818,239,1778,1.0
1819,240,212,0.07692307692307693
1820,240,311,1.0
1821,240,784,1.0
1822,240,836,1.0
1823,240,1037,0.5
1824,240,1423,1.0
1825,241,79,0.3333333333333333
1826,241,90,0.14285714285714285
1827,241,1685,1.0
1828,242,315,0.5
1829,242,328,0.5
1830,242,443,0.5
1831,242,822,0.5
1832,242,1058,1.0
1833,242,1063,1.0
1834,242,1197,0.3333333333333333
1835,242,1399,0.5
1836,243,316,0.25
1837,243,480,0.5
1838,243,1066,0.2
1839,243,1320,1.0
1840,243,1424,1.0
1841,244,139,0.08333333333333333
1842,244,389,0.3333333333333333
1843,244,512,1.0
1844,244,549,0.3333333333333333
1845,245,85,0.25
1846,245,320,0.5
1847,245,1031,0.5
1848,246,323,1.0
1849,246,361,1.0
1850,246,576,1.0
1851,246,742,0.25
1852,246,1122,0.5
1853,247,193,0.058823529411764705
1854,247,392,0.5
1855,247,401,1.0
1856,247,1529,0.5
1857,248,325,0.25
1858,248,808,0.5
1859,248,926,0.5
1860,249,16,0.043478260869565216
1861,249,68,0.3333333333333333
1862,249,77,0.3333333333333333
1863,249,418,1.0
1864,249,505,1.0
1865,249,580,1.0
1866,249,612,1.0
1867,249,658,1.0
1868,249,866,0.3333333333333333
1869,249,902,0.25
1870,249,1473,0.5
1871,249,1500,1.0
1872,249,1607,1.0
1873,250,333,1.0
1874,251,222,0.25
1875,251,334,1.0
1876,251,1649,1.0
1877,251,1724,1.0
1878,252,41,0.008
1879,252,48,0.16666666666666666
1880,252,335,1.0
1881,252,363,0.5
1882,252,522,1.0
1883,252,558,0.25
1884,252,724,1.0
1885,252,812,0.5
1886,252,854,1.0
1887,252,911,1.0
1888,252,1039,0.5
1889,252,1201,0.3333333333333333
1890,252,1305,1.0
1891,252,1339,1.0
1892,252,1407,1.0
1893,252,1449,1.0
1894,252,1479,1.0
1895,253,337,1.0
1896,253,647,1.0
1897,254,340,0.047619047619047616
1898,255,27,0.07142857142857142
1899,255,41,0.016
1900,255,193,0.058823529411764705
1901,255,346,0.3333333333333333
1902,255,574,1.0
1903,255,672,1.0
1904,255,731,0.5
1905,255,787,1.0
1906,255,835,0.14285714285714285
1907,255,907,0.5
1908,255,944,1.0
1909,255,1082,1.0
1910,255,1349,1.0
1911,255,1422,1.0
1912,255,1612,0.5
1913,255,1725,1.0
1914,255,1728,1.0
1915,256,8,0.5
1916,256,9,0.25
1917,256,16,0.043478260869565216
1918,256,108,0.25
1919,256,250,0.3333333333333333
1920,256,331,0.3333333333333333
1921,256,348,0.5
1922,256,447,0.3333333333333333
1923,256,497,0.2
1924,256,535,0.09090909090909091
1925,256,550,1.0
1926,256,570,0.16666666666666666
1927,256,819,0.5
1928,256,885,0.3333333333333333
1929,256,935,0.25
1930,256,1564,0.5
1931,256,1618,1.0
1932,256,1679,1.0
1933,257,205,0.25
1934,257,353,1.0
1935,257,515,0.3333333333333333
1936,257,554,0.3333333333333333
1937,257,601,1.0
1938,257,624,1.0
1939,257,1117,0.5
1940,257,1706,1.0
1941,258,358,1.0
1942,258,1307,0.3333333333333333
1943,259,360,1.0
1944,259,551,0.2
1945,259,1763,1.0
1946,260,143,0.2
1947,260,158,0.5
1948,260,195,0.2
1949,261,363,0.5
1950,262,364,0.25
1951,262,426,0.5
1952,262,1059,1.0
1953,262,1307,0.3333333333333333
1954,262,1541,1.0
1955,263,41,0.016
1956,263,52,0.07692307692307693
1957,263,127,0.25
1958,263,282,0.5
1959,263,380,1.0
1960,263,420,1.0
1961,263,671,0.3333333333333333
1962,263,675,1.0
1963,263,716,1.0
1964,263,804,0.3333333333333333
1965,263,1015,0.3333333333333333
1966,263,1052,0.5
1967,263,1357,1.0
1968,264,365,1.0
1969,264,1106,1.0
1970,265,366,0.5
1971,266,367,1.0
1972,266,1532,0.5
1973,267,27,0.07142857142857142
1974,267,40,0.09090909090909091
1975,267,41,0.008
1976,267,369,1.0
1977,267,654,0.3333333333333333
1978,267,917,1.0
1979,267,938,1.0
1980,267,1089,1.0
1981,267,1351,0.5
1982,267,1425,1.0
1983,267,1436,0.5
1984,267,1461,1.0
1985,268,22,0.3333333333333333
1986,268,371,0.5
1987,269,374,1.0
1988,269,400,0.3333333333333333
1989,270,388,1.0
1990,270,557,1.0
1991,270,1260,0.25
1992,270,1457,1.0
1993,270,1620,1.0
1994,270,1622,1.0
1995,270,1645,1.0
1996,270,1653,1.0
1997,271,41,0.032
1998,271,438,0.3333333333333333
1999,271,560,0.5
2000,271,642,0.5
2001,271,857,0.5
2002,271,916,1.0
2003,271,1404,1.0
2004,271,1433,1.0
2005,271,1473,0.5
2006,272,153,0.3333333333333333
2007,273,109,0.3333333333333333
2008,273,391,1.0
2009,273,428,1.0
2010,273,793,1.0
2011,273,959,1.0
2012,273,1441,0.5
2013,273,1719,1.0
2014,274,392,0.5
2015,275,11,0.5
2016,275,41,0.008
2017,275,66,0.5
2018,275,409,0.5
2019,275,450,1.0
2020,275,928,1.0
2021,275,991,0.25
2022,275,1197,0.3333333333333333
2023,275,1772,1.0
2024,276,395,1.0
2025,276,915,0.09090909090909091
2026,276,1222,0.3333333333333333
2027,277,41,0.008
2028,277,72,0.5
2029,277,85,0.25
2030,277,304,0.125
2031,277,778,0.3333333333333333
2032,277,1211,0.3333333333333333
2033,277,1350,0.2
2034,277,1368,1.0
2035,277,1410,1.0
2036,277,1559,1.0
2037,277,1578,1.0
2038,277,1586,1.0
2039,278,397,1.0
2040,279,41,0.016
2041,279,403,1.0
2042,279,538,0.5
2043,279,561,0.5
2044,279,698,1.0
2045,279,876,1.0
2046,279,1098,1.0
2047,279,1231,1.0
2048,279,1700,1.0
2049,280,214,0.5
2050,281,376,0.5
2051,281,400,0.3333333333333333
2052,281,452,1.0
2053,281,463,0.5
2054,281,617,0.3333333333333333
2055,281,1209,0.5
2056,281,1736,1.0
2057,282,404,0.5
2058,282,412,0.3333333333333333
2059,282,823,1.0
2060,282,1062,0.16666666666666666
2061,282,1192,0.5
2062,282,1623,1.0
2063,283,274,0.5
2064,283,1595,0.5
2065,284,405,1.0
2066,284,791,1.0
2067,284,805,0.5
2068,284,918,1.0
2069,284,1779,1.0
2070,285,112,0.5
2071,285,408,1.0
2072,286,317,0.3333333333333333
2073,286,411,0.5
2074,286,412,0.3333333333333333
2075,286,478,1.0
2076,287,41,0.008
2077,287,472,1.0
2078,287,568,1.0
2079,287,707,1.0
2080,287,939,1.0
2081,287,1187,0.5
2082,287,1391,1.0
2083,288,146,0.3333333333333333
2084,288,416,1.0
2085,288,529,0.5
2086,288,909,0.5
2087,288,914,0.4
2088,288,1004,1.0
2089,288,1025,1.0
2090,288,1165,1.0
2091,288,1186,1.0
2092,288,1517,1.0
2093,289,423,0.16666666666666666
2094,289,965,0.5
2095,289,1061,0.5
2096,289,1245,1.0
2097,289,1331,1.0
2098,289,1661,1.0
2099,290,35,0.3333333333333333
2100,290,41,0.016
2101,290,92,0.25
2102,290,313,0.5
2103,290,556,1.0
2104,290,671,0.3333333333333333
2105,290,1379,1.0
2106,290,1547,1.0
2107,290,1601,1.0
2108,291,430,0.5
2109,292,379,0.3333333333333333
2110,292,464,0.5
2111,292,747,1.0
2112,292,1051,1.0
2113,293,248,0.3333333333333333
2114,293,431,0.3333333333333333
2115,293,641,0.5
2116,293,1079,1.0
2117,294,432,0.3333333333333333
2118,294,1146,1.0
2119,294,1345,0.5
2120,294,1777,1.0
2121,295,433,0.3333333333333333
2122,295,511,0.2
2123,295,906,1.0
2124,295,1361,1.0
2125,296,434,1.0
2126,296,614,0.5
2127,296,1259,0.5
2128,297,16,0.043478260869565216
2129,297,41,0.024
2130,297,98,0.5
2131,297,150,0.2
2132,297,423,0.16666666666666666
2133,297,435,1.0
2134,297,484,1.0
2135,297,526,0.3333333333333333
2136,297,572,1.0
2137,297,1265,1.0
2138,297,1532,0.5
2139,297,1575,1.0
2140,297,1639,1.0
2141,298,438,0.3333333333333333
2142,298,1212,0.3333333333333333
2143,299,52,0.07692307692307693
2144,299,325,0.25
2145,299,440,0.3333333333333333
2146,299,643,0.5
2147,299,673,0.3333333333333333
2148,299,841,1.0
2149,299,845,0.5
2150,299,943,1.0
2151,299,1160,1.0
2152,299,1193,1.0
2153,299,1512,1.0
2154,299,1552,1.0
2155,299,1655,1.0
2156,299,1680,1.0
2157,300,28,0.3333333333333333
2158,300,445,1.0
2159,300,1280,1.0
2160,301,244,0.5
2161,301,248,0.3333333333333333
2162,301,317,0.3333333333333333
2163,301,446,0.25
2164,301,481,1.0
2165,301,648,0.5
2166,301,1124,1.0
2167,301,1161,0.5
2168,301,1201,0.3333333333333333
2169,301,1209,0.5
2170,301,1244,1.0
2171,301,1605,0.5
2172,302,447,0.3333333333333333
2173,303,448,1.0
2174,304,41,0.008
2175,304,451,1.0
2176,304,511,0.2
2177,304,523,0.2
2178,304,680,1.0
2179,304,708,0.25
2180,304,1052,0.5
2181,304,1166,1.0
2182,304,1535,1.0
2183,305,212,0.07692307692307693
2184,305,1670,1.0
2185,306,457,1.0
2186,306,636,0.5
2187,307,459,1.0
2188,307,756,1.0
2189,308,156,0.5
2190,308,174,0.2
2191,308,224,0.3333333333333333
2192,308,419,0.5
2193,308,460,0.5
2194,308,734,1.0
2195,308,760,0.5
2196,308,796,0.3333333333333333
2197,308,1107,0.5
2198,308,1337,1.0
2199,308,1749,1.0
2200,309,41,0.008
2201,309,237,0.5
2202,309,466,0.5
2203,309,507,0.5
2204,309,537,1.0
2205,309,627,0.5
2206,309,737,1.0
2207,309,822,0.5
2208,309,1182,1.0
2209,309,1508,1.0
2210,310,39,0.3333333333333333
2211,310,477,0.3333333333333333
2212,311,90,0.14285714285714285
2213,311,479,0.5
2214,311,913,1.0
2215,311,1048,1.0
2216,312,101,0.25
2217,312,485,0.5
2218,313,139,0.08333333333333333
2219,313,488,1.0
2220,313,499,0.5
2221,313,708,0.25
2222,314,340,0.047619047619047616
2223,314,530,0.3333333333333333
2224,314,961,0.5
2225,314,1223,0.3333333333333333
2226,314,1257,0.5
2227,314,1398,1.0
2228,315,489,1.0
2229,316,492,1.0
2230,317,493,0.5
2231,317,725,0.2
2232,317,1214,1.0
2233,317,1570,1.0
2234,318,340,0.047619047619047616
2235,318,407,0.25
2236,318,494,1.0
2237,318,674,0.5
2238,318,790,1.0
2239,318,859,1.0
2240,318,1067,0.5
2241,318,1153,1.0
2242,318,1614,1.0
2243,318,1616,0.5
2244,319,496,1.0
2245,319,795,1.0
2246,319,1279,1.0
2247,320,161,0.25
2248,320,497,0.2
2249,320,527,1.0
2250,320,608,0.3333333333333333
2251,320,681,1.0
2252,320,935,0.25
2253,320,1471,0.3333333333333333
2254,320,1497,1.0
2255,321,41,0.008
2256,321,498,1.0
2257,321,763,0.5
2258,322,371,0.5
2259,322,499,0.5
2260,322,902,0.25
2261,322,1000,0.5
2262,322,1065,0.3333333333333333
2263,322,1334,1.0
2264,322,1353,0.5
2265,322,1721,1.0
2266,323,476,0.5
2267,323,501,0.2
2268,323,528,0.25
2269,323,608,0.3333333333333333
2270,323,614,0.5
2271,323,1142,1.0
2272,323,1291,0.3333333333333333
2273,323,1595,0.5
2274,323,1711,1.0
2275,324,295,0.3333333333333333
2276,324,502,1.0
2277,324,560,0.5
2278,324,586,1.0
2279,324,587,0.5
2280,324,679,0.5
2281,324,717,0.5
2282,324,768,1.0
2283,324,805,0.5
2284,324,882,1.0
2285,324,1047,0.5
2286,324,1148,1.0
2287,324,1340,0.5
2288,324,1445,1.0
2289,324,1581,1.0
2290,325,503,1.0
2291,325,1381,1.0
2292,326,100,0.3333333333333333
2293,326,608,0.3333333333333333
2294,326,1530,1.0
2295,326,1599,1.0
2296,327,506,1.0
2297,327,893,1.0
2298,327,896,0.5
2299,327,1386,1.0
2300,328,507,0.5
2301,328,1624,1.0
2302,329,341,0.5
2303,329,510,1.0
2304,329,740,1.0
2305,329,915,0.09090909090909091
2306,329,1392,1.0
2307,329,1416,0.5
2308,329,1644,0.5
2309,329,1764,1.0
2310,330,16,0.043478260869565216
2311,330,967,0.5
2312,331,52,0.07692307692307693
2313,331,514,1.0
2314,331,774,1.0
2315,331,832,0.5
2316,331,949,1.0
2317,331,1470,1.0
2318,331,1701,1.0
2319,331,1762,1.0
2320,332,516,1.0
2321,332,767,0.5
2322,333,453,0.3333333333333333
2323,333,519,1.0
2324,333,711,0.5
2325,334,520,0.5
2326,334,534,1.0
2327,334,750,0.5
2328,335,501,0.2
2329,335,753,1.0
2330,336,366,0.5
2331,337,539,1.0
2332,337,1077,0.3333333333333333
2333,338,541,1.0
2334,338,829,1.0
2335,338,963,0.5
2336,339,548,0.5
2337,340,553,1.0
2338,340,1372,1.0
2339,340,1505,1.0
2340,340,1664,0.5
2341,341,409,0.5
2342,341,555,1.0
2343,341,815,1.0
2344,341,1455,1.0
2345,341,1705,0.5
2346,342,563,1.0
2347,342,1501,0.5
2348,343,564,1.0
2349,344,566,1.0
2350,345,423,0.16666666666666666
2351,345,571,1.0
2352,346,573,1.0
2353,346,725,0.2
2354,346,1067,0.5
2355,346,1201,0.3333333333333333
2356,347,575,1.0
2357,348,577,0.5
2358,348,1621,1.0
2359,349,579,1.0
2360,350,581,1.0
2361,350,759,1.0
2362,350,1340,0.5
2363,350,1651,0.5
2364,350,1691,1.0
2365,351,583,0.3333333333333333
2366,351,1080,1.0
2367,351,1313,0.5
2368,352,584,1.0
2369,352,966,0.5
2370,353,585,1.0
2371,353,831,1.0
2372,353,1460,1.0
2373,353,1564,0.5
2374,354,181,0.3333333333333333
2375,354,588,0.25
2376,354,1046,0.5
2377,354,1328,1.0
2378,354,1348,1.0
2379,355,90,0.14285714285714285
2380,355,749,0.5
2381,355,1194,0.5
2382,356,592,0.5
2383,356,742,0.25
2384,357,600,1.0
2385,357,824,1.0
2386,357,1118,1.0
2387,357,1276,1.0
2388,357,1291,0.3333333333333333
2389,358,93,0.125
2390,358,426,0.5
2391,358,1202,1.0
2392,359,607,1.0
2393,359,1743,1.0
2394,360,610,1.0
2395,360,709,1.0
2396,361,616,1.0
2397,362,618,1.0
2398,362,835,0.14285714285714285
2399,363,622,1.0
2400,363,1062,0.16666666666666666
2401,364,627,0.5
2402,365,629,1.0
2403,365,1087,1.0
2404,366,41,0.008
2405,366,515,0.3333333333333333
2406,366,644,0.5
2407,366,804,0.3333333333333333
2408,366,1217,1.0
2409,366,1293,0.5
2410,366,1350,0.2
2411,366,1373,1.0
2412,366,1418,1.0
2413,366,1483,1.0
2414,366,1627,1.0
2415,367,646,1.0
2416,367,1223,0.3333333333333333
2417,368,36,0.3333333333333333
2418,368,40,0.09090909090909091
2419,368,41,0.008
2420,368,193,0.058823529411764705
2421,368,436,0.5
2422,368,945,1.0
2423,369,594,0.07692307692307693
2424,369,651,0.5
2425,369,1101,0.5
2426,369,1226,1.0
2427,369,1643,1.0
2428,370,314,0.3333333333333333
2429,370,652,1.0
2430,371,535,0.09090909090909091
2431,371,582,0.25
2432,371,655,0.5
2433,371,1002,1.0
2434,371,1503,1.0
2435,372,490,0.3333333333333333
2436,373,626,0.3333333333333333
2437,373,664,1.0
2438,373,1233,1.0
2439,374,674,0.5
2440,375,101,0.25
2441,375,676,0.5
2442,375,726,0.5
2443,375,804,0.3333333333333333
2444,375,852,1.0
2445,375,1023,0.5
2446,375,1353,0.5
2447,375,1427,1.0
2448,375,1635,1.0
2449,375,1709,1.0
2450,376,134,0.1111111111111111
2451,376,462,0.3333333333333333
2452,376,683,0.5
2453,376,688,0.5
2454,377,684,1.0
2455,377,776,0.3333333333333333
2456,377,780,1.0
2457,377,947,0.5
2458,377,1138,0.5
2459,378,691,1.0
2460,378,807,0.3333333333333333
2461,378,1120,0.25
2462,378,1665,0.3333333333333333
2463,379,187,0.3333333333333333
2464,379,621,0.25
2465,379,654,0.3333333333333333
2466,379,694,1.0
2467,379,995,1.0
2468,379,1152,0.5
2469,379,1573,1.0
2470,379,1583,1.0
2471,380,169,0.3333333333333333
2472,380,886,0.25
2473,381,9,0.125
2474,381,699,1.0
2475,382,700,1.0
2476,382,719,1.0
2477,382,798,0.3333333333333333
2478,383,197,0.2
2479,384,134,0.1111111111111111
2480,385,509,0.3333333333333333
2481,386,714,0.5
2482,387,721,1.0
2483,387,889,0.5
2484,388,222,0.25
2485,388,722,0.5
2486,388,880,0.5
2487,388,881,0.5
2488,388,970,0.3333333333333333
2489,389,297,0.5
2490,390,35,0.3333333333333333
2491,390,41,0.008
2492,390,201,0.5
2493,390,617,0.3333333333333333
2494,390,729,1.0
2495,390,809,0.25
2496,390,924,1.0
2497,390,991,0.25
2498,390,1030,1.0
2499,391,121,0.2
2500,391,844,1.0
2501,391,978,1.0
2502,391,1105,0.5
2503,391,1734,1.0
2504,392,41,0.008
2505,392,126,0.3333333333333333
2506,392,501,0.2
2507,392,1032,1.0
2508,392,1188,1.0
2509,392,1475,1.0
2510,392,1688,1.0
2511,392,1742,1.0
2512,393,736,1.0
2513,394,43,0.5
2514,394,197,0.2
2515,394,743,1.0
2516,394,901,1.0
2517,394,1116,1.0
2518,395,162,0.5
2519,395,1225,1.0
2520,395,1540,1.0
2521,396,638,0.5
2522,396,1472,0.5
2523,397,636,0.5
2524,397,748,0.5
2525,397,884,0.3333333333333333
2526,398,750,0.5
2527,398,1666,1.0
2528,399,752,1.0
2529,400,340,0.09523809523809523
2530,400,754,1.0
2531,401,16,0.043478260869565216
2532,401,594,0.07692307692307693
2533,401,762,1.0
2534,401,803,0.5
2535,401,1271,1.0
2536,401,1718,1.0
2537,402,25,0.14285714285714285
2538,402,41,0.008
2539,402,1151,1.0
2540,403,769,1.0
2541,403,1039,0.5
2542,403,1351,0.5
2543,404,770,0.5
2544,405,772,0.5
2545,406,775,1.0
2546,406,968,1.0
2547,407,41,0.008
2548,407,1072,1.0
2549,408,779,1.0
2550,408,1289,0.5
2551,409,122,0.3333333333333333
2552,409,783,1.0
2553,409,1403,1.0
2554,409,1616,0.5
2555,410,788,1.0
2556,411,792,1.0
2557,411,1605,0.5
2558,412,41,0.008
2559,412,628,0.5
2560,412,794,1.0
2561,412,1612,0.5
2562,412,1675,1.0
2563,413,797,0.3333333333333333
2564,413,932,0.5
2565,413,942,1.0
2566,413,1250,0.5
2567,413,1316,0.3333333333333333
2568,414,800,1.0
2569,415,170,0.3333333333333333
2570,415,801,1.0
2571,415,1119,1.0
2572,415,1215,1.0
2573,415,1263,0.3333333333333333
2574,416,803,0.5
2575,417,134,0.1111111111111111
2576,417,153,0.3333333333333333
2577,417,807,0.3333333333333333
2578,418,139,0.08333333333333333
2579,418,303,0.5
2580,418,570,0.16666666666666666
2581,418,714,0.5
2582,418,828,0.25
2583,418,1006,0.5
2584,418,1055,1.0
2585,419,50,0.3333333333333333
2586,419,316,0.25
2587,419,679,0.5
2588,419,1227,1.0
2589,419,1592,1.0
2590,419,1780,1.0
2591,420,41,0.008
2592,421,375,0.5
2593,421,813,1.0
2594,421,837,0.3333333333333333
2595,421,862,1.0
2596,421,1266,1.0
2597,421,1681,1.0
2598,422,324,0.25
2599,422,1045,1.0
2600,423,340,0.047619047619047616
2601,423,598,0.5
2602,423,617,0.3333333333333333
2603,423,820,1.0
2604,423,937,0.5
2605,423,1028,1.0
2606,423,1068,1.0
2607,423,1591,1.0
2608,423,1602,1.0
2609,424,825,1.0
2610,424,1539,1.0
2611,425,340,0.047619047619047616
2612,425,1065,0.3333333333333333
2613,425,1184,0.5
2614,425,1590,1.0
2615,425,1626,1.0
2616,426,594,0.07692307692307693
2617,427,834,0.5
2618,428,535,0.09090909090909091
2619,429,837,0.3333333333333333
2620,430,41,0.008
2621,430,840,1.0
2622,430,1316,0.3333333333333333
2623,430,1662,1.0
2624,431,179,0.25
2625,431,846,1.0
2626,431,1031,0.5
2627,432,197,0.2
2628,432,525,0.5
2629,432,1400,1.0
2630,433,850,1.0
2631,434,174,0.2
2632,434,501,0.2
2633,434,853,1.0
2634,434,885,0.3333333333333333
2635,435,47,0.3333333333333333
2636,435,1444,1.0
2637,436,29,0.5
2638,436,243,0.5
2639,436,398,0.3333333333333333
2640,436,570,0.16666666666666666
2641,436,799,0.3333333333333333
2642,436,860,0.5
2643,437,213,0.5
2644,438,28,0.3333333333333333
2645,439,868,1.0
2646,439,1228,1.0
2647,440,199,0.16666666666666666
2648,440,875,1.0
2649,440,986,0.5
2650,440,998,0.2
2651,440,1115,1.0
2652,440,1322,0.5
2653,440,1356,1.0
2654,440,1416,0.5
2655,441,877,1.0
2656,441,878,0.5
2657,441,1350,0.2
2658,442,888,1.0
2659,443,894,1.0
2660,443,1088,1.0
2661,443,1130,1.0
2662,443,1137,1.0
2663,443,1181,1.0
2664,443,1236,1.0
2665,443,1243,1.0
2666,444,897,0.5
2667,445,900,1.0
2668,446,902,0.25
2669,446,986,0.5
2670,447,763,0.5
2671,447,821,0.25
2672,448,908,1.0
2673,449,912,1.0
2674,450,199,0.16666666666666666
2675,450,761,0.5
2676,450,1104,0.3333333333333333
2677,450,1341,1.0
2678,451,807,0.3333333333333333
2679,451,920,0.3333333333333333
2680,451,1263,0.3333333333333333
2681,451,1628,1.0
2682,452,18,0.5
2683,452,170,0.3333333333333333
2684,452,520,0.5
2685,452,922,0.5
2686,452,1074,1.0
2687,452,1385,0.5
2688,453,90,0.14285714285714285
2689,453,324,0.25
2690,454,159,0.5
2691,454,423,0.16666666666666666
2692,454,929,1.0
2693,454,1408,1.0
2694,455,41,0.016
2695,455,296,0.5
2696,455,1054,1.0
2697,455,1498,1.0
2698,456,951,1.0
2699,457,835,0.14285714285714285
2700,457,954,1.0
2701,457,1440,1.0
2702,458,962,1.0
2703,458,1015,0.3333333333333333
2704,458,1207,1.0
2705,458,1311,1.0
2706,458,1387,1.0
2707,458,1712,1.0
2708,459,964,1.0
2709,459,1611,1.0
2710,460,139,0.08333333333333333
2711,460,249,0.125
2712,460,523,0.2
2713,460,591,0.3333333333333333
2714,460,663,0.5
2715,460,863,0.3333333333333333
2716,460,932,0.5
2717,460,1145,1.0
2718,460,1499,1.0
2719,461,997,1.0
2720,462,149,0.5
2721,462,271,0.25
2722,463,1010,1.0
2723,463,1093,1.0
2724,463,1154,1.0
2725,463,1496,0.3333333333333333
2726,463,1518,1.0
2727,464,1012,0.5
2728,464,1196,1.0
2729,465,161,0.25
2730,465,340,0.047619047619047616
2731,465,739,0.5
2732,465,1022,0.5
2733,465,1078,0.5
2734,465,1298,0.3333333333333333
2735,465,1362,1.0
2736,465,1501,0.5
2737,466,1036,1.0
2738,467,1037,0.5
2739,468,174,0.2
2740,469,551,0.2
2741,470,1073,0.5
2742,471,1075,0.5
2743,471,1704,1.0
2744,472,1076,1.0
2745,472,1486,1.0
2746,473,79,0.3333333333333333
2747,473,139,0.08333333333333333
2748,473,144,0.3333333333333333
2749,473,1084,1.0
2750,474,671,0.3333333333333333
2751,474,1086,1.0
2752,474,1144,0.5
2753,474,1278,1.0
2754,474,1634,1.0
2755,475,935,0.25
2756,476,304,0.125
2757,476,594,0.07692307692307693
2758,476,1095,1.0
2759,477,315,0.5
2760,478,301,0.5
2761,478,884,0.3333333333333333
2762,478,1264,1.0
2763,478,1437,1.0
2764,479,174,0.2
2765,479,479,0.5
2766,479,1660,1.0
2767,479,1668,1.0
2768,480,1015,0.3333333333333333
2769,481,687,0.5
2770,481,1155,0.5
2771,482,212,0.07692307692307693
2772,482,321,0.5
2773,483,343,0.5
2774,483,1127,1.0
2775,483,1504,0.5
2776,484,468,0.3333333333333333
2777,485,764,0.5
2778,485,1133,1.0
2779,486,1141,1.0
2780,487,16,0.043478260869565216
2781,487,309,0.3333333333333333
2782,488,115,0.2
2783,489,1156,1.0
2784,490,41,0.008
2785,490,922,0.5
2786,491,1034,0.3333333333333333
2787,492,594,0.07692307692307693
2788,492,1167,1.0
2789,493,974,0.3333333333333333
2790,493,1384,1.0
2791,494,137,0.2
2792,494,1175,0.5
2793,495,1180,1.0
2794,495,1690,1.0
2795,496,1184,0.5
2796,496,1474,0.5
2797,497,249,0.125
2798,498,1198,1.0
2799,498,1733,1.0
2800,499,1200,1.0
2801,500,1203,1.0
2802,500,1330,1.0
2803,501,58,0.5
2804,502,41,0.008
2805,502,1219,1.0
2806,503,905,0.5
2807,504,310,0.5
2808,505,856,0.5
2809,506,80,0.2
2810,506,1293,0.5
2811,506,1476,1.0
2812,507,1270,0.5
2813,508,1284,1.0
2814,509,523,0.2
2815,510,1285,1.0
2816,510,1413,1.0
2817,511,635,0.5
2818,512,1300,1.0
2819,513,89,0.5
2820,513,139,0.08333333333333333
2821,514,1306,1.0
2822,515,604,0.5
2823,516,551,0.2
2824,517,150,0.2
2825,517,837,0.3333333333333333
2826,518,139,0.08333333333333333
2827,518,798,0.3333333333333333
2828,519,1329,1.0
2829,520,1338,1.0
2830,520,1603,1.0
2831,521,32,0.5
2832,522,1105,0.5
2833,522,1223,0.3333333333333333
2834,523,167,0.3333333333333333
2835,523,447,0.3333333333333333
2836,524,41,0.008
2837,524,71,0.25
2838,524,476,0.25
2839,524,1667,1.0
2840,525,1345,0.5
2841,525,1446,0.3333333333333333
2842,526,1363,1.0
2843,526,1548,1.0
2844,527,195,0.2
2845,527,834,0.5
2846,527,1365,1.0
2847,528,1367,1.0
2848,528,1525,1.0
2849,529,193,0.058823529411764705
2850,529,1571,1.0
2851,529,1758,1.0
2852,530,1371,1.0
2853,531,1377,1.0
2854,532,1195,0.5
2855,533,309,0.3333333333333333
2856,534,1275,0.3333333333333333
2857,535,594,0.07692307692307693
2858,536,1390,1.0
2859,537,145,0.3333333333333333
2860,538,1396,1.0
2861,538,1739,1.0
2862,539,1402,1.0
2863,539,1593,1.0
2864,540,915,0.09090909090909091
2865,540,1441,0.5
2866,541,1409,1.0
2867,542,1414,1.0
2868,543,920,0.3333333333333333
2869,543,1275,0.3333333333333333
2870,544,1158,0.5
2871,545,1222,0.3333333333333333
2872,546,1434,0.5
2873,547,531,0.5
2874,547,1218,0.5
2875,548,665,0.5
2876,549,1446,0.3333333333333333
2877,550,16,0.043478260869565216
2878,551,41,0.008
2879,552,40,0.09090909090909091
2880,553,1450,1.0
2881,554,702,0.5
2882,555,1463,1.0
2883,556,324,0.25
2884,557,1471,0.3333333333333333
2885,557,1579,0.5
2886,558,799,0.3333333333333333
2887,559,80,0.2
2888,560,1484,1.0
2889,560,1637,1.0
2890,561,1487,1.0
2891,562,1491,1.0
2892,563,193,0.058823529411764705
2893,564,1504,0.5
2894,565,1507,1.0
2895,566,109,0.3333333333333333
2896,567,490,0.3333333333333333
2897,568,1536,1.0
2898,569,444,0.5
2899,570,1544,1.0
2900,571,1546,1.0
2901,572,1291,0.3333333333333333
2902,573,41,0.008
2903,574,212,0.07692307692307693
2904,575,277,0.5
2905,575,513,0.25
2906,575,708,0.25
2907,575,1750,1.0
2908,576,1567,1.0
2909,577,1511,0.5
2910,578,1263,0.3333333333333333
2911,579,150,0.2
2912,580,748,0.5
2913,581,177,0.5
2914,582,1604,1.0
2915,583,1099,0.3333333333333333
2916,583,1651,0.5
2917,584,1613,1.0
2918,585,1617,1.0
2919,586,925,0.3333333333333333
2920,587,40,0.09090909090909091
2921,588,497,0.2
2922,589,881,0.5
2923,590,704,0.3333333333333333
2924,591,798,0.3333333333333333
2925,592,1671,1.0
2926,593,1446,0.3333333333333333
2927,594,1673,1.0
2928,595,181,0.3333333333333333
2929,595,828,0.25
2930,596,178,0.5
2931,597,212,0.07692307692307693
2932,598,1644,0.5
2933,599,1474,0.5
2934,600,725,0.2
2935,601,1510,0.5
2936,602,460,0.5
2937,603,1722,1.0
2938,604,232,0.25
2939,605,548,0.5
2940,606,193,0.058823529411764705
