,households_tVar,median_house_value_tVar,values
0,0,0,1.0
1,0,73,0.3333333333333333
2,0,308,1.0
3,0,1097,1.0
4,0,1120,0.25
5,0,1688,1.0
6,1,1,1.0
7,1,36,0.3333333333333333
8,1,149,0.5
9,1,251,0.5
10,1,570,0.16666666666666666
11,1,643,0.5
12,2,2,1.0
13,2,595,0.3333333333333333
14,2,1246,0.5
15,3,3,1.0
16,4,4,1.0
17,4,1265,1.0
18,4,1486,1.0
19,5,5,0.3333333333333333
20,5,442,1.0
21,5,852,1.0
22,5,1261,1.0
23,5,1293,0.5
24,6,5,0.3333333333333333
25,6,167,0.3333333333333333
26,6,493,0.5
27,6,1694,1.0
28,7,6,1.0
29,7,41,0.008
30,7,799,0.3333333333333333
31,7,1032,1.0
32,8,7,0.3333333333333333
33,8,85,0.25
34,9,8,0.5
35,9,16,0.043478260869565216
36,9,915,0.09090909090909091
37,10,9,0.125
38,10,25,0.14285714285714285
39,10,41,0.008
40,10,185,0.5
41,10,362,0.25
42,10,474,1.0
43,10,1439,0.5
44,11,10,0.5
45,11,134,0.1111111111111111
46,12,11,0.5
47,12,366,0.5
48,12,1312,1.0
49,13,12,0.5
50,13,121,0.2
51,13,211,0.5
52,14,13,1.0
53,14,195,0.2
54,14,423,0.16666666666666666
55,14,484,1.0
56,14,636,0.5
57,14,826,0.3333333333333333
58,14,1466,0.5
59,14,1532,0.5
60,15,14,1.0
61,15,52,0.07692307692307693
62,15,690,0.5
63,15,1414,1.0
64,15,1561,1.0
65,16,15,0.4
66,17,16,0.043478260869565216
67,17,688,0.5
68,18,17,0.5
69,18,96,0.2
70,18,139,0.08333333333333333
71,18,232,0.25
72,18,294,1.0
73,18,665,0.5
74,18,917,1.0
75,18,1174,1.0
76,19,18,0.5
77,20,19,0.5
78,20,907,0.5
79,20,936,1.0
80,20,1054,1.0
81,21,20,1.0
82,21,27,0.07142857142857142
83,21,1249,1.0
84,21,1335,1.0
85,22,21,1.0
86,22,41,0.008
87,22,969,0.3333333333333333
88,23,22,0.3333333333333333
89,23,41,0.008
90,23,1275,0.3333333333333333
91,23,1588,1.0
92,24,23,0.5
93,25,24,1.0
94,25,886,0.25
95,25,1099,0.3333333333333333
96,25,1402,1.0
97,26,25,0.14285714285714285
98,26,191,1.0
99,26,941,0.5
100,27,26,1.0
101,27,455,1.0
102,27,1302,1.0
103,27,1319,1.0
104,27,1530,1.0
105,28,27,0.07142857142857142
106,29,28,0.3333333333333333
107,29,599,1.0
108,29,1163,1.0
109,30,16,0.043478260869565216
110,30,29,0.5
111,30,54,0.5
112,30,216,0.5
113,30,276,0.2
114,30,321,0.5
115,30,571,1.0
116,30,970,0.3333333333333333
117,30,1363,1.0
118,31,30,0.5
119,31,205,0.25
120,31,517,1.0
121,31,631,1.0
122,31,1066,0.2
123,31,1333,1.0
124,32,31,1.0
125,32,826,0.3333333333333333
126,32,1512,1.0
127,33,32,0.5
128,34,33,0.5
129,34,42,1.0
130,34,347,0.5
131,34,742,0.25
132,34,1194,0.5
133,35,34,1.0
134,35,549,0.3333333333333333
135,36,35,0.3333333333333333
136,36,219,1.0
137,36,837,0.3333333333333333
138,36,1234,0.5
139,36,1297,1.0
140,36,1404,1.0
141,37,37,1.0
142,37,41,0.008
143,37,324,0.25
144,37,382,1.0
145,37,468,0.3333333333333333
146,37,549,0.3333333333333333
147,38,38,1.0
148,38,563,1.0
149,39,39,0.3333333333333333
150,39,40,0.09090909090909091
151,39,62,1.0
152,39,91,0.5
153,39,174,0.2
154,39,432,0.3333333333333333
155,39,1039,0.5
156,39,1376,1.0
157,39,1493,1.0
158,39,1609,0.5
159,39,1662,1.0
160,40,40,0.09090909090909091
161,40,327,1.0
162,40,535,0.09090909090909091
163,40,596,0.5
164,40,677,1.0
165,40,713,0.5
166,40,944,1.0
167,40,1176,1.0
168,40,1388,1.0
169,40,1557,0.5
170,40,1616,0.5
171,41,41,0.008
172,41,77,0.3333333333333333
173,41,207,0.5
174,41,678,1.0
175,41,1284,1.0
176,41,1378,1.0
177,42,16,0.043478260869565216
178,42,43,0.5
179,42,106,1.0
180,42,243,0.5
181,42,604,0.5
182,42,1214,1.0
183,42,1728,1.0
184,43,44,0.25
185,44,41,0.008
186,44,45,0.25
187,44,213,0.5
188,44,379,0.3333333333333333
189,44,674,0.5
190,44,735,0.5
191,44,1023,0.5
192,45,46,0.3333333333333333
193,45,535,0.09090909090909091
194,45,673,0.3333333333333333
195,45,756,1.0
196,45,946,1.0
197,45,1368,1.0
198,46,47,0.3333333333333333
199,46,244,0.5
200,46,598,0.5
201,46,635,0.5
202,46,807,0.3333333333333333
203,47,48,0.16666666666666666
204,48,49,1.0
205,49,50,0.3333333333333333
206,50,41,0.008
207,50,51,0.2
208,50,97,1.0
209,50,364,0.25
210,50,554,0.3333333333333333
211,50,1042,1.0
212,50,1197,0.3333333333333333
213,50,1434,0.5
214,50,1579,0.5
215,50,1780,1.0
216,51,52,0.07692307692307693
217,51,115,0.2
218,51,117,1.0
219,51,210,0.5
220,51,251,0.5
221,51,324,0.25
222,51,487,0.3333333333333333
223,51,845,0.5
224,51,1434,0.5
225,51,1653,1.0
226,52,41,0.008
227,52,53,1.0
228,52,83,0.5
229,52,175,0.3333333333333333
230,52,204,0.5
231,52,286,0.3333333333333333
232,52,340,0.047619047619047616
233,52,709,1.0
234,52,1053,0.5
235,52,1317,1.0
236,52,1770,1.0
237,53,55,0.5
238,53,1283,1.0
239,53,1640,1.0
240,54,8,0.5
241,54,56,0.3333333333333333
242,54,463,0.5
243,54,576,1.0
244,54,807,0.3333333333333333
245,55,16,0.043478260869565216
246,55,50,0.3333333333333333
247,55,57,0.3333333333333333
248,55,606,1.0
249,55,1112,1.0
250,55,1325,1.0
251,56,58,0.5
252,56,108,0.25
253,56,1618,1.0
254,57,25,0.14285714285714285
255,57,59,1.0
256,57,816,1.0
257,58,60,0.5
258,58,363,0.5
259,58,441,1.0
260,58,567,0.5
261,58,1165,1.0
262,58,1768,1.0
263,59,61,1.0
264,59,956,0.5
265,59,1206,1.0
266,60,45,0.25
267,60,63,0.5
268,60,193,0.058823529411764705
269,60,195,0.2
270,61,64,1.0
271,61,605,1.0
272,62,65,0.5
273,63,41,0.008
274,63,66,0.5
275,63,211,0.5
276,63,394,1.0
277,63,746,0.25
278,63,1183,1.0
279,63,1542,0.5
280,63,1623,1.0
281,63,1778,1.0
282,64,67,0.3333333333333333
283,64,607,1.0
284,65,68,0.3333333333333333
285,65,154,0.5
286,65,841,1.0
287,66,69,1.0
288,66,311,1.0
289,66,708,0.25
290,66,742,0.25
291,66,1273,1.0
292,67,9,0.125
293,67,161,0.25
294,68,70,1.0
295,68,832,0.5
296,68,1121,1.0
297,69,41,0.008
298,69,71,0.25
299,69,201,0.5
300,69,234,1.0
301,69,403,1.0
302,69,1263,0.3333333333333333
303,69,1280,1.0
304,69,1601,1.0
305,70,72,0.5
306,70,340,0.047619047619047616
307,70,552,0.5
308,70,868,1.0
309,71,74,1.0
310,71,538,0.5
311,71,1124,1.0
312,71,1468,1.0
313,72,75,1.0
314,72,187,0.3333333333333333
315,72,1033,1.0
316,73,76,0.5
317,73,718,1.0
318,74,16,0.043478260869565216
319,74,364,0.25
320,75,41,0.008
321,75,45,0.25
322,75,180,0.3333333333333333
323,75,317,0.3333333333333333
324,75,528,0.25
325,75,627,0.5
326,75,899,1.0
327,75,971,0.5
328,75,1104,0.3333333333333333
329,75,1169,1.0
330,75,1362,1.0
331,75,1726,1.0
332,76,41,0.008
333,76,77,0.3333333333333333
334,76,248,0.3333333333333333
335,76,1062,0.16666666666666666
336,76,1087,1.0
337,76,1313,0.5
338,77,19,0.5
339,78,78,0.3333333333333333
340,78,526,0.3333333333333333
341,78,689,1.0
342,78,820,1.0
343,78,935,0.25
344,78,1257,0.5
345,78,1531,1.0
346,79,79,0.3333333333333333
347,79,1251,1.0
348,80,80,0.2
349,80,402,1.0
350,81,81,0.5
351,81,623,1.0
352,81,764,0.5
353,81,1138,0.5
354,81,1223,0.3333333333333333
355,81,1346,1.0
356,81,1500,1.0
357,81,1649,1.0
358,82,82,0.5
359,82,683,0.5
360,82,1013,1.0
361,82,1342,1.0
362,83,40,0.09090909090909091
363,83,52,0.07692307692307693
364,83,84,0.5
365,83,89,0.5
366,84,85,0.25
367,84,594,0.07692307692307693
368,84,1088,1.0
369,84,1208,0.5
370,84,1573,1.0
371,85,80,0.2
372,85,86,1.0
373,85,297,0.5
374,85,435,1.0
375,85,583,0.3333333333333333
376,85,622,1.0
377,85,914,0.2
378,85,1212,0.3333333333333333
379,85,1349,1.0
380,85,1611,1.0
381,86,16,0.043478260869565216
382,86,87,0.5
383,86,659,1.0
384,86,1207,1.0
385,87,41,0.008
386,87,88,0.5
387,87,643,0.5
388,87,1357,1.0
389,88,36,0.3333333333333333
390,88,90,0.14285714285714285
391,88,271,0.25
392,88,797,0.3333333333333333
393,88,840,1.0
394,89,92,0.25
395,89,115,0.2
396,89,1024,0.5
397,89,1298,0.3333333333333333
398,90,93,0.125
399,90,482,0.5
400,90,1150,1.0
401,90,1632,1.0
402,90,1730,1.0
403,91,94,1.0
404,91,283,0.3333333333333333
405,91,649,1.0
406,92,95,0.5
407,93,78,0.3333333333333333
408,93,96,0.2
409,93,121,0.2
410,93,168,0.5
411,93,803,0.5
412,93,867,0.5
413,93,877,1.0
414,93,979,0.5
415,93,981,0.5
416,93,1340,0.5
417,93,1685,1.0
418,94,40,0.09090909090909091
419,95,98,0.5
420,95,173,0.5
421,95,732,0.5
422,95,860,0.5
423,96,99,0.5
424,96,1050,0.5
425,97,41,0.008
426,97,100,0.3333333333333333
427,97,153,0.3333333333333333
428,97,181,0.3333333333333333
429,97,1475,1.0
430,97,1490,1.0
431,97,1619,1.0
432,98,101,0.25
433,98,120,0.5
434,98,355,0.5
435,98,666,1.0
436,98,703,1.0
437,98,1113,1.0
438,98,1120,0.25
439,98,1125,1.0
440,99,41,0.008
441,99,102,1.0
442,99,127,0.25
443,99,291,1.0
444,99,702,0.5
445,99,853,1.0
446,99,938,1.0
447,99,1099,0.3333333333333333
448,99,1179,1.0
449,99,1276,1.0
450,100,96,0.2
451,100,103,1.0
452,100,249,0.125
453,100,353,1.0
454,100,399,1.0
455,100,405,1.0
456,100,499,0.5
457,100,797,0.3333333333333333
458,100,822,0.5
459,100,1106,1.0
460,100,1275,0.3333333333333333
461,100,1734,1.0
462,101,104,1.0
463,101,347,0.5
464,101,524,1.0
465,101,548,0.5
466,101,670,1.0
467,101,934,1.0
468,102,52,0.07692307692307693
469,102,105,1.0
470,102,212,0.07692307692307693
471,102,839,0.5
472,102,965,0.5
473,102,1039,0.5
474,102,1107,0.5
475,102,1607,1.0
476,103,9,0.125
477,103,41,0.008
478,103,721,1.0
479,103,962,1.0
480,103,1344,1.0
481,104,107,1.0
482,104,1003,0.3333333333333333
483,105,41,0.008
484,105,189,1.0
485,105,250,0.3333333333333333
486,105,715,1.0
487,105,857,0.5
488,105,1063,1.0
489,105,1290,1.0
490,106,41,0.008
491,106,646,1.0
492,106,821,0.25
493,106,947,0.5
494,106,977,1.0
495,106,1461,1.0
496,107,109,0.3333333333333333
497,107,212,0.07692307692307693
498,108,101,0.25
499,108,110,1.0
500,108,1099,0.3333333333333333
501,109,111,0.5
502,110,112,0.5
503,111,113,1.0
504,111,765,0.5
505,112,46,0.3333333333333333
506,112,51,0.2
507,112,114,1.0
508,112,433,0.3333333333333333
509,112,497,0.2
510,112,566,1.0
511,112,792,1.0
512,112,1589,1.0
513,113,16,0.043478260869565216
514,113,41,0.008
515,113,115,0.2
516,113,1188,1.0
517,113,1763,1.0
518,113,1773,1.0
519,114,16,0.043478260869565216
520,114,41,0.008
521,114,116,1.0
522,114,131,1.0
523,114,321,0.5
524,115,23,0.5
525,115,88,0.5
526,115,118,0.5
527,115,295,0.3333333333333333
528,115,1321,1.0
529,116,119,1.0
530,116,1002,1.0
531,117,120,0.5
532,117,1241,1.0
533,117,1439,0.5
534,118,41,0.008
535,118,121,0.2
536,118,583,0.3333333333333333
537,118,828,0.25
538,118,902,0.25
539,118,974,0.3333333333333333
540,118,1350,0.2
541,118,1470,1.0
542,119,33,0.5
543,119,122,0.3333333333333333
544,119,520,0.5
545,119,1011,1.0
546,120,41,0.008
547,120,48,0.16666666666666666
548,120,340,0.047619047619047616
549,120,426,0.5
550,120,1062,0.16666666666666666
551,120,1218,0.5
552,120,1645,1.0
553,121,85,0.25
554,121,123,1.0
555,121,433,0.3333333333333333
556,121,889,0.5
557,121,1046,0.5
558,121,1647,1.0
559,121,1718,1.0
560,122,15,0.2
561,122,341,0.5
562,123,41,0.008
563,123,52,0.07692307692307693
564,123,124,1.0
565,123,920,0.3333333333333333
566,123,1393,1.0
567,123,1669,1.0
568,124,125,0.5
569,125,126,0.3333333333333333
570,125,420,1.0
571,125,654,0.3333333333333333
572,125,905,0.5
573,126,127,0.25
574,126,304,0.125
575,127,128,1.0
576,127,735,0.5
577,127,1242,1.0
578,127,1428,1.0
579,128,129,0.5
580,128,276,0.2
581,128,827,1.0
582,128,1065,0.3333333333333333
583,128,1234,0.5
584,129,41,0.008
585,129,130,0.5
586,129,324,0.25
587,129,661,1.0
588,129,1576,1.0
589,130,71,0.25
590,130,132,1.0
591,130,509,0.3333333333333333
592,130,693,1.0
593,130,879,0.5
594,130,1053,0.5
595,130,1090,1.0
596,130,1161,0.5
597,130,1348,1.0
598,130,1495,1.0
599,131,44,0.25
600,131,71,0.25
601,131,1004,1.0
602,131,1071,1.0
603,132,133,0.5
604,133,134,0.1111111111111111
605,133,725,0.2
606,133,835,0.14285714285714285
607,133,1416,0.5
608,133,1466,0.5
609,134,135,1.0
610,134,150,0.2
611,135,136,1.0
612,135,942,1.0
613,136,137,0.2
614,136,594,0.07692307692307693
615,136,1744,1.0
616,137,138,1.0
617,137,164,0.5
618,137,182,1.0
619,137,262,0.3333333333333333
620,137,745,1.0
621,137,746,0.25
622,137,772,0.5
623,137,1126,1.0
624,137,1410,1.0
625,137,1539,1.0
626,138,30,0.5
627,138,41,0.008
628,139,41,0.008
629,139,93,0.25
630,139,139,0.08333333333333333
631,139,682,1.0
632,139,1703,1.0
633,140,140,0.5
634,140,340,0.047619047619047616
635,140,614,0.5
636,140,837,0.3333333333333333
637,140,1350,0.2
638,141,141,0.5
639,141,340,0.047619047619047616
640,141,863,0.3333333333333333
641,141,1000,0.5
642,142,122,0.3333333333333333
643,142,142,1.0
644,142,322,0.3333333333333333
645,142,1023,0.5
646,142,1513,1.0
647,143,143,0.2
648,143,1425,1.0
649,144,41,0.008
650,145,52,0.07692307692307693
651,145,144,0.3333333333333333
652,145,754,1.0
653,145,784,1.0
654,145,961,0.5
655,145,1059,1.0
656,145,1510,0.5
657,146,145,0.3333333333333333
658,146,450,1.0
659,146,728,1.0
660,146,863,0.3333333333333333
661,146,1213,1.0
662,146,1380,1.0
663,146,1479,1.0
664,147,146,0.3333333333333333
665,147,276,0.2
666,148,41,0.008
667,148,147,0.3333333333333333
668,148,187,0.3333333333333333
669,148,235,1.0
670,148,476,0.25
671,148,663,0.5
672,148,921,0.3333333333333333
673,148,1424,1.0
674,149,63,0.5
675,149,998,0.2
676,150,139,0.08333333333333333
677,150,148,1.0
678,150,162,0.5
679,150,446,0.25
680,150,1260,0.25
681,150,1560,1.0
682,150,1643,1.0
683,150,1675,1.0
684,151,150,0.2
685,151,318,1.0
686,152,151,0.3333333333333333
687,152,279,0.5
688,152,1267,1.0
689,152,1355,1.0
690,152,1482,1.0
691,152,1488,1.0
692,152,1491,1.0
693,153,152,1.0
694,154,41,0.008
695,154,153,0.3333333333333333
696,155,155,1.0
697,155,300,0.5
698,155,479,0.5
699,155,854,1.0
700,156,156,0.5
701,156,502,1.0
702,156,727,0.5
703,157,41,0.008
704,157,67,0.3333333333333333
705,157,157,1.0
706,157,383,1.0
707,157,389,0.3333333333333333
708,157,638,0.5
709,157,708,0.25
710,158,158,0.5
711,158,325,0.25
712,158,334,1.0
713,158,826,0.3333333333333333
714,158,904,0.5
715,158,1455,1.0
716,158,1553,1.0
717,159,159,0.5
718,159,1496,0.3333333333333333
719,160,160,0.3333333333333333
720,160,969,0.3333333333333333
721,160,1779,1.0
722,161,161,0.25
723,161,232,0.25
724,161,253,0.5
725,161,786,0.5
726,161,966,0.5
727,161,1056,1.0
728,162,163,1.0
729,162,907,0.5
730,163,165,1.0
731,164,41,0.008
732,164,401,1.0
733,164,446,0.25
734,164,667,1.0
735,164,1652,1.0
736,165,16,0.043478260869565216
737,165,166,1.0
738,165,198,1.0
739,165,465,0.5
740,165,941,0.5
741,165,1550,0.5
742,166,90,0.14285714285714285
743,166,169,0.3333333333333333
744,166,794,1.0
745,167,18,0.5
746,167,153,0.3333333333333333
747,167,170,0.3333333333333333
748,167,505,1.0
749,167,560,0.5
750,167,803,0.5
751,168,67,0.3333333333333333
752,168,342,1.0
753,168,375,0.5
754,168,477,0.3333333333333333
755,168,881,0.5
756,168,928,1.0
757,168,1225,1.0
758,168,1769,1.0
759,169,139,0.08333333333333333
760,169,171,0.5
761,169,771,0.5
762,169,930,1.0
763,169,1292,1.0
764,170,58,0.5
765,170,172,1.0
766,170,260,0.5
767,170,466,0.5
768,170,553,1.0
769,170,642,0.5
770,170,1185,0.3333333333333333
771,170,1527,1.0
772,171,176,1.0
773,171,935,0.25
774,171,1627,1.0
775,172,177,0.5
776,172,778,0.3333333333333333
777,172,998,0.2
778,173,41,0.008
779,173,150,0.2
780,173,178,0.5
781,173,1606,1.0
782,174,139,0.08333333333333333
783,175,44,0.25
784,175,213,0.5
785,175,280,0.5
786,175,529,0.5
787,175,1049,0.5
788,175,1307,0.3333333333333333
789,176,179,0.25
790,176,762,1.0
791,176,863,0.3333333333333333
792,176,1271,1.0
793,176,1394,1.0
794,176,1628,1.0
795,177,180,0.3333333333333333
796,177,304,0.125
797,178,96,0.2
798,178,181,0.3333333333333333
799,178,217,1.0
800,178,226,1.0
801,178,591,0.3333333333333333
802,179,183,1.0
803,179,966,0.5
804,179,1201,0.3333333333333333
805,179,1473,0.5
806,179,1693,1.0
807,180,184,1.0
808,180,510,1.0
809,180,546,0.5
810,180,1052,0.5
811,180,1315,1.0
812,180,1614,1.0
813,181,186,1.0
814,182,187,0.3333333333333333
815,183,188,1.0
816,183,447,0.3333333333333333
817,183,538,0.5
818,183,551,0.2
819,183,1415,1.0
820,183,1453,1.0
821,183,1612,0.5
822,184,190,1.0
823,185,192,1.0
824,185,309,0.3333333333333333
825,185,497,0.2
826,185,613,1.0
827,185,1375,1.0
828,185,1498,1.0
829,185,1782,1.0
830,186,41,0.008
831,186,193,0.058823529411764705
832,187,194,1.0
833,187,617,0.3333333333333333
834,187,892,1.0
835,187,1092,1.0
836,188,41,0.008
837,188,143,0.2
838,188,195,0.2
839,188,317,0.3333333333333333
840,188,640,0.25
841,188,897,0.5
842,189,160,0.3333333333333333
843,189,179,0.25
844,189,196,1.0
845,189,644,0.5
846,189,734,1.0
847,189,1679,1.0
848,190,197,0.2
849,191,41,0.008
850,191,199,0.16666666666666666
851,191,340,0.047619047619047616
852,191,343,0.5
853,191,776,0.3333333333333333
854,191,1252,1.0
855,191,1365,1.0
856,192,93,0.125
857,192,434,1.0
858,192,837,0.3333333333333333
859,192,1197,0.3333333333333333
860,192,1259,0.5
861,192,1351,0.5
862,192,1524,1.0
863,193,200,0.5
864,193,249,0.125
865,193,385,1.0
866,193,1208,0.5
867,194,201,0.5
868,194,490,0.3333333333333333
869,194,1037,0.5
870,194,1187,0.5
871,194,1367,1.0
872,195,127,0.25
873,195,202,0.25
874,195,302,0.5
875,195,621,0.25
876,195,831,1.0
877,195,880,0.5
878,195,1377,1.0
879,196,203,0.5
880,196,343,0.5
881,196,921,0.3333333333333333
882,196,1472,0.5
883,197,98,0.5
884,197,185,0.5
885,197,204,0.5
886,197,729,1.0
887,197,747,1.0
888,197,1516,0.5
889,198,205,0.25
890,198,982,1.0
891,198,1047,0.5
892,198,1605,0.5
893,199,206,1.0
894,199,963,0.5
895,200,5,0.3333333333333333
896,200,1305,1.0
897,201,208,1.0
898,201,209,1.0
899,201,594,0.07692307692307693
900,201,708,0.25
901,201,871,1.0
902,201,1596,1.0
903,202,25,0.14285714285714285
904,202,340,0.047619047619047616
905,203,210,0.5
906,203,443,0.5
907,203,710,1.0
908,203,1538,1.0
909,204,41,0.008
910,204,80,0.2
911,204,143,0.2
912,204,212,0.07692307692307693
913,204,927,0.5
914,204,1506,1.0
915,205,214,0.5
916,205,407,0.25
917,205,520,0.5
918,205,1130,1.0
919,205,1155,0.5
920,206,207,0.5
921,207,215,1.0
922,208,216,0.5
923,209,115,0.2
924,210,95,0.5
925,210,218,1.0
926,210,438,0.3333333333333333
927,210,537,1.0
928,210,731,0.5
929,210,1070,0.5
930,210,1682,1.0
931,211,220,0.3333333333333333
932,212,221,0.5
933,212,416,1.0
934,212,978,1.0
935,212,1702,1.0
936,213,222,0.25
937,214,193,0.058823529411764705
938,214,223,1.0
939,214,513,0.25
940,214,533,0.5
941,214,771,0.5
942,214,1288,1.0
943,214,1291,0.3333333333333333
944,215,145,0.3333333333333333
945,215,224,0.3333333333333333
946,216,225,0.5
947,216,301,0.5
948,216,558,0.25
949,217,227,1.0
950,217,325,0.25
951,217,361,1.0
952,217,920,0.3333333333333333
953,217,1109,0.5
954,218,41,0.016
955,218,228,1.0
956,218,429,0.5
957,218,459,1.0
958,218,925,0.3333333333333333
959,218,1091,1.0
960,218,1328,1.0
961,218,1430,1.0
962,219,27,0.07142857142857142
963,219,134,0.1111111111111111
964,219,229,1.0
965,220,230,1.0
966,220,264,1.0
967,220,393,0.5
968,220,590,1.0
969,221,231,1.0
970,221,969,0.3333333333333333
971,221,985,0.3333333333333333
972,222,232,0.25
973,223,41,0.008
974,223,233,1.0
975,223,449,1.0
976,223,1055,1.0
977,223,1720,1.0
978,223,1749,1.0
979,224,127,0.25
980,224,1298,0.3333333333333333
981,225,41,0.008
982,225,236,1.0
983,225,1612,0.5
984,226,237,0.5
985,227,238,1.0
986,227,462,0.3333333333333333
987,227,719,1.0
988,227,1065,0.3333333333333333
989,228,15,0.2
990,228,239,0.3333333333333333
991,228,932,0.5
992,228,1577,1.0
993,228,1767,1.0
994,229,240,0.5
995,229,511,0.2
996,229,639,0.25
997,229,724,1.0
998,229,915,0.09090909090909091
999,229,1196,1.0
1000,229,1253,1.0
1001,229,1313,0.5
1002,229,1474,0.5
1003,229,1549,1.0
1004,229,1716,0.5
1005,230,22,0.3333333333333333
1006,230,141,0.5
1007,230,241,1.0
1008,230,1184,0.5
1009,231,242,1.0
1010,232,244,0.5
1011,232,432,0.3333333333333333
1012,232,485,0.5
1013,232,749,0.5
1014,232,821,0.25
1015,232,1445,1.0
1016,233,99,0.5
1017,233,245,1.0
1018,234,79,0.3333333333333333
1019,234,246,1.0
1020,234,625,1.0
1021,234,671,0.3333333333333333
1022,234,733,1.0
1023,234,1095,1.0
1024,234,1120,0.25
1025,235,140,0.5
1026,235,143,0.2
1027,235,247,0.5
1028,235,673,0.3333333333333333
1029,235,937,0.5
1030,235,955,1.0
1031,236,248,0.3333333333333333
1032,237,41,0.008
1033,237,52,0.07692307692307693
1034,237,154,0.5
1035,237,694,1.0
1036,237,875,1.0
1037,237,1201,0.3333333333333333
1038,237,1401,1.0
1039,238,249,0.125
1040,238,472,1.0
1041,238,1218,0.5
1042,239,195,0.2
1043,239,250,0.3333333333333333
1044,239,426,0.5
1045,239,487,0.3333333333333333
1046,239,804,0.3333333333333333
1047,239,1591,1.0
1048,239,1595,0.5
1049,240,252,0.3333333333333333
1050,240,316,0.25
1051,240,1168,1.0
1052,240,1757,1.0
1053,241,253,0.5
1054,241,1260,0.25
1055,241,1294,0.5
1056,241,1610,0.5
1057,242,212,0.07692307692307693
1058,242,336,1.0
1059,242,375,0.5
1060,242,522,1.0
1061,242,1291,0.3333333333333333
1062,242,1446,0.3333333333333333
1063,242,1667,1.0
1064,243,254,0.5
1065,243,1528,1.0
1066,244,255,0.5
1067,245,256,0.5
1068,245,1029,1.0
1069,246,257,1.0
1070,246,339,0.5
1071,246,1158,0.5
1072,247,258,1.0
1073,248,259,1.0
1074,248,387,1.0
1075,248,1644,0.5
1076,249,16,0.043478260869565216
1077,249,1222,0.3333333333333333
1078,250,261,1.0
1079,250,295,0.3333333333333333
1080,250,1406,1.0
1081,250,1436,0.5
1082,250,1590,1.0
1083,251,73,0.3333333333333333
1084,252,263,1.0
1085,252,547,1.0
1086,252,1191,1.0
1087,252,1387,1.0
1088,253,122,0.3333333333333333
1089,253,425,1.0
1090,253,1077,0.3333333333333333
1091,253,1523,1.0
1092,254,265,0.5
1093,254,1160,1.0
1094,254,1330,1.0
1095,255,266,1.0
1096,255,579,1.0
1097,255,989,1.0
1098,255,1724,1.0
1099,256,225,0.5
1100,257,41,0.008
1101,257,320,0.5
1102,257,413,1.0
1103,257,454,1.0
1104,257,707,1.0
1105,258,267,1.0
1106,258,511,0.2
1107,258,1775,1.0
1108,259,40,0.09090909090909091
1109,259,108,0.25
1110,259,268,1.0
1111,259,364,0.25
1112,259,904,0.5
1113,259,1442,1.0
1114,259,1489,1.0
1115,260,41,0.008
1116,260,92,0.25
1117,260,108,0.25
1118,260,526,0.3333333333333333
1119,260,1203,1.0
1120,260,1285,1.0
1121,260,1668,1.0
1122,261,41,0.008
1123,261,269,1.0
1124,261,320,0.5
1125,261,1184,0.5
1126,261,1510,0.5
1127,261,1672,1.0
1128,262,270,1.0
1129,263,271,0.25
1130,263,283,0.3333333333333333
1131,263,635,0.5
1132,263,744,1.0
1133,263,799,0.3333333333333333
1134,263,905,0.5
1135,263,1412,1.0
1136,263,1609,0.5
1137,263,1737,1.0
1138,264,255,0.5
1139,264,272,1.0
1140,264,957,1.0
1141,265,273,1.0
1142,265,393,0.5
1143,265,430,0.5
1144,265,752,1.0
1145,265,1073,0.5
1146,266,274,0.5
1147,266,346,0.3333333333333333
1148,266,637,1.0
1149,266,824,1.0
1150,266,869,1.0
1151,266,1181,1.0
1152,266,1282,1.0
1153,267,275,1.0
1154,267,458,1.0
1155,267,572,1.0
1156,267,620,1.0
1157,267,1748,1.0
1158,268,41,0.008
1159,268,121,0.2
1160,268,282,0.5
1161,269,78,0.3333333333333333
1162,270,277,0.5
1163,270,1198,1.0
1164,271,278,0.5
1165,272,56,0.3333333333333333
1166,272,68,0.3333333333333333
1167,272,134,0.1111111111111111
1168,272,921,0.3333333333333333
1169,272,1000,0.5
1170,273,280,0.5
1171,273,681,1.0
1172,273,1711,1.0
1173,274,281,1.0
1174,274,614,0.5
1175,274,1187,0.5
1176,275,100,0.3333333333333333
1177,275,282,0.5
1178,275,804,0.3333333333333333
1179,275,1243,1.0
1180,275,1511,0.5
1181,276,134,0.1111111111111111
1182,276,284,0.3333333333333333
1183,276,356,0.5
1184,276,755,1.0
1185,276,776,0.3333333333333333
1186,276,1111,1.0
1187,276,1345,0.5
1188,276,1517,1.0
1189,276,1554,1.0
1190,277,285,1.0
1191,277,316,0.25
1192,277,1260,0.25
1193,277,1446,0.3333333333333333
1194,277,1674,1.0
1195,278,41,0.008
1196,278,108,0.25
1197,278,161,0.25
1198,278,292,1.0
1199,278,468,0.3333333333333333
1200,278,511,0.2
1201,279,287,1.0
1202,279,805,0.5
1203,279,1537,1.0
1204,280,288,1.0
1205,281,41,0.016
1206,281,91,0.5
1207,281,980,1.0
1208,282,289,1.0
1209,282,330,0.3333333333333333
1210,282,331,0.3333333333333333
1211,282,650,0.5
1212,282,971,0.5
1213,282,1499,1.0
1214,282,1766,1.0
1215,283,290,0.3333333333333333
1216,283,629,1.0
1217,283,914,0.2
1218,284,293,1.0
1219,284,411,0.5
1220,285,296,0.5
1221,285,783,1.0
1222,286,193,0.058823529411764705
1223,287,298,1.0
1224,288,60,0.5
1225,288,299,1.0
1226,289,36,0.3333333333333333
1227,289,276,0.2
1228,289,808,0.5
1229,289,972,1.0
1230,289,1332,1.0
1231,289,1423,1.0
1232,290,249,0.125
1233,290,1062,0.16666666666666666
1234,291,239,0.3333333333333333
1235,291,748,0.5
1236,292,302,0.5
1237,292,1093,1.0
1238,292,1108,1.0
1239,292,1115,1.0
1240,293,93,0.125
1241,293,303,0.5
1242,293,379,0.3333333333333333
1243,293,1051,1.0
1244,293,1272,0.5
1245,293,1533,1.0
1246,293,1761,1.0
1247,294,41,0.008
1248,294,286,0.3333333333333333
1249,294,444,0.5
1250,294,1038,1.0
1251,294,1781,1.0
1252,295,212,0.07692307692307693
1253,295,305,0.5
1254,295,430,0.5
1255,296,306,1.0
1256,296,325,0.25
1257,296,619,0.5
1258,296,1066,0.2
1259,296,1540,1.0
1260,297,307,1.0
1261,297,333,1.0
1262,297,769,1.0
1263,298,310,0.5
1264,298,923,1.0
1265,298,1690,1.0
1266,299,312,0.5
1267,300,313,0.5
1268,300,1361,1.0
1269,301,54,0.5
1270,301,139,0.08333333333333333
1271,301,314,0.3333333333333333
1272,301,638,0.5
1273,302,40,0.09090909090909091
1274,303,137,0.2
1275,303,315,0.5
1276,303,1520,1.0
1277,304,41,0.008
1278,304,317,0.3333333333333333
1279,304,328,0.5
1280,304,523,0.2
1281,304,1062,0.16666666666666666
1282,304,1552,1.0
1283,304,1772,1.0
1284,305,139,0.08333333333333333
1285,305,507,0.5
1286,305,1536,1.0
1287,306,319,1.0
1288,307,41,0.008
1289,307,513,0.25
1290,307,1274,1.0
1291,307,1472,0.5
1292,307,1522,0.5
1293,308,322,0.3333333333333333
1294,308,340,0.047619047619047616
1295,308,352,1.0
1296,308,511,0.2
1297,309,139,0.08333333333333333
1298,309,325,0.25
1299,309,1712,1.0
1300,309,1717,0.5
1301,310,159,0.5
1302,310,323,1.0
1303,310,367,1.0
1304,310,409,0.5
1305,310,1277,1.0
1306,311,193,0.058823529411764705
1307,311,195,0.2
1308,311,256,0.5
1309,311,1443,1.0
1310,312,41,0.008
1311,312,324,0.25
1312,312,986,0.5
1313,312,1316,0.3333333333333333
1314,313,326,0.5
1315,313,647,1.0
1316,314,328,0.5
1317,314,445,1.0
1318,314,633,0.5
1319,314,951,1.0
1320,314,1420,1.0
1321,314,1545,1.0
1322,315,329,1.0
1323,315,497,0.2
1324,315,648,0.5
1325,315,765,0.5
1326,315,1350,0.2
1327,316,330,0.3333333333333333
1328,316,949,1.0
1329,316,1089,1.0
1330,316,1220,0.5
1331,316,1564,0.5
1332,317,332,1.0
1333,317,1437,1.0
1334,318,335,1.0
1335,318,1666,1.0
1336,319,337,1.0
1337,320,39,0.3333333333333333
1338,320,199,0.16666666666666666
1339,320,338,1.0
1340,320,698,1.0
1341,320,789,1.0
1342,320,1052,0.5
1343,320,1451,1.0
1344,320,1742,1.0
1345,321,160,0.3333333333333333
1346,321,212,0.07692307692307693
1347,321,339,0.5
1348,321,389,0.3333333333333333
1349,321,423,0.16666666666666666
1350,321,870,1.0
1351,321,1026,1.0
1352,321,1034,0.3333333333333333
1353,321,1220,0.5
1354,321,1293,0.5
1355,321,1660,1.0
1356,322,341,0.5
1357,323,16,0.043478260869565216
1358,324,9,0.125
1359,324,344,1.0
1360,324,542,1.0
1361,324,788,1.0
1362,325,345,1.0
1363,325,586,1.0
1364,325,1568,1.0
1365,326,348,0.5
1366,327,349,1.0
1367,327,540,1.0
1368,328,89,0.5
1369,328,350,0.5
1370,328,636,0.5
1371,328,1082,1.0
1372,328,1270,0.5
1373,328,1580,1.0
1374,328,1585,1.0
1375,329,41,0.008
1376,329,351,1.0
1377,329,558,0.25
1378,330,354,1.0
1379,331,331,0.3333333333333333
1380,331,355,0.5
1381,331,660,0.5
1382,332,357,1.0
1383,333,358,1.0
1384,333,429,0.5
1385,334,265,0.5
1386,334,359,1.0
1387,334,364,0.25
1388,334,757,1.0
1389,334,1529,0.5
1390,335,16,0.043478260869565216
1391,335,40,0.09090909090909091
1392,335,360,1.0
1393,335,1733,1.0
1394,336,363,0.5
1395,336,368,1.0
1396,336,396,0.5
1397,336,464,0.5
1398,336,477,0.3333333333333333
1399,336,651,0.5
1400,336,851,1.0
1401,337,27,0.07142857142857142
1402,337,28,0.3333333333333333
1403,337,199,0.16666666666666666
1404,337,395,1.0
1405,337,398,0.3333333333333333
1406,337,587,0.5
1407,337,839,0.5
1408,337,1012,0.5
1409,337,1534,0.5
1410,337,1706,1.0
1411,338,28,0.3333333333333333
1412,338,139,0.08333333333333333
1413,338,365,1.0
1414,338,587,0.5
1415,338,807,0.3333333333333333
1416,338,961,0.5
1417,338,1374,1.0
1418,339,369,1.0
1419,339,398,0.3333333333333333
1420,339,1100,1.0
1421,340,41,0.008
1422,340,370,1.0
1423,341,371,0.5
1424,342,372,1.0
1425,342,1722,1.0
1426,343,41,0.008
1427,343,77,0.3333333333333333
1428,344,373,1.0
1429,344,603,1.0
1430,344,1020,1.0
1431,344,1354,1.0
1432,345,32,0.5
1433,345,374,1.0
1434,345,1709,1.0
1435,346,93,0.125
1436,346,376,0.5
1437,346,866,0.3333333333333333
1438,347,377,1.0
1439,348,247,0.5
1440,348,378,1.0
1441,348,809,0.25
1442,348,1186,1.0
1443,349,25,0.14285714285714285
1444,349,380,1.0
1445,349,948,1.0
1446,349,1502,1.0
1447,349,1656,1.0
1448,350,381,1.0
1449,350,895,1.0
1450,350,896,0.5
1451,351,384,0.5
1452,351,633,0.5
1453,351,641,0.5
1454,352,386,1.0
1455,352,577,0.5
1456,352,970,0.3333333333333333
1457,353,388,1.0
1458,353,541,1.0
1459,353,594,0.07692307692307693
1460,353,736,1.0
1461,353,1407,1.0
1462,354,390,1.0
1463,354,1035,1.0
1464,355,274,0.5
1465,355,391,1.0
1466,355,561,0.5
1467,355,775,1.0
1468,355,843,1.0
1469,355,1727,1.0
1470,356,101,0.25
1471,356,392,0.5
1472,356,616,1.0
1473,356,881,0.5
1474,356,909,0.5
1475,356,1529,0.5
1476,357,220,0.3333333333333333
1477,357,1180,1.0
1478,357,1426,1.0
1479,357,1602,1.0
1480,358,11,0.5
1481,359,134,0.1111111111111111
1482,359,397,1.0
1483,359,480,0.5
1484,359,570,0.16666666666666666
1485,359,592,0.5
1486,359,798,0.3333333333333333
1487,359,1057,1.0
1488,360,214,0.5
1489,361,340,0.047619047619047616
1490,361,400,0.3333333333333333
1491,361,508,1.0
1492,361,1323,1.0
1493,362,134,0.1111111111111111
1494,362,624,1.0
1495,362,700,1.0
1496,362,813,1.0
1497,362,1417,0.5
1498,362,1519,1.0
1499,362,1541,1.0
1500,363,48,0.16666666666666666
1501,363,151,0.3333333333333333
1502,363,471,1.0
1503,363,642,0.5
1504,363,1009,1.0
1505,364,52,0.07692307692307693
1506,364,404,0.5
1507,364,410,0.5
1508,364,1239,1.0
1509,365,156,0.5
1510,365,406,1.0
1511,365,897,0.5
1512,365,1578,1.0
1513,366,407,0.25
1514,367,408,1.0
1515,367,692,1.0
1516,367,1543,1.0
1517,367,1616,0.5
1518,368,379,0.3333333333333333
1519,368,626,0.3333333333333333
1520,368,838,0.5
1521,368,1228,1.0
1522,369,212,0.07692307692307693
1523,369,409,0.5
1524,369,555,1.0
1525,369,915,0.18181818181818182
1526,369,1036,1.0
1527,369,1322,0.5
1528,370,362,0.5
1529,370,410,0.5
1530,371,41,0.008
1531,371,787,1.0
1532,371,999,1.0
1533,371,1154,1.0
1534,371,1216,0.5
1535,371,1458,1.0
1536,371,1487,1.0
1537,371,1738,1.0
1538,372,411,0.5
1539,372,532,1.0
1540,372,1268,1.0
1541,373,41,0.008
1542,373,111,0.5
1543,373,585,1.0
1544,373,1014,1.0
1545,374,412,0.3333333333333333
1546,375,414,1.0
1547,375,597,0.5
1548,375,1045,1.0
1549,375,1370,1.0
1550,375,1431,1.0
1551,376,41,0.008
1552,376,415,1.0
1553,377,417,1.0
1554,377,418,1.0
1555,377,717,0.5
1556,378,419,0.5
1557,378,847,1.0
1558,378,1562,1.0
1559,379,421,1.0
1560,380,202,0.25
1561,380,422,1.0
1562,380,1478,1.0
1563,381,41,0.008
1564,381,83,0.5
1565,381,314,0.3333333333333333
1566,381,423,0.16666666666666666
1567,381,1467,0.5
1568,381,1566,1.0
1569,382,80,0.2
1570,382,304,0.125
1571,382,1677,1.0
1572,383,286,0.3333333333333333
1573,384,41,0.008
1574,384,168,0.5
1575,384,424,0.3333333333333333
1576,384,558,0.25
1577,384,1210,0.5
1578,384,1272,0.5
1579,384,1324,1.0
1580,384,1373,1.0
1581,384,1713,1.0
1582,385,427,0.5
1583,386,340,0.047619047619047616
1584,386,428,1.0
1585,386,994,1.0
1586,386,1322,0.5
1587,386,1758,1.0
1588,387,41,0.008
1589,387,1212,0.3333333333333333
1590,388,412,0.3333333333333333
1591,388,431,0.3333333333333333
1592,388,630,1.0
1593,388,751,1.0
1594,388,937,0.5
1595,388,1161,0.5
1596,388,1774,1.0
1597,389,41,0.008
1598,389,1116,1.0
1599,389,1224,1.0
1600,389,1263,0.3333333333333333
1601,389,1281,1.0
1602,389,1710,1.0
1603,390,436,0.5
1604,390,686,1.0
1605,391,437,1.0
1606,392,283,0.3333333333333333
1607,392,439,0.5
1608,392,925,0.3333333333333333
1609,392,927,0.5
1610,392,998,0.2
1611,392,1008,1.0
1612,392,1210,0.5
1613,392,1237,1.0
1614,392,1716,0.5
1615,393,47,0.3333333333333333
1616,393,440,0.3333333333333333
1617,393,567,0.5
1618,393,662,1.0
1619,393,1022,0.5
1620,394,220,0.3333333333333333
1621,395,444,0.5
1622,395,1289,0.5
1623,395,1400,1.0
1624,395,1571,1.0
1625,396,447,0.3333333333333333
1626,396,1086,1.0
1627,396,1212,0.3333333333333333
1628,397,448,1.0
1629,398,451,1.0
1630,398,822,0.5
1631,398,939,1.0
1632,399,452,1.0
1633,399,1352,1.0
1634,399,1651,0.5
1635,400,109,0.3333333333333333
1636,400,149,0.5
1637,400,453,0.3333333333333333
1638,400,476,0.25
1639,400,1083,1.0
1640,401,41,0.008
1641,402,25,0.14285714285714285
1642,402,212,0.07692307692307693
1643,402,301,0.5
1644,402,582,0.25
1645,402,712,1.0
1646,403,39,0.3333333333333333
1647,403,52,0.07692307692307693
1648,404,456,1.0
1649,404,503,1.0
1650,404,621,0.25
1651,404,720,1.0
1652,404,741,1.0
1653,404,799,0.3333333333333333
1654,404,1223,0.3333333333333333
1655,405,52,0.07692307692307693
1656,405,143,0.2
1657,405,457,1.0
1658,405,713,0.5
1659,405,1226,1.0
1660,405,1429,1.0
1661,406,27,0.07142857142857142
1662,406,400,0.3333333333333333
1663,406,1211,0.3333333333333333
1664,407,460,0.5
1665,408,461,0.5
1666,408,497,0.2
1667,409,462,0.3333333333333333
1668,409,922,0.5
1669,409,1299,1.0
1670,409,1736,1.0
1671,410,464,0.5
1672,410,1306,1.0
1673,411,81,0.5
1674,411,467,1.0
1675,412,41,0.008
1676,412,404,0.5
1677,412,469,0.5
1678,412,691,1.0
1679,412,867,0.5
1680,412,884,0.3333333333333333
1681,412,1030,1.0
1682,412,1382,1.0
1683,413,16,0.043478260869565216
1684,413,539,1.0
1685,414,315,0.5
1686,414,470,1.0
1687,414,1476,1.0
1688,414,1663,1.0
1689,415,346,0.3333333333333333
1690,415,865,1.0
1691,416,469,0.5
1692,416,473,1.0
1693,416,1334,1.0
1694,416,1635,1.0
1695,417,41,0.008
1696,417,446,0.25
1697,417,1329,1.0
1698,418,475,1.0
1699,418,549,0.3333333333333333
1700,418,1432,1.0
1701,419,476,0.25
1702,419,660,0.5
1703,420,262,0.3333333333333333
1704,420,478,1.0
1705,420,639,0.25
1706,420,1069,1.0
1707,420,1740,1.0
1708,421,202,0.25
1709,421,480,0.5
1710,421,531,0.5
1711,421,891,1.0
1712,421,1648,1.0
1713,422,481,1.0
1714,422,1209,0.5
1715,422,1753,1.0
1716,423,482,0.5
1717,423,529,0.5
1718,423,562,1.0
1719,423,903,1.0
1720,423,1471,0.3333333333333333
1721,423,1581,1.0
1722,424,483,1.0
1723,424,594,0.07692307692307693
1724,424,1048,1.0
1725,424,1182,1.0
1726,424,1564,0.5
1727,425,9,0.125
1728,425,570,0.16666666666666666
1729,426,485,0.5
1730,426,973,1.0
1731,427,486,1.0
1732,428,487,0.3333333333333333
1733,429,488,1.0
1734,429,1061,0.5
1735,429,1551,1.0
1736,430,489,1.0
1737,430,1465,1.0
1738,431,41,0.016
1739,431,490,0.3333333333333333
1740,431,498,1.0
1741,431,632,1.0
1742,431,830,1.0
1743,431,1584,1.0
1744,432,491,1.0
1745,432,964,1.0
1746,432,1085,1.0
1747,433,492,1.0
1748,434,493,0.5
1749,434,1262,1.0
1750,434,1559,1.0
1751,434,1605,0.5
1752,435,494,1.0
1753,436,495,1.0
1754,437,496,1.0
1755,437,521,0.5
1756,437,732,0.5
1757,437,1034,0.3333333333333333
1758,437,1173,1.0
1759,437,1492,1.0
1760,438,500,1.0
1761,439,193,0.058823529411764705
1762,439,501,0.2
1763,440,100,0.3333333333333333
1764,440,309,0.3333333333333333
1765,440,648,0.5
1766,440,1046,0.5
1767,440,1221,1.0
1768,440,1448,1.0
1769,440,1521,1.0
1770,441,55,0.5
1771,441,340,0.047619047619047616
1772,441,504,1.0
1773,441,1152,0.5
1774,441,1190,1.0
1775,442,506,1.0
1776,442,1441,0.5
1777,443,507,0.5
1778,444,427,0.5
1779,444,509,0.3333333333333333
1780,445,16,0.043478260869565216
1781,445,366,0.5
1782,445,835,0.14285714285714285
1783,445,888,1.0
1784,445,1061,0.5
1785,445,1101,0.5
1786,446,512,1.0
1787,447,513,0.25
1788,447,704,0.3333333333333333
1789,447,791,1.0
1790,448,514,1.0
1791,448,617,0.3333333333333333
1792,448,717,0.5
1793,448,817,1.0
1794,449,71,0.25
1795,449,515,0.3333333333333333
1796,449,1102,1.0
1797,450,516,1.0
1798,450,608,0.3333333333333333
1799,450,658,1.0
1800,450,697,1.0
1801,450,902,0.25
1802,450,1236,1.0
1803,450,1508,1.0
1804,451,145,0.3333333333333333
1805,451,174,0.2
1806,451,178,0.5
1807,451,518,1.0
1808,451,519,1.0
1809,451,696,1.0
1810,451,742,0.25
1811,451,860,0.5
1812,451,1481,1.0
1813,452,271,0.25
1814,453,27,0.07142857142857142
1815,453,340,0.047619047619047616
1816,453,535,0.09090909090909091
1817,453,828,0.25
1818,453,835,0.14285714285714285
1819,454,48,0.16666666666666666
1820,454,521,0.5
1821,454,1433,1.0
1822,455,523,0.2
1823,456,248,0.3333333333333333
1824,456,1494,1.0
1825,456,1565,1.0
1826,457,525,0.5
1827,457,1435,1.0
1828,458,193,0.058823529411764705
1829,458,331,0.3333333333333333
1830,458,501,0.2
1831,458,668,1.0
1832,458,766,1.0
1833,458,956,0.5
1834,458,1006,0.5
1835,458,1661,1.0
1836,458,1719,1.0
1837,459,7,0.3333333333333333
1838,459,759,1.0
1839,460,9,0.125
1840,460,174,0.2
1841,460,527,1.0
1842,460,663,0.5
1843,461,530,0.3333333333333333
1844,461,915,0.09090909090909091
1845,461,1705,0.5
1846,462,534,1.0
1847,462,986,0.5
1848,463,526,0.3333333333333333
1849,463,535,0.09090909090909091
1850,464,304,0.125
1851,464,536,1.0
1852,464,1003,0.3333333333333333
1853,464,1567,1.0
1854,464,1608,1.0
1855,464,1665,0.3333333333333333
1856,465,193,0.11764705882352941
1857,466,193,0.058823529411764705
1858,466,655,0.5
1859,466,983,1.0
1860,467,279,0.5
1861,468,249,0.125
1862,468,362,0.25
1863,468,725,0.2
1864,468,1215,1.0
1865,469,543,1.0
1866,469,578,1.0
1867,469,1077,0.3333333333333333
1868,469,1707,1.0
1869,470,544,1.0
1870,471,151,0.3333333333333333
1871,471,545,1.0
1872,471,932,0.5
1873,471,1303,0.5
1874,471,1366,1.0
1875,472,222,0.25
1876,472,546,0.5
1877,472,722,0.5
1878,472,1289,0.5
1879,473,548,0.5
1880,474,550,1.0
1881,474,796,0.3333333333333333
1882,475,150,0.2
1883,475,515,0.3333333333333333
1884,475,1211,0.3333333333333333
1885,476,551,0.2
1886,477,41,0.008
1887,478,554,0.3333333333333333
1888,479,340,0.047619047619047616
1889,480,27,0.07142857142857142
1890,481,137,0.2
1891,482,556,1.0
1892,482,1076,1.0
1893,483,27,0.07142857142857142
1894,483,312,0.5
1895,483,592,0.5
1896,483,1096,0.5
1897,483,1256,1.0
1898,483,1339,1.0
1899,483,1422,1.0
1900,483,1686,1.0
1901,484,557,1.0
1902,484,1018,1.0
1903,484,1287,1.0
1904,485,558,0.25
1905,485,1534,0.5
1906,486,559,0.5
1907,486,1148,1.0
1908,486,1259,0.5
1909,486,1326,0.5
1910,486,1353,0.5
1911,486,1743,1.0
1912,487,134,0.1111111111111111
1913,487,212,0.07692307692307693
1914,487,438,0.3333333333333333
1915,487,530,0.3333333333333333
1916,487,596,0.5
1917,487,725,0.2
1918,487,1636,1.0
1919,488,560,0.5
1920,489,27,0.07142857142857142
1921,489,41,0.008
1922,489,453,0.3333333333333333
1923,489,657,1.0
1924,489,679,0.5
1925,489,699,1.0
1926,489,884,0.3333333333333333
1927,489,922,0.5
1928,489,1074,1.0
1929,489,1155,0.5
1930,489,1223,0.3333333333333333
1931,490,90,0.14285714285714285
1932,490,915,0.09090909090909091
1933,491,564,1.0
1934,491,641,0.5
1935,491,838,0.5
1936,491,1025,1.0
1937,491,1345,0.5
1938,492,565,1.0
1939,492,911,1.0
1940,493,568,1.0
1941,493,1075,0.5
1942,493,1202,1.0
1943,493,1311,1.0
1944,493,1396,1.0
1945,493,1485,1.0
1946,494,221,0.5
1947,494,340,0.047619047619047616
1948,494,463,0.5
1949,494,569,1.0
1950,494,857,0.5
1951,494,1556,1.0
1952,495,41,0.008
1953,495,179,0.25
1954,495,573,1.0
1955,496,574,1.0
1956,496,913,1.0
1957,496,1725,1.0
1958,497,41,0.008
1959,497,433,0.3333333333333333
1960,497,575,1.0
1961,497,859,1.0
1962,498,577,0.5
1963,498,594,0.07692307692307693
1964,499,580,1.0
1965,500,212,0.07692307692307693
1966,500,581,1.0
1967,500,763,0.5
1968,500,998,0.2
1969,501,584,1.0
1970,502,41,0.008
1971,502,340,0.09523809523809523
1972,503,588,0.25
1973,503,669,0.5
1974,503,708,0.25
1975,503,767,0.5
1976,503,1447,1.0
1977,503,1449,1.0
1978,503,1765,1.0
1979,504,535,0.09090909090909091
1980,504,589,1.0
1981,504,1723,1.0
1982,505,90,0.14285714285714285
1983,506,40,0.09090909090909091
1984,506,407,0.25
1985,507,84,0.5
1986,507,591,0.3333333333333333
1987,508,552,0.5
1988,508,593,1.0
1989,509,340,0.047619047619047616
1990,509,530,0.3333333333333333
1991,509,704,0.3333333333333333
1992,509,726,0.5
1993,509,790,1.0
1994,509,1131,1.0
1995,509,1219,1.0
1996,509,1327,1.0
1997,509,1353,0.5
1998,509,1389,1.0
1999,509,1514,1.0
2000,509,1633,1.0
2001,510,595,0.3333333333333333
2002,510,1697,1.0
2003,511,597,0.5
2004,512,44,0.25
2005,512,600,1.0
2006,513,601,1.0
2007,513,1060,1.0
2008,513,1586,1.0
2009,514,602,1.0
2010,514,671,0.3333333333333333
2011,514,823,1.0
2012,514,915,0.09090909090909091
2013,514,1403,1.0
2014,514,1535,1.0
2015,514,1735,1.0
2016,515,509,0.3333333333333333
2017,515,604,0.5
2018,515,617,0.3333333333333333
2019,515,811,1.0
2020,515,864,1.0
2021,515,878,0.5
2022,515,1109,0.5
2023,515,1594,1.0
2024,515,1657,1.0
2025,516,101,0.25
2026,516,468,0.3333333333333333
2027,516,1654,1.0
2028,517,15,0.2
2029,517,133,0.5
2030,517,278,0.5
2031,517,453,0.3333333333333333
2032,517,992,0.5
2033,517,1390,1.0
2034,517,1503,1.0
2035,517,1715,1.0
2036,517,1751,1.0
2037,518,608,0.3333333333333333
2038,519,609,1.0
2039,520,232,0.25
2040,520,610,1.0
2041,520,676,0.5
2042,520,680,1.0
2043,520,1114,1.0
2044,520,1153,1.0
2045,521,41,0.008
2046,521,304,0.125
2047,521,611,1.0
2048,521,1195,0.5
2049,521,1258,0.5
2050,521,1338,1.0
2051,521,1360,1.0
2052,522,612,1.0
2053,523,615,1.0
2054,523,1462,1.0
2055,523,1600,1.0
2056,524,92,0.25
2057,524,876,1.0
2058,524,1497,1.0
2059,525,618,1.0
2060,526,304,0.125
2061,526,621,0.25
2062,526,902,0.25
2063,527,130,0.5
2064,527,626,0.3333333333333333
2065,528,628,0.5
2066,529,634,1.0
2067,529,900,1.0
2068,529,1413,1.0
2069,530,528,0.25
2070,530,639,0.25
2071,530,1416,0.5
2072,531,640,0.25
2073,531,1246,0.5
2074,532,115,0.2
2075,532,639,0.25
2076,532,645,1.0
2077,533,193,0.058823529411764705
2078,533,436,0.5
2079,533,1233,1.0
2080,534,41,0.008
2081,534,57,0.3333333333333333
2082,534,690,0.5
2083,534,926,0.5
2084,535,144,0.3333333333333333
2085,535,652,1.0
2086,536,653,1.0
2087,536,975,1.0
2088,537,193,0.058823529411764705
2089,538,656,1.0
2090,539,655,0.5
2091,539,1304,1.0
2092,539,1698,1.0
2093,540,490,0.3333333333333333
2094,541,664,1.0
2095,541,674,0.5
2096,541,725,0.2
2097,541,959,1.0
2098,541,1515,1.0
2099,542,284,0.3333333333333333
2100,542,723,1.0
2101,542,772,0.5
2102,542,1062,0.16666666666666666
2103,542,1471,0.3333333333333333
2104,543,671,0.3333333333333333
2105,544,672,1.0
2106,545,675,1.0
2107,545,1397,0.5
2108,546,52,0.07692307692307693
2109,547,96,0.2
2110,548,684,1.0
2111,548,1764,1.0
2112,549,41,0.008
2113,549,139,0.08333333333333333
2114,549,254,0.5
2115,549,511,0.2
2116,549,685,1.0
2117,549,739,0.5
2118,549,1143,1.0
2119,549,1250,0.5
2120,550,41,0.008
2121,550,687,0.5
2122,551,688,0.5
2123,552,212,0.07692307692307693
2124,553,640,0.25
2125,553,1189,1.0
2126,554,41,0.008
2127,554,594,0.07692307692307693
2128,554,809,0.25
2129,554,878,0.5
2130,554,1110,1.0
2131,555,169,0.3333333333333333
2132,556,419,0.5
2133,556,1152,0.5
2134,557,695,1.0
2135,558,126,0.3333333333333333
2136,559,212,0.07692307692307693
2137,560,181,0.3333333333333333
2138,561,193,0.058823529411764705
2139,562,701,1.0
2140,563,702,0.5
2141,564,704,0.3333333333333333
2142,565,41,0.008
2143,565,705,1.0
2144,566,706,1.0
2145,567,197,0.2
2146,567,725,0.2
2147,567,925,0.3333333333333333
2148,568,711,0.5
2149,569,714,0.5
2150,570,716,1.0
2151,570,818,1.0
2152,570,940,1.0
2153,571,41,0.008
2154,571,240,0.5
2155,571,1469,1.0
2156,571,1626,1.0
2157,572,303,0.5
2158,572,722,0.5
2159,573,297,0.5
2160,573,501,0.2
2161,573,778,0.3333333333333333
2162,573,1103,1.0
2163,574,16,0.043478260869565216
2164,574,748,0.5
2165,574,1137,1.0
2166,575,727,0.5
2167,575,886,0.25
2168,576,41,0.008
2169,576,608,0.3333333333333333
2170,576,730,1.0
2171,576,1016,1.0
2172,576,1138,0.5
2173,576,1356,1.0
2174,577,121,0.2
2175,578,41,0.008
2176,579,501,0.2
2177,579,644,0.5
2178,579,1166,1.0
2179,579,1473,0.5
2180,579,1776,1.0
2181,580,180,0.3333333333333333
2182,580,371,0.5
2183,580,440,0.3333333333333333
2184,580,737,1.0
2185,580,812,0.5
2186,580,1129,0.3333333333333333
2187,580,1250,0.5
2188,580,1459,1.0
2189,581,738,1.0
2190,582,640,0.25
2191,582,740,1.0
2192,582,1595,0.5
2193,582,1651,0.5
2194,583,743,1.0
2195,583,1197,0.3333333333333333
2196,584,162,0.5
2197,585,535,0.09090909090909091
2198,586,90,0.14285714285714285
2199,586,137,0.2
2200,586,170,0.3333333333333333
2201,586,750,0.5
2202,586,834,0.5
2203,586,1310,1.0
2204,586,1771,1.0
2205,587,41,0.008
2206,587,753,1.0
2207,587,796,0.3333333333333333
2208,587,1298,0.3333333333333333
2209,587,1665,0.3333333333333333
2210,588,309,0.3333333333333333
2211,588,758,1.0
2212,589,760,0.5
2213,590,761,0.5
2214,591,41,0.008
2215,591,170,0.3333333333333333
2216,591,763,0.5
2217,591,764,0.5
2218,591,1120,0.25
2219,592,41,0.008
2220,592,1260,0.25
2221,593,41,0.008
2222,593,768,1.0
2223,593,1745,1.0
2224,594,202,0.25
2225,595,770,0.5
2226,595,965,0.5
2227,595,1122,0.5
2228,596,742,0.25
2229,596,773,0.5
2230,597,774,1.0
2231,597,1175,0.5
2232,597,1199,1.0
2233,598,41,0.008
2234,598,250,0.3333333333333333
2235,598,535,0.09090909090909091
2236,598,594,0.07692307692307693
2237,598,1359,1.0
2238,599,777,1.0
2239,599,1162,0.5
2240,600,778,0.3333333333333333
2241,601,779,1.0
2242,602,22,0.3333333333333333
2243,602,780,1.0
2244,603,423,0.16666666666666666
2245,603,1532,0.5
2246,604,781,0.5
2247,604,1227,1.0
2248,605,41,0.008
2249,605,782,1.0
2250,605,1043,1.0
2251,605,1094,1.0
2252,606,144,0.3333333333333333
2253,606,619,0.5
2254,606,785,1.0
2255,607,438,0.3333333333333333
2256,608,12,0.5
2257,608,41,0.008
2258,609,50,0.3333333333333333
2259,609,161,0.25
2260,610,793,1.0
2261,611,252,0.3333333333333333
2262,612,41,0.008
2263,612,795,1.0
2264,612,1247,1.0
2265,613,376,0.5
2266,613,798,0.3333333333333333
2267,613,833,1.0
2268,613,1058,1.0
2269,613,1204,1.0
2270,613,1659,0.5
2271,614,224,0.3333333333333333
2272,614,277,0.5
2273,615,800,1.0
2274,616,431,0.3333333333333333
2275,616,801,1.0
2276,616,1015,0.3333333333333333
2277,617,802,1.0
2278,618,804,0.3333333333333333
2279,619,806,1.0
2280,620,523,0.2
2281,620,808,0.5
2282,620,1509,1.0
2283,621,41,0.008
2284,621,501,0.2
2285,621,598,0.5
2286,621,1474,0.5
2287,621,1542,0.5
2288,621,1570,1.0
2289,622,810,1.0
2290,623,582,0.25
2291,623,714,0.5
2292,623,845,0.5
2293,624,679,0.5
2294,625,443,0.5
2295,625,943,1.0
2296,625,1170,1.0
2297,625,1385,0.5
2298,626,814,1.0
2299,626,924,1.0
2300,626,960,1.0
2301,626,1222,0.3333333333333333
2302,626,1340,0.5
2303,626,1729,1.0
2304,627,41,0.008
2305,627,125,0.5
2306,627,815,1.0
2307,627,967,0.5
2308,627,1295,1.0
2309,628,819,0.5
2310,628,856,0.5
2311,628,910,1.0
2312,628,1145,1.0
2313,629,27,0.07142857142857142
2314,629,825,1.0
2315,630,561,0.5
2316,630,1005,0.5
2317,630,1015,0.3333333333333333
2318,631,9,0.125
2319,631,41,0.008
2320,631,828,0.25
2321,631,1316,0.3333333333333333
2322,632,528,0.25
2323,633,669,0.5
2324,633,1620,1.0
2325,634,829,1.0
2326,635,222,0.25
2327,636,594,0.07692307692307693
2328,637,834,0.5
2329,638,169,0.3333333333333333
2330,638,1314,1.0
2331,639,835,0.14285714285714285
2332,640,249,0.125
2333,640,836,1.0
2334,640,915,0.09090909090909091
2335,641,93,0.125
2336,642,35,0.3333333333333333
2337,642,41,0.008
2338,643,9,0.125
2339,643,711,0.5
2340,643,842,1.0
2341,643,873,1.0
2342,643,1477,1.0
2343,643,1604,1.0
2344,644,570,0.16666666666666666
2345,644,844,1.0
2346,644,856,0.5
2347,645,41,0.008
2348,645,846,1.0
2349,645,1001,1.0
2350,645,1031,0.5
2351,646,197,0.2
2352,647,848,1.0
2353,647,1732,1.0
2354,648,849,1.0
2355,648,1681,1.0
2356,649,850,1.0
2357,650,340,0.047619047619047616
2358,650,1421,1.0
2359,651,809,0.25
2360,651,1296,1.0
2361,652,27,0.07142857142857142
2362,652,146,0.3333333333333333
2363,652,477,0.3333333333333333
2364,652,1132,1.0
2365,652,1436,0.5
2366,653,855,1.0
2367,653,929,1.0
2368,654,47,0.3333333333333333
2369,654,761,0.5
2370,654,1752,1.0
2371,655,462,0.3333333333333333
2372,656,858,1.0
2373,656,1446,0.3333333333333333
2374,657,56,0.3333333333333333
2375,657,861,1.0
2376,658,199,0.16666666666666666
2377,658,862,1.0
2378,658,920,0.3333333333333333
2379,658,1047,0.5
2380,658,1194,0.5
2381,658,1264,1.0
2382,658,1699,1.0
2383,659,583,0.3333333333333333
2384,660,271,0.25
2385,660,809,0.25
2386,660,1526,1.0
2387,661,872,1.0
2388,662,551,0.2
2389,662,874,1.0
2390,662,1193,1.0
2391,662,1505,1.0
2392,663,879,0.5
2393,664,880,0.5
2394,665,882,1.0
2395,665,914,0.2
2396,665,1279,1.0
2397,665,1522,0.5
2398,665,1655,1.0
2399,666,126,0.3333333333333333
2400,666,432,0.3333333333333333
2401,666,883,1.0
2402,667,40,0.09090909090909091
2403,667,885,0.3333333333333333
2404,667,1006,0.5
2405,668,887,1.0
2406,668,1316,0.3333333333333333
2407,668,1582,1.0
2408,669,167,0.3333333333333333
2409,669,588,0.25
2410,669,1569,1.0
2411,670,175,0.3333333333333333
2412,670,889,0.5
2413,670,1717,0.5
2414,671,890,1.0
2415,672,893,1.0
2416,673,894,1.0
2417,674,305,0.5
2418,675,41,0.008
2419,675,79,0.3333333333333333
2420,676,676,0.5
2421,676,896,0.5
2422,676,954,1.0
2423,676,1658,1.0
2424,677,898,0.5
2425,678,41,0.016
2426,678,570,0.16666666666666666
2427,678,1621,1.0
2428,679,41,0.008
2429,679,57,0.3333333333333333
2430,679,551,0.2
2431,679,901,1.0
2432,679,1504,0.5
2433,680,316,0.25
2434,681,313,0.5
2435,682,781,0.5
2436,682,906,1.0
2437,682,1141,1.0
2438,682,1755,1.0
2439,683,249,0.125
2440,684,654,0.3333333333333333
2441,684,1177,1.0
2442,684,1244,1.0
2443,684,1695,1.0
2444,685,821,0.25
2445,685,935,0.25
2446,686,48,0.16666666666666666
2447,686,908,1.0
2448,686,935,0.25
2449,686,1496,0.3333333333333333
2450,687,41,0.008
2451,687,523,0.2
2452,687,909,0.5
2453,688,199,0.16666666666666666
2454,688,912,1.0
2455,689,65,0.5
2456,689,262,0.3333333333333333
2457,689,1341,1.0
2458,690,533,0.5
2459,691,915,0.09090909090909091
2460,691,976,1.0
2461,692,41,0.008
2462,692,916,1.0
2463,692,1467,0.5
2464,693,746,0.25
2465,693,918,1.0
2466,694,919,1.0
2467,695,304,0.125
2468,695,1548,1.0
2469,696,90,0.14285714285714285
2470,696,1049,0.5
2471,697,525,0.5
2472,698,314,0.3333333333333333
2473,698,513,0.25
2474,698,835,0.14285714285714285
2475,698,1107,0.5
2476,698,1309,1.0
2477,699,497,0.2
2478,700,431,0.3333333333333333
2479,701,51,0.2
2480,701,926,0.5
2481,701,1622,1.0
2482,702,931,1.0
2483,703,296,0.5
2484,703,1031,0.5
2485,703,1501,0.5
2486,703,1696,1.0
2487,704,933,1.0
2488,704,1617,1.0
2489,705,41,0.008
2490,705,1078,0.5
2491,705,1381,1.0
2492,706,945,1.0
2493,707,947,0.5
2494,707,985,0.3333333333333333
2495,707,1300,1.0
2496,708,147,0.3333333333333333
2497,709,950,1.0
2498,709,974,0.3333333333333333
2499,710,628,0.5
2500,710,952,1.0
2501,711,953,1.0
2502,712,515,0.3333333333333333
2503,712,621,0.25
2504,712,797,0.3333333333333333
2505,713,958,1.0
2506,714,967,0.5
2507,714,1021,1.0
2508,714,1671,1.0
2509,715,389,0.3333333333333333
2510,715,968,1.0
2511,716,40,0.09090909090909091
2512,716,654,0.3333333333333333
2513,716,1337,1.0
2514,717,316,0.25
2515,717,884,0.3333333333333333
2516,717,1142,1.0
2517,717,1689,1.0
2518,718,974,0.3333333333333333
2519,719,984,1.0
2520,719,1516,0.5
2521,720,985,0.3333333333333333
2522,721,41,0.008
2523,721,295,0.3333333333333333
2524,721,987,1.0
2525,721,1641,1.0
2526,722,41,0.008
2527,723,988,1.0
2528,724,990,1.0
2529,725,249,0.125
2530,725,991,0.25
2531,726,991,0.25
2532,727,992,0.5
2533,728,129,0.5
2534,728,197,0.2
2535,728,993,1.0
2536,728,1162,0.5
2537,729,995,1.0
2538,730,996,1.0
2539,731,997,1.0
2540,731,1080,1.0
2541,731,1644,0.5
2542,732,1003,0.3333333333333333
2543,733,304,0.125
2544,733,1005,0.5
2545,733,1079,1.0
2546,733,1240,1.0
2547,734,767,0.5
2548,734,812,0.5
2549,734,1007,1.0
2550,734,1229,1.0
2551,734,1483,1.0
2552,734,1557,0.5
2553,735,177,0.5
2554,735,330,0.3333333333333333
2555,735,535,0.09090909090909091
2556,736,1010,1.0
2557,736,1631,1.0
2558,736,1691,1.0
2559,737,1012,0.5
2560,738,340,0.047619047619047616
2561,738,1017,1.0
2562,739,1019,1.0
2563,740,1024,0.5
2564,741,85,0.25
2565,741,1597,1.0
2566,742,46,0.3333333333333333
2567,742,1027,1.0
2568,742,1471,0.3333333333333333
2569,743,1028,1.0
2570,744,396,0.5
2571,744,461,0.5
2572,744,1117,0.5
2573,744,1386,1.0
2574,745,1037,0.5
2575,746,205,0.25
2576,747,174,0.2
2577,748,1040,1.0
2578,748,1480,1.0
2579,749,45,0.25
2580,750,1041,1.0
2581,751,914,0.2
2582,752,1044,1.0
2583,753,173,0.5
2584,753,832,0.5
2585,754,17,0.5
2586,755,554,0.3333333333333333
2587,755,559,0.5
2588,755,1511,0.5
2589,756,290,0.3333333333333333
2590,757,340,0.047619047619047616
2591,758,1064,1.0
2592,758,1222,0.3333333333333333
2593,759,243,0.5
2594,759,1065,0.3333333333333333
2595,759,1211,0.3333333333333333
2596,760,665,0.5
2597,760,1067,0.5
2598,761,1068,1.0
2599,761,1072,1.0
2600,762,392,0.5
2601,762,528,0.25
2602,762,1070,0.5
2603,763,51,0.2
2604,763,424,0.3333333333333333
2605,763,746,0.25
2606,763,1073,0.5
2607,763,1395,1.0
2608,764,239,0.3333333333333333
2609,764,1081,1.0
2610,764,1217,1.0
2611,764,1336,1.0
2612,764,1398,1.0
2613,764,1464,1.0
2614,765,760,0.5
2615,765,1320,1.0
2616,766,1084,1.0
2617,767,773,0.5
2618,767,1098,1.0
2619,768,407,0.25
2620,769,750,0.5
2621,769,1022,0.5
2622,769,1104,0.3333333333333333
2623,769,1496,0.3333333333333333
2624,770,16,0.043478260869565216
2625,771,1105,0.5
2626,772,16,0.043478260869565216
2627,772,197,0.2
2628,773,174,0.2
2629,774,885,0.3333333333333333
2630,774,1117,0.5
2631,774,1592,1.0
2632,775,175,0.3333333333333333
2633,775,1118,1.0
2634,776,687,0.5
2635,777,1119,1.0
2636,777,1158,0.5
2637,778,199,0.16666666666666666
2638,779,1122,0.5
2639,779,1201,0.3333333333333333
2640,779,1572,1.0
2641,780,1123,1.0
2642,781,41,0.008
2643,782,1127,1.0
2644,783,10,0.5
2645,783,1128,1.0
2646,784,650,0.5
2647,784,1066,0.2
2648,785,1129,0.3333333333333333
2649,786,260,0.5
2650,787,440,0.3333333333333333
2651,787,582,0.25
2652,788,1133,1.0
2653,789,439,0.5
2654,789,1134,1.0
2655,789,1175,0.5
2656,789,1427,1.0
2657,790,16,0.043478260869565216
2658,790,1135,1.0
2659,791,1136,1.0
2660,792,835,0.14285714285714285
2661,793,1139,1.0
2662,793,1762,1.0
2663,794,1140,1.0
2664,795,1067,0.5
2665,796,1144,0.5
2666,797,1146,1.0
2667,798,1147,1.0
2668,799,1149,1.0
2669,800,76,0.5
2670,800,1151,1.0
2671,801,16,0.043478260869565216
2672,802,150,0.2
2673,802,1156,1.0
2674,803,41,0.008
2675,803,1157,1.0
2676,804,1159,1.0
2677,805,424,0.3333333333333333
2678,805,1164,1.0
2679,806,588,0.25
2680,806,1167,1.0
2681,807,1171,1.0
2682,808,82,0.5
2683,808,726,0.5
2684,808,886,0.25
2685,808,1172,1.0
2686,809,346,0.3333333333333333
2687,810,1075,0.5
2688,811,252,0.3333333333333333
2689,811,1178,1.0
2690,812,1185,0.3333333333333333
2691,813,400,0.3333333333333333
2692,813,465,0.5
2693,814,991,0.25
2694,814,1192,0.5
2695,815,479,0.5
2696,816,885,0.3333333333333333
2697,816,998,0.2
2698,817,224,0.3333333333333333
2699,817,326,0.5
2700,818,284,0.3333333333333333
2701,819,1200,1.0
2702,820,1205,1.0
2703,821,731,0.5
2704,822,41,0.008
2705,822,1216,0.5
2706,822,1331,1.0
2707,823,146,0.3333333333333333
2708,823,1278,1.0
2709,823,1408,1.0
2710,824,423,0.16666666666666666
2711,825,886,0.25
2712,825,1385,0.5
2713,826,40,0.09090909090909091
2714,827,1230,1.0
2715,827,1301,1.0
2716,828,66,0.5
2717,828,819,0.5
2718,828,1231,1.0
2719,829,92,0.25
2720,829,1232,1.0
2721,829,1254,1.0
2722,830,52,0.07692307692307693
2723,831,1235,1.0
2724,832,1238,1.0
2725,833,356,0.5
2726,834,1066,0.2
2727,834,1245,1.0
2728,834,1630,1.0
2729,835,1248,1.0
2730,836,41,0.008
2731,836,310,0.5
2732,836,1603,1.0
2733,837,1015,0.3333333333333333
2734,838,1255,1.0
2735,839,1258,0.5
2736,839,1639,1.0
2737,840,80,0.2
2738,840,866,0.3333333333333333
2739,841,991,0.25
2740,842,1266,1.0
2741,843,41,0.008
2742,843,963,0.5
2743,843,1269,0.5
2744,843,1441,0.5
2745,844,300,0.5
2746,845,1286,1.0
2747,846,1144,0.5
2748,847,41,0.008
2749,847,340,0.047619047619047616
2750,848,87,0.5
2751,849,1303,0.5
2752,850,1307,0.3333333333333333
2753,850,1326,0.5
2754,850,1547,1.0
2755,851,1308,1.0
2756,852,27,0.07142857142857142
2757,852,118,0.5
2758,852,139,0.08333333333333333
2759,852,551,0.2
2760,852,1062,0.16666666666666666
2761,853,48,0.16666666666666666
2762,853,1741,1.0
2763,854,1318,1.0
2764,855,866,0.3333333333333333
2765,856,915,0.09090909090909091
2766,857,27,0.07142857142857142
2767,857,739,0.5
2768,857,1209,0.5
2769,857,1350,0.2
2770,858,41,0.008
2771,858,43,0.5
2772,859,41,0.008
2773,859,1185,0.3333333333333333
2774,860,1257,0.5
2775,861,1343,1.0
2776,861,1563,1.0
2777,861,1574,1.0
2778,862,447,0.3333333333333333
2779,863,476,0.25
2780,864,535,0.09090909090909091
2781,865,1347,1.0
2782,866,1350,0.2
2783,866,1731,1.0
2784,867,1351,0.5
2785,868,1358,1.0
2786,869,41,0.008
2787,869,1307,0.3333333333333333
2788,870,1364,1.0
2789,871,41,0.008
2790,872,1369,1.0
2791,873,384,0.5
2792,874,276,0.2
2793,874,786,0.5
2794,874,1371,1.0
2795,875,41,0.008
2796,876,1372,1.0
2797,877,1195,0.5
2798,878,158,0.5
2799,878,1105,0.5
2800,879,1379,1.0
2801,880,1275,0.3333333333333333
2802,881,1192,0.5
2803,881,1383,1.0
2804,882,1384,1.0
2805,883,570,0.16666666666666666
2806,884,41,0.008
2807,885,594,0.07692307692307693
2808,885,651,0.5
2809,886,171,0.5
2810,887,1391,1.0
2811,888,1392,1.0
2812,889,222,0.25
2813,890,109,0.3333333333333333
2814,891,898,0.5
2815,892,193,0.058823529411764705
2816,892,203,0.5
2817,892,523,0.2
2818,892,1399,0.5
2819,893,139,0.08333333333333333
2820,893,322,0.3333333333333333
2821,894,1405,1.0
2822,894,1624,1.0
2823,895,1409,1.0
2824,895,1546,1.0
2825,895,1676,1.0
2826,896,1411,1.0
2827,897,1417,0.5
2828,897,1550,0.5
2829,898,1418,1.0
2830,898,1750,1.0
2831,899,1419,1.0
2832,900,915,0.09090909090909091
2833,901,749,0.5
2834,901,1708,1.0
2835,902,1034,0.3333333333333333
2836,903,535,0.09090909090909091
2837,904,466,0.5
2838,905,1438,1.0
2839,906,1440,1.0
2840,907,1444,1.0
2841,908,16,0.043478260869565216
2842,909,446,0.25
2843,910,591,0.3333333333333333
2844,911,1450,1.0
2845,912,1452,1.0
2846,913,1454,1.0
2847,914,16,0.043478260869565216
2848,914,1634,1.0
2849,915,7,0.3333333333333333
2850,916,90,0.14285714285714285
2851,916,193,0.058823529411764705
2852,917,1456,1.0
2853,918,1457,1.0
2854,919,1460,1.0
2855,920,979,0.5
2856,920,1463,1.0
2857,921,1399,0.5
2858,922,626,0.3333333333333333
2859,923,1484,1.0
2860,924,594,0.07692307692307693
2861,925,93,0.125
2862,926,112,0.5
2863,927,423,0.16666666666666666
2864,927,1066,0.2
2865,928,51,0.2
2866,928,1501,0.5
2867,928,1599,1.0
2868,928,1701,1.0
2869,929,27,0.07142857142857142
2870,929,193,0.058823529411764705
2871,930,1507,1.0
2872,931,41,0.008
2873,931,627,0.5
2874,932,137,0.2
2875,932,535,0.09090909090909091
2876,933,776,0.3333333333333333
2877,934,41,0.008
2878,935,798,0.3333333333333333
2879,935,1518,1.0
2880,935,1756,1.0
2881,936,582,0.25
2882,937,164,0.5
2883,937,1629,1.0
2884,937,1714,1.0
2885,938,1525,1.0
2886,939,796,0.3333333333333333
2887,940,134,0.1111111111111111
2888,940,588,0.25
2889,940,1638,1.0
2890,941,73,0.3333333333333333
2891,941,212,0.07692307692307693
2892,941,821,0.25
2893,941,1101,0.5
2894,941,1673,1.0
2895,942,200,0.5
2896,942,1077,0.3333333333333333
2897,942,1746,1.0
2898,943,1544,1.0
2899,944,68,0.3333333333333333
2900,945,1291,0.3333333333333333
2901,946,1555,1.0
2902,947,41,0.008
2903,948,1558,1.0
2904,949,981,0.5
2905,950,290,0.3333333333333333
2906,951,41,0.008
2907,952,350,0.5
2908,952,1096,0.5
2909,953,1397,0.5
2910,954,673,0.3333333333333333
2911,954,828,0.25
2912,955,35,0.3333333333333333
2913,956,1575,1.0
2914,957,594,0.07692307692307693
2915,958,531,0.5
2916,959,1583,1.0
2917,960,770,0.5
2918,961,1587,1.0
2919,962,1263,0.3333333333333333
2920,963,41,0.008
2921,964,1593,1.0
2922,965,412,0.3333333333333333
2923,965,835,0.14285714285714285
2924,965,1504,0.5
2925,966,1598,1.0
2926,967,205,0.25
2927,967,1625,1.0
2928,968,29,0.5
2929,969,1269,0.5
2930,970,1610,0.5
2931,971,237,0.5
2932,971,1613,1.0
2933,972,1615,1.0
2934,973,1579,0.5
2935,973,1777,1.0
2936,974,1294,0.5
2937,975,683,0.5
2938,976,1637,1.0
2939,977,1642,1.0
2940,978,41,0.008
2941,979,499,0.5
2942,980,1646,1.0
2943,981,41,0.008
2944,982,1650,1.0
2945,983,1659,0.5
2946,984,1664,0.5
2947,985,1665,0.3333333333333333
2948,986,1670,1.0
2949,987,594,0.07692307692307693
2950,988,1104,0.3333333333333333
2951,989,41,0.008
2952,989,1721,1.0
2953,990,25,0.14285714285714285
2954,991,1678,1.0
2955,992,1680,1.0
2956,993,1683,1.0
2957,994,1684,1.0
2958,995,595,0.3333333333333333
2959,996,1687,1.0
2960,997,1692,1.0
2961,998,1129,0.3333333333333333
2962,999,16,0.043478260869565216
2963,1000,398,0.3333333333333333
2964,1001,1700,1.0
2965,1002,1704,1.0
2966,1003,147,0.3333333333333333
2967,1003,1705,0.5
2968,1004,179,0.25
2969,1005,1078,0.5
2970,1006,914,0.2
2971,1007,460,0.5
2972,1008,1739,1.0
2973,1009,1270,0.5
2974,1010,902,0.25
2975,1011,72,0.5
2976,1012,1747,1.0
2977,1013,1754,1.0
2978,1014,805,0.5
2979,1015,1759,1.0
2980,1016,1664,0.5
2981,1017,1760,1.0
2982,1018,52,0.07692307692307693
2983,1019,1050,0.5
2984,1020,167,0.3333333333333333
2985,1021,348,0.5
2986,1022,970,0.3333333333333333
2987,1023,41,0.008
2988,1024,193,0.058823529411764705
2989,1025,1783,1.0
