,housing_median_age_tVar,median_house_value_tVar,values
0,0,0,1.0
1,0,2,1.0
2,0,13,1.0
3,0,40,0.09090909090909091
4,0,41,0.032
5,0,43,0.5
6,0,81,0.5
7,0,101,0.25
8,0,105,1.0
9,0,121,0.2
10,0,125,0.5
11,0,150,0.2
12,0,195,0.2
13,0,202,0.25
14,0,223,1.0
15,0,248,0.6666666666666666
16,0,272,1.0
17,0,303,0.5
18,0,315,0.5
19,0,346,0.3333333333333333
20,0,393,0.5
21,0,439,0.5
22,0,446,0.25
23,0,490,0.3333333333333333
24,0,570,0.16666666666666666
25,0,581,1.0
26,0,594,0.07692307692307693
27,0,603,1.0
28,0,635,0.5
29,0,679,0.5
30,0,700,1.0
31,0,719,1.0
32,0,726,0.5
33,0,728,1.0
34,0,742,0.25
35,0,743,1.0
36,0,771,0.5
37,0,781,0.5
38,0,796,0.3333333333333333
39,0,886,0.25
40,0,921,0.3333333333333333
41,0,926,0.5
42,0,968,1.0
43,0,985,0.3333333333333333
44,0,998,0.2
45,0,999,1.0
46,0,1017,1.0
47,0,1020,1.0
48,0,1046,0.5
49,0,1067,0.5
50,0,1075,0.5
51,0,1132,1.0
52,0,1137,1.0
53,0,1168,1.0
54,0,1198,1.0
55,0,1199,1.0
56,0,1204,1.0
57,0,1207,1.0
58,0,1212,0.3333333333333333
59,0,1261,1.0
60,0,1316,0.3333333333333333
61,0,1320,1.0
62,0,1348,1.0
63,0,1407,1.0
64,0,1412,1.0
65,0,1662,1.0
66,0,1722,1.0
67,0,1747,1.0
68,0,1767,1.0
69,0,1783,1.0
70,1,1,1.0
71,1,5,0.3333333333333333
72,1,9,0.125
73,1,16,0.13043478260869565
74,1,41,0.016
75,1,52,0.07692307692307693
76,1,68,0.3333333333333333
77,1,80,0.2
78,1,95,0.5
79,1,101,0.25
80,1,118,0.5
81,1,127,0.25
82,1,148,1.0
83,1,179,0.25
84,1,195,0.2
85,1,295,0.3333333333333333
86,1,379,0.3333333333333333
87,1,423,0.16666666666666666
88,1,468,0.3333333333333333
89,1,479,0.5
90,1,515,0.3333333333333333
91,1,517,1.0
92,1,528,0.25
93,1,530,0.3333333333333333
94,1,555,1.0
95,1,559,0.5
96,1,567,0.5
97,1,586,1.0
98,1,613,1.0
99,1,661,1.0
100,1,667,1.0
101,1,670,1.0
102,1,682,1.0
103,1,717,0.5
104,1,758,1.0
105,1,790,1.0
106,1,895,1.0
107,1,915,0.09090909090909091
108,1,945,1.0
109,1,966,0.5
110,1,998,0.2
111,1,1174,1.0
112,1,1188,1.0
113,1,1389,1.0
114,1,1549,1.0
115,1,1564,0.5
116,1,1567,1.0
117,1,1576,1.0
118,1,1608,1.0
119,1,1661,1.0
120,1,1688,1.0
121,1,1698,1.0
122,1,1780,1.0
123,2,3,1.0
124,2,15,0.2
125,2,16,0.043478260869565216
126,2,41,0.008
127,2,52,0.07692307692307693
128,2,79,0.3333333333333333
129,2,81,0.5
130,2,112,0.5
131,2,122,0.3333333333333333
132,2,134,0.1111111111111111
133,2,153,0.3333333333333333
134,2,154,0.5
135,2,175,0.3333333333333333
136,2,209,1.0
137,2,254,0.5
138,2,280,0.5
139,2,326,0.5
140,2,347,0.5
141,2,348,0.5
142,2,356,0.5
143,2,390,1.0
144,2,415,1.0
145,2,494,1.0
146,2,513,0.25
147,2,521,0.5
148,2,551,0.2
149,2,571,1.0
150,2,605,1.0
151,2,623,1.0
152,2,626,0.3333333333333333
153,2,641,0.5
154,2,703,1.0
155,2,731,0.5
156,2,840,1.0
157,2,897,0.5
158,2,914,0.2
159,2,947,0.5
160,2,963,0.5
161,2,992,0.5
162,2,1087,1.0
163,2,1103,1.0
164,2,1126,1.0
165,2,1157,1.0
166,2,1231,1.0
167,2,1240,1.0
168,2,1251,1.0
169,2,1307,0.3333333333333333
170,2,1446,0.3333333333333333
171,2,1452,1.0
172,2,1473,0.5
173,2,1481,1.0
174,2,1504,0.5
175,2,1510,0.5
176,2,1541,1.0
177,2,1613,1.0
178,2,1642,1.0
179,2,1708,1.0
180,2,1745,1.0
181,3,4,1.0
182,3,6,1.0
183,3,9,0.125
184,3,16,0.13043478260869565
185,3,27,0.07142857142857142
186,3,41,0.008
187,3,48,0.16666666666666666
188,3,52,0.07692307692307693
189,3,56,0.3333333333333333
190,3,65,0.5
191,3,67,0.3333333333333333
192,3,90,0.14285714285714285
193,3,112,0.5
194,3,119,1.0
195,3,134,0.1111111111111111
196,3,212,0.07692307692307693
197,3,222,0.25
198,3,249,0.125
199,3,276,0.4
200,3,309,0.3333333333333333
201,3,314,0.3333333333333333
202,3,324,0.5
203,3,372,1.0
204,3,431,0.3333333333333333
205,3,436,0.5
206,3,437,1.0
207,3,460,0.5
208,3,501,0.2
209,3,525,0.5
210,3,552,0.5
211,3,558,0.25
212,3,561,0.5
213,3,570,0.16666666666666666
214,3,583,0.3333333333333333
215,3,607,1.0
216,3,619,0.5
217,3,664,1.0
218,3,672,1.0
219,3,688,0.5
220,3,704,0.3333333333333333
221,3,737,1.0
222,3,763,0.5
223,3,772,0.5
224,3,821,0.25
225,3,826,0.3333333333333333
226,3,837,0.3333333333333333
227,3,914,0.2
228,3,915,0.09090909090909091
229,3,963,0.5
230,3,995,1.0
231,3,1003,0.3333333333333333
232,3,1066,0.2
233,3,1096,0.5
234,3,1141,1.0
235,3,1155,0.5
236,3,1186,1.0
237,3,1269,0.5
238,3,1284,1.0
239,3,1369,1.0
240,3,1406,1.0
241,3,1436,0.5
242,3,1460,1.0
243,3,1490,1.0
244,3,1550,0.5
245,3,1587,1.0
246,3,1588,1.0
247,3,1592,1.0
248,3,1612,0.5
249,3,1616,0.5
250,3,1670,1.0
251,3,1700,1.0
252,3,1706,1.0
253,4,5,0.3333333333333333
254,4,10,0.5
255,4,17,0.5
256,4,25,0.14285714285714285
257,4,27,0.07142857142857142
258,4,41,0.056
259,4,54,0.5
260,4,80,0.2
261,4,108,0.25
262,4,111,0.5
263,4,134,0.2222222222222222
264,4,143,0.2
265,4,146,0.3333333333333333
266,4,161,0.25
267,4,174,0.2
268,4,180,0.3333333333333333
269,4,181,0.3333333333333333
270,4,193,0.058823529411764705
271,4,298,1.0
272,4,355,0.5
273,4,366,0.5
274,4,383,1.0
275,4,392,0.5
276,4,461,0.5
277,4,473,1.0
278,4,501,0.2
279,4,530,0.3333333333333333
280,4,541,1.0
281,4,604,0.5
282,4,622,1.0
283,4,624,1.0
284,4,674,0.5
285,4,678,1.0
286,4,698,1.0
287,4,724,1.0
288,4,744,1.0
289,4,746,0.25
290,4,752,1.0
291,4,755,1.0
292,4,765,0.5
293,4,798,0.3333333333333333
294,4,807,0.3333333333333333
295,4,821,0.25
296,4,837,0.3333333333333333
297,4,866,0.3333333333333333
298,4,903,1.0
299,4,914,0.2
300,4,922,0.5
301,4,928,1.0
302,4,935,0.25
303,4,962,1.0
304,4,969,0.3333333333333333
305,4,987,1.0
306,4,1006,0.5
307,4,1023,0.5
308,4,1045,1.0
309,4,1053,0.5
310,4,1066,0.2
311,4,1094,1.0
312,4,1102,1.0
313,4,1165,1.0
314,4,1172,1.0
315,4,1201,0.3333333333333333
316,4,1211,0.3333333333333333
317,4,1220,0.5
318,4,1260,0.25
319,4,1280,1.0
320,4,1335,1.0
321,4,1349,1.0
322,4,1364,1.0
323,4,1381,1.0
324,4,1446,0.3333333333333333
325,4,1466,0.5
326,4,1496,0.3333333333333333
327,4,1556,1.0
328,4,1597,1.0
329,4,1620,1.0
330,4,1710,1.0
331,4,1724,1.0
332,4,1760,1.0
333,4,1768,1.0
334,5,7,0.3333333333333333
335,5,15,0.2
336,5,39,0.3333333333333333
337,5,41,0.024
338,5,71,0.25
339,5,83,0.5
340,5,108,0.25
341,5,136,1.0
342,5,137,0.2
343,5,139,0.08333333333333333
344,5,142,1.0
345,5,144,0.3333333333333333
346,5,145,0.3333333333333333
347,5,146,0.3333333333333333
348,5,151,0.3333333333333333
349,5,158,0.5
350,5,203,0.5
351,5,212,0.15384615384615385
352,5,221,0.5
353,5,242,1.0
354,5,249,0.125
355,5,251,0.5
356,5,290,0.3333333333333333
357,5,305,0.5
358,5,309,0.3333333333333333
359,5,347,0.5
360,5,357,1.0
361,5,363,0.5
362,5,371,0.5
363,5,396,0.5
364,5,425,1.0
365,5,462,0.3333333333333333
366,5,479,0.5
367,5,507,0.5
368,5,532,1.0
369,5,533,0.5
370,5,535,0.09090909090909091
371,5,553,1.0
372,5,556,1.0
373,5,582,0.25
374,5,608,0.3333333333333333
375,5,629,1.0
376,5,684,1.0
377,5,761,0.5
378,5,775,1.0
379,5,803,0.5
380,5,860,0.5
381,5,878,0.5
382,5,880,0.5
383,5,882,1.0
384,5,901,1.0
385,5,904,0.5
386,5,954,1.0
387,5,978,1.0
388,5,1004,1.0
389,5,1005,0.5
390,5,1109,0.5
391,5,1164,1.0
392,5,1173,1.0
393,5,1224,1.0
394,5,1257,0.5
395,5,1270,0.5
396,5,1296,1.0
397,5,1345,0.5
398,5,1471,0.3333333333333333
399,5,1472,0.5
400,5,1537,1.0
401,5,1569,1.0
402,5,1574,1.0
403,5,1634,1.0
404,5,1644,0.5
405,5,1668,1.0
406,5,1689,1.0
407,5,1704,1.0
408,6,8,0.5
409,6,16,0.043478260869565216
410,6,37,1.0
411,6,41,0.016
412,6,62,1.0
413,6,73,0.3333333333333333
414,6,96,0.2
415,6,123,1.0
416,6,145,0.3333333333333333
417,6,160,0.3333333333333333
418,6,166,1.0
419,6,182,1.0
420,6,188,1.0
421,6,199,0.16666666666666666
422,6,302,0.5
423,6,311,1.0
424,6,315,0.5
425,6,316,0.25
426,6,340,0.047619047619047616
427,6,369,1.0
428,6,438,0.3333333333333333
429,6,505,1.0
430,6,528,0.25
431,6,544,1.0
432,6,574,1.0
433,6,587,0.5
434,6,633,0.5
435,6,657,1.0
436,6,673,0.3333333333333333
437,6,687,0.5
438,6,707,1.0
439,6,754,1.0
440,6,762,1.0
441,6,796,0.3333333333333333
442,6,825,1.0
443,6,847,1.0
444,6,857,0.5
445,6,922,0.5
446,6,998,0.2
447,6,1022,0.5
448,6,1025,1.0
449,6,1053,0.5
450,6,1055,1.0
451,6,1062,0.16666666666666666
452,6,1078,0.5
453,6,1096,0.5
454,6,1099,0.3333333333333333
455,6,1112,1.0
456,6,1179,1.0
457,6,1210,0.5
458,6,1222,0.3333333333333333
459,6,1233,1.0
460,6,1521,1.0
461,6,1522,0.5
462,6,1603,1.0
463,6,1709,1.0
464,7,9,0.125
465,7,22,0.3333333333333333
466,7,36,0.3333333333333333
467,7,41,0.024
468,7,44,0.25
469,7,52,0.07692307692307693
470,7,85,0.25
471,7,90,0.14285714285714285
472,7,108,0.25
473,7,134,0.1111111111111111
474,7,139,0.08333333333333333
475,7,221,0.5
476,7,227,1.0
477,7,244,0.5
478,7,247,0.5
479,7,274,0.5
480,7,363,0.5
481,7,404,1.0
482,7,423,0.16666666666666666
483,7,433,0.3333333333333333
484,7,471,1.0
485,7,509,0.3333333333333333
486,7,549,0.3333333333333333
487,7,589,1.0
488,7,594,0.07692307692307693
489,7,663,0.5
490,7,727,0.5
491,7,730,1.0
492,7,851,1.0
493,7,863,0.3333333333333333
494,7,870,1.0
495,7,920,0.3333333333333333
496,7,971,0.5
497,7,1101,0.5
498,7,1104,0.3333333333333333
499,7,1237,1.0
500,7,1303,0.5
501,7,1350,0.2
502,7,1373,1.0
503,7,1375,1.0
504,7,1388,1.0
505,7,1420,1.0
506,7,1427,1.0
507,7,1518,1.0
508,7,1560,1.0
509,7,1562,1.0
510,7,1623,1.0
511,7,1665,0.3333333333333333
512,8,8,0.5
513,8,11,0.5
514,8,20,1.0
515,8,23,0.5
516,8,24,1.0
517,8,33,0.5
518,8,41,0.048
519,8,42,1.0
520,8,47,0.3333333333333333
521,8,52,0.07692307692307693
522,8,54,0.5
523,8,59,1.0
524,8,63,0.5
525,8,71,0.25
526,8,72,0.5
527,8,77,0.3333333333333333
528,8,86,1.0
529,8,97,1.0
530,8,106,1.0
531,8,126,0.3333333333333333
532,8,143,0.2
533,8,149,0.5
534,8,152,1.0
535,8,179,0.25
536,8,207,0.5
537,8,216,0.5
538,8,219,1.0
539,8,229,1.0
540,8,231,1.0
541,8,234,1.0
542,8,249,0.125
543,8,253,0.5
544,8,267,1.0
545,8,321,0.5
546,8,328,0.5
547,8,331,0.3333333333333333
548,8,332,1.0
549,8,338,1.0
550,8,341,0.5
551,8,362,0.25
552,8,364,0.25
553,8,379,0.3333333333333333
554,8,389,0.3333333333333333
555,8,395,1.0
556,8,419,0.5
557,8,429,0.5
558,8,488,1.0
559,8,501,0.2
560,8,516,1.0
561,8,522,1.0
562,8,535,0.18181818181818182
563,8,558,0.25
564,8,580,1.0
565,8,585,1.0
566,8,588,0.25
567,8,671,0.3333333333333333
568,8,673,0.3333333333333333
569,8,679,0.5
570,8,683,0.5
571,8,693,1.0
572,8,716,1.0
573,8,723,1.0
574,8,735,0.5
575,8,746,0.25
576,8,767,0.5
577,8,797,0.3333333333333333
578,8,819,0.5
579,8,835,0.14285714285714285
580,8,925,0.3333333333333333
581,8,927,0.5
582,8,967,0.5
583,8,983,1.0
584,8,994,1.0
585,8,1015,0.3333333333333333
586,8,1024,0.5
587,8,1029,1.0
588,8,1047,0.5
589,8,1048,1.0
590,8,1052,0.5
591,8,1054,1.0
592,8,1063,1.0
593,8,1066,0.2
594,8,1091,1.0
595,8,1110,1.0
596,8,1118,1.0
597,8,1170,1.0
598,8,1175,0.5
599,8,1206,1.0
600,8,1208,0.5
601,8,1253,1.0
602,8,1256,1.0
603,8,1260,0.25
604,8,1265,1.0
605,8,1291,0.3333333333333333
606,8,1293,0.5
607,8,1298,0.3333333333333333
608,8,1324,1.0
609,8,1360,1.0
610,8,1395,1.0
611,8,1417,0.5
612,8,1428,1.0
613,8,1469,1.0
614,8,1519,1.0
615,8,1545,1.0
616,8,1547,1.0
617,8,1551,1.0
618,8,1595,0.5
619,8,1635,1.0
620,8,1729,1.0
621,9,12,0.5
622,9,30,0.5
623,9,36,0.3333333333333333
624,9,39,0.3333333333333333
625,9,40,0.09090909090909091
626,9,41,0.016
627,9,46,0.3333333333333333
628,9,58,0.5
629,9,91,0.5
630,9,134,0.1111111111111111
631,9,150,0.2
632,9,197,0.2
633,9,202,0.25
634,9,211,0.5
635,9,212,0.15384615384615385
636,9,213,0.5
637,9,222,0.25
638,9,244,0.5
639,9,249,0.125
640,9,250,0.3333333333333333
641,9,260,0.5
642,9,277,0.5
643,9,296,0.5
644,9,307,1.0
645,9,312,0.5
646,9,313,0.5
647,9,317,0.3333333333333333
648,9,327,1.0
649,9,330,0.3333333333333333
650,9,340,0.09523809523809523
651,9,374,1.0
652,9,379,0.3333333333333333
653,9,412,0.3333333333333333
654,9,427,0.5
655,9,443,0.5
656,9,453,0.3333333333333333
657,9,482,0.5
658,9,526,0.3333333333333333
659,9,535,0.18181818181818182
660,9,537,1.0
661,9,543,1.0
662,9,551,0.2
663,9,564,1.0
664,9,567,0.5
665,9,594,0.07692307692307693
666,9,648,0.5
667,9,677,1.0
668,9,690,0.5
669,9,715,1.0
670,9,732,0.5
671,9,742,0.25
672,9,746,0.25
673,9,747,1.0
674,9,750,0.5
675,9,766,1.0
676,9,818,1.0
677,9,879,0.5
678,9,890,1.0
679,9,923,1.0
680,9,956,0.5
681,9,959,1.0
682,9,964,1.0
683,9,1000,0.5
684,9,1051,1.0
685,9,1058,1.0
686,9,1081,1.0
687,9,1084,1.0
688,9,1093,1.0
689,9,1115,1.0
690,9,1134,1.0
691,9,1152,0.5
692,9,1181,1.0
693,9,1196,1.0
694,9,1205,1.0
695,9,1216,0.5
696,9,1219,1.0
697,9,1223,0.3333333333333333
698,9,1228,1.0
699,9,1234,0.5
700,9,1269,0.5
701,9,1272,0.5
702,9,1322,0.5
703,9,1354,1.0
704,9,1356,1.0
705,9,1385,0.5
706,9,1438,1.0
707,9,1439,0.5
708,9,1440,1.0
709,9,1441,0.5
710,9,1448,1.0
711,9,1492,1.0
712,9,1539,1.0
713,9,1540,1.0
714,9,1557,0.5
715,9,1584,1.0
716,9,1604,1.0
717,9,1651,0.5
718,9,1660,1.0
719,9,1682,1.0
720,9,1699,1.0
721,9,1702,1.0
722,9,1705,0.5
723,9,1750,1.0
724,10,9,0.125
725,10,14,1.0
726,10,41,0.024
727,10,51,0.2
728,10,67,0.3333333333333333
729,10,107,1.0
730,10,108,0.25
731,10,115,0.2
732,10,139,0.08333333333333333
733,10,156,0.5
734,10,162,0.5
735,10,193,0.11764705882352941
736,10,233,1.0
737,10,314,0.3333333333333333
738,10,322,0.3333333333333333
739,10,365,1.0
740,10,378,1.0
741,10,382,1.0
742,10,416,1.0
743,10,455,1.0
744,10,485,0.5
745,10,526,0.3333333333333333
746,10,533,0.5
747,10,545,1.0
748,10,594,0.07692307692307693
749,10,596,0.5
750,10,792,1.0
751,10,804,0.3333333333333333
752,10,852,1.0
753,10,969,0.3333333333333333
754,10,1039,0.5
755,10,1042,1.0
756,10,1056,1.0
757,10,1148,1.0
758,10,1220,0.5
759,10,1416,0.5
760,10,1419,1.0
761,10,1422,1.0
762,10,1453,1.0
763,10,1455,1.0
764,10,1485,1.0
765,10,1509,1.0
766,10,1534,0.5
767,10,1630,1.0
768,10,1638,1.0
769,10,1697,1.0
770,10,1776,1.0
771,10,1778,1.0
772,11,16,0.043478260869565216
773,11,17,0.5
774,11,22,0.3333333333333333
775,11,27,0.07142857142857142
776,11,29,0.5
777,11,40,0.18181818181818182
778,11,41,0.024
779,11,52,0.07692307692307693
780,11,56,0.3333333333333333
781,11,63,0.5
782,11,96,0.2
783,11,98,0.5
784,11,124,1.0
785,11,153,0.3333333333333333
786,11,193,0.1764705882352941
787,11,195,0.2
788,11,199,0.16666666666666666
789,11,212,0.07692307692307693
790,11,249,0.125
791,11,256,0.5
792,11,270,1.0
793,11,287,1.0
794,11,304,0.125
795,11,310,0.5
796,11,336,1.0
797,11,361,1.0
798,11,377,1.0
799,11,405,1.0
800,11,440,0.3333333333333333
801,11,451,1.0
802,11,453,0.3333333333333333
803,11,511,0.2
804,11,528,0.25
805,11,568,1.0
806,11,583,0.3333333333333333
807,11,591,0.3333333333333333
808,11,593,1.0
809,11,594,0.07692307692307693
810,11,621,0.25
811,11,643,0.5
812,11,656,1.0
813,11,674,0.5
814,11,676,0.5
815,11,748,0.5
816,11,763,0.5
817,11,794,1.0
818,11,795,1.0
819,11,876,1.0
820,11,905,0.5
821,11,915,0.09090909090909091
822,11,940,1.0
823,11,948,1.0
824,11,950,1.0
825,11,991,0.25
826,11,1010,1.0
827,11,1015,0.3333333333333333
828,11,1041,1.0
829,11,1046,0.5
830,11,1068,1.0
831,11,1071,1.0
832,11,1077,0.3333333333333333
833,11,1089,1.0
834,11,1125,1.0
835,11,1158,0.5
836,11,1187,0.5
837,11,1190,1.0
838,11,1192,0.5
839,11,1197,0.3333333333333333
840,11,1201,0.3333333333333333
841,11,1213,1.0
842,11,1286,1.0
843,11,1289,0.5
844,11,1303,0.5
845,11,1334,1.0
846,11,1339,1.0
847,11,1346,1.0
848,11,1413,1.0
849,11,1477,1.0
850,11,1494,1.0
851,11,1496,0.3333333333333333
852,11,1627,1.0
853,11,1694,1.0
854,11,1711,1.0
855,12,18,0.5
856,12,40,0.09090909090909091
857,12,41,0.048
858,12,48,0.3333333333333333
859,12,50,0.3333333333333333
860,12,51,0.2
861,12,52,0.07692307692307693
862,12,61,1.0
863,12,68,0.3333333333333333
864,12,71,0.25
865,12,73,0.3333333333333333
866,12,76,0.5
867,12,77,0.3333333333333333
868,12,80,0.2
869,12,104,1.0
870,12,115,0.2
871,12,127,0.25
872,12,130,0.5
873,12,137,0.2
874,12,173,0.5
875,12,180,0.3333333333333333
876,12,181,0.3333333333333333
877,12,202,0.25
878,12,204,0.5
879,12,212,0.07692307692307693
880,12,232,0.25
881,12,238,1.0
882,12,240,0.5
883,12,249,0.125
884,12,265,0.5
885,12,278,0.5
886,12,282,0.5
887,12,283,0.3333333333333333
888,12,286,0.3333333333333333
889,12,300,0.5
890,12,302,0.5
891,12,318,1.0
892,12,335,1.0
893,12,352,1.0
894,12,353,1.0
895,12,364,0.25
896,12,375,0.5
897,12,392,0.5
898,12,400,0.3333333333333333
899,12,430,0.5
900,12,432,0.3333333333333333
901,12,443,0.5
902,12,447,0.3333333333333333
903,12,453,0.3333333333333333
904,12,477,0.6666666666666666
905,12,493,0.5
906,12,497,0.2
907,12,508,1.0
908,12,536,1.0
909,12,538,0.5
910,12,542,1.0
911,12,582,0.25
912,12,617,0.3333333333333333
913,12,630,1.0
914,12,636,0.5
915,12,650,0.5
916,12,666,1.0
917,12,669,0.5
918,12,722,0.5
919,12,776,0.3333333333333333
920,12,778,0.3333333333333333
921,12,809,0.25
922,12,812,0.5
923,12,830,1.0
924,12,843,1.0
925,12,863,0.3333333333333333
926,12,873,1.0
927,12,881,0.5
928,12,910,1.0
929,12,917,1.0
930,12,921,0.3333333333333333
931,12,926,0.5
932,12,936,1.0
933,12,980,1.0
934,12,1022,0.5
935,12,1070,0.5
936,12,1117,0.5
937,12,1153,1.0
938,12,1182,1.0
939,12,1183,1.0
940,12,1184,0.5
941,12,1247,1.0
942,12,1257,0.5
943,12,1258,0.5
944,12,1263,0.3333333333333333
945,12,1272,0.5
946,12,1304,1.0
947,12,1319,1.0
948,12,1325,1.0
949,12,1353,0.5
950,12,1370,1.0
951,12,1376,1.0
952,12,1404,1.0
953,12,1464,1.0
954,12,1473,0.5
955,12,1478,1.0
956,12,1510,0.5
957,12,1533,1.0
958,12,1570,1.0
959,12,1594,1.0
960,12,1649,1.0
961,12,1653,1.0
962,12,1677,1.0
963,12,1735,1.0
964,12,1761,1.0
965,12,1782,1.0
966,13,19,0.5
967,13,41,0.024
968,13,51,0.2
969,13,122,0.3333333333333333
970,13,168,0.5
971,13,193,0.058823529411764705
972,13,246,1.0
973,13,276,0.2
974,13,284,0.3333333333333333
975,13,304,0.125
976,13,305,0.5
977,13,330,0.3333333333333333
978,13,340,0.047619047619047616
979,13,376,0.5
980,13,402,1.0
981,13,484,1.0
982,13,552,0.5
983,13,625,1.0
984,13,635,0.5
985,13,663,0.5
986,13,688,0.5
987,13,704,0.3333333333333333
988,13,712,1.0
989,13,772,0.5
990,13,789,1.0
991,13,816,1.0
992,13,832,0.5
993,13,914,0.2
994,13,944,1.0
995,13,1065,0.3333333333333333
996,13,1082,1.0
997,13,1083,1.0
998,13,1187,0.5
999,13,1222,0.3333333333333333
1000,13,1355,1.0
1001,13,1429,1.0
1002,13,1442,1.0
1003,13,1466,0.5
1004,13,1524,1.0
1005,13,1538,1.0
1006,13,1600,1.0
1007,14,16,0.043478260869565216
1008,14,21,1.0
1009,14,27,0.07142857142857142
1010,14,41,0.008
1011,14,46,0.3333333333333333
1012,14,52,0.07692307692307693
1013,14,73,0.3333333333333333
1014,14,126,0.3333333333333333
1015,14,262,0.3333333333333333
1016,14,271,0.25
1017,14,309,0.3333333333333333
1018,14,359,1.0
1019,14,822,0.5
1020,14,883,1.0
1021,14,935,0.25
1022,14,1225,1.0
1023,14,1310,1.0
1024,14,1451,1.0
1025,14,1456,1.0
1026,14,1717,0.5
1027,14,1723,1.0
1028,14,1730,1.0
1029,15,23,0.5
1030,15,41,0.016
1031,15,52,0.07692307692307693
1032,15,93,0.125
1033,15,144,0.3333333333333333
1034,15,165,1.0
1035,15,174,0.2
1036,15,215,1.0
1037,15,224,0.6666666666666666
1038,15,290,0.3333333333333333
1039,15,297,0.5
1040,15,326,0.5
1041,15,340,0.047619047619047616
1042,15,386,1.0
1043,15,448,1.0
1044,15,519,1.0
1045,15,520,0.5
1046,15,554,0.3333333333333333
1047,15,626,0.3333333333333333
1048,15,765,0.5
1049,15,803,0.5
1050,15,902,0.25
1051,15,905,0.5
1052,15,1119,1.0
1053,15,1136,1.0
1054,15,1139,1.0
1055,15,1211,0.3333333333333333
1056,15,1250,0.5
1057,15,1350,0.4
1058,15,1351,0.5
1059,15,1441,0.5
1060,15,1496,0.3333333333333333
1061,15,1536,1.0
1062,15,1542,0.5
1063,15,1558,1.0
1064,15,1664,0.5
1065,15,1680,1.0
1066,15,1777,1.0
1067,16,9,0.125
1068,16,16,0.043478260869565216
1069,16,18,0.5
1070,16,25,0.14285714285714285
1071,16,27,0.2857142857142857
1072,16,35,0.3333333333333333
1073,16,41,0.10400000000000001
1074,16,57,0.3333333333333333
1075,16,65,0.5
1076,16,69,1.0
1077,16,77,0.3333333333333333
1078,16,90,0.14285714285714285
1079,16,93,0.375
1080,16,102,1.0
1081,16,139,0.08333333333333333
1082,16,140,0.5
1083,16,150,0.2
1084,16,193,0.1764705882352941
1085,16,199,0.16666666666666666
1086,16,200,0.5
1087,16,201,0.5
1088,16,204,0.5
1089,16,207,0.5
1090,16,212,0.07692307692307693
1091,16,228,1.0
1092,16,235,1.0
1093,16,266,1.0
1094,16,271,0.5
1095,16,285,1.0
1096,16,286,0.3333333333333333
1097,16,310,0.5
1098,16,321,0.5
1099,16,340,0.14285714285714285
1100,16,346,0.3333333333333333
1101,16,356,0.5
1102,16,375,0.5
1103,16,400,0.3333333333333333
1104,16,407,0.5
1105,16,409,0.5
1106,16,423,0.16666666666666666
1107,16,426,0.5
1108,16,435,1.0
1109,16,438,0.3333333333333333
1110,16,441,1.0
1111,16,450,1.0
1112,16,452,1.0
1113,16,514,1.0
1114,16,528,0.25
1115,16,531,0.5
1116,16,535,0.09090909090909091
1117,16,547,1.0
1118,16,565,1.0
1119,16,572,1.0
1120,16,587,0.5
1121,16,592,0.5
1122,16,596,0.5
1123,16,597,0.5
1124,16,598,0.5
1125,16,608,0.3333333333333333
1126,16,621,0.25
1127,16,632,1.0
1128,16,640,0.25
1129,16,651,0.5
1130,16,701,1.0
1131,16,709,1.0
1132,16,710,1.0
1133,16,725,0.2
1134,16,773,0.5
1135,16,776,0.3333333333333333
1136,16,797,0.3333333333333333
1137,16,801,1.0
1138,16,814,1.0
1139,16,821,0.25
1140,16,828,0.25
1141,16,836,1.0
1142,16,842,1.0
1143,16,848,1.0
1144,16,854,1.0
1145,16,864,1.0
1146,16,898,1.0
1147,16,914,0.2
1148,16,915,0.09090909090909091
1149,16,925,0.3333333333333333
1150,16,934,1.0
1151,16,949,1.0
1152,16,961,0.5
1153,16,975,1.0
1154,16,977,1.0
1155,16,979,0.5
1156,16,982,1.0
1157,16,985,0.3333333333333333
1158,16,991,0.75
1159,16,1001,1.0
1160,16,1007,1.0
1161,16,1043,1.0
1162,16,1049,0.5
1163,16,1074,1.0
1164,16,1090,1.0
1165,16,1120,0.5
1166,16,1131,1.0
1167,16,1194,0.5
1168,16,1197,0.3333333333333333
1169,16,1212,0.3333333333333333
1170,16,1241,1.0
1171,16,1243,1.0
1172,16,1245,1.0
1173,16,1260,0.25
1174,16,1262,1.0
1175,16,1282,1.0
1176,16,1288,1.0
1177,16,1298,0.3333333333333333
1178,16,1302,1.0
1179,16,1326,1.0
1180,16,1331,1.0
1181,16,1362,1.0
1182,16,1431,1.0
1183,16,1447,1.0
1184,16,1468,1.0
1185,16,1474,0.5
1186,16,1506,1.0
1187,16,1516,0.5
1188,16,1523,1.0
1189,16,1530,1.0
1190,16,1532,0.5
1191,16,1553,1.0
1192,16,1566,1.0
1193,16,1575,1.0
1194,16,1581,1.0
1195,16,1596,1.0
1196,16,1619,1.0
1197,16,1629,1.0
1198,16,1636,1.0
1199,16,1639,1.0
1200,16,1648,1.0
1201,16,1656,1.0
1202,16,1663,1.0
1203,16,1672,1.0
1204,16,1693,1.0
1205,16,1715,1.0
1206,16,1732,1.0
1207,16,1736,1.0
1208,16,1746,1.0
1209,16,1772,1.0
1210,16,1773,1.0
1211,16,1774,1.0
1212,17,26,1.0
1213,17,41,0.016
1214,17,52,0.07692307692307693
1215,17,85,0.25
1216,17,100,0.3333333333333333
1217,17,115,0.2
1218,17,121,0.2
1219,17,127,0.25
1220,17,156,0.5
1221,17,205,0.25
1222,17,213,0.5
1223,17,220,0.3333333333333333
1224,17,222,0.25
1225,17,247,0.5
1226,17,252,0.3333333333333333
1227,17,262,0.3333333333333333
1228,17,312,0.5
1229,17,325,0.25
1230,17,343,0.5
1231,17,370,1.0
1232,17,410,0.5
1233,17,411,0.5
1234,17,424,0.3333333333333333
1235,17,432,0.3333333333333333
1236,17,433,0.3333333333333333
1237,17,449,1.0
1238,17,468,0.3333333333333333
1239,17,469,0.5
1240,17,476,0.25
1241,17,570,0.16666666666666666
1242,17,594,0.07692307692307693
1243,17,620,1.0
1244,17,639,0.25
1245,17,643,0.5
1246,17,644,0.5
1247,17,646,1.0
1248,17,647,1.0
1249,17,668,1.0
1250,17,690,0.5
1251,17,714,0.5
1252,17,736,1.0
1253,17,781,0.5
1254,17,799,0.3333333333333333
1255,17,807,0.3333333333333333
1256,17,838,0.5
1257,17,845,0.5
1258,17,861,1.0
1259,17,880,0.5
1260,17,885,0.3333333333333333
1261,17,900,1.0
1262,17,915,0.18181818181818182
1263,17,935,0.25
1264,17,943,1.0
1265,17,965,0.5
1266,17,1003,0.3333333333333333
1267,17,1024,0.5
1268,17,1040,1.0
1269,17,1047,0.5
1270,17,1106,1.0
1271,17,1120,0.25
1272,17,1197,0.3333333333333333
1273,17,1208,0.5
1274,17,1290,1.0
1275,17,1305,1.0
1276,17,1342,1.0
1277,17,1365,1.0
1278,17,1371,1.0
1279,17,1380,1.0
1280,17,1384,1.0
1281,17,1386,1.0
1282,17,1392,1.0
1283,17,1435,1.0
1284,17,1475,1.0
1285,17,1505,1.0
1286,17,1534,0.5
1287,17,1605,0.5
1288,17,1610,0.5
1289,17,1621,1.0
1290,17,1633,1.0
1291,17,1654,1.0
1292,17,1675,1.0
1293,17,1681,1.0
1294,17,1696,1.0
1295,17,1725,1.0
1296,17,1743,1.0
1297,17,1763,1.0
1298,17,1765,1.0
1299,17,1775,1.0
1300,17,1781,1.0
1301,18,9,0.125
1302,18,16,0.043478260869565216
1303,18,28,0.3333333333333333
1304,18,40,0.09090909090909091
1305,18,41,0.04
1306,18,47,0.3333333333333333
1307,18,52,0.07692307692307693
1308,18,55,0.5
1309,18,88,0.5
1310,18,89,0.5
1311,18,90,0.14285714285714285
1312,18,96,0.2
1313,18,99,0.5
1314,18,100,0.3333333333333333
1315,18,101,0.25
1316,18,139,0.16666666666666666
1317,18,151,0.3333333333333333
1318,18,168,0.5
1319,18,170,0.3333333333333333
1320,18,179,0.25
1321,18,194,1.0
1322,18,202,0.25
1323,18,205,0.25
1324,18,245,1.0
1325,18,276,0.2
1326,18,294,1.0
1327,18,322,0.3333333333333333
1328,18,368,1.0
1329,18,385,1.0
1330,18,424,0.3333333333333333
1331,18,431,0.3333333333333333
1332,18,457,1.0
1333,18,458,1.0
1334,18,464,0.5
1335,18,489,1.0
1336,18,523,0.2
1337,18,527,1.0
1338,18,548,0.5
1339,18,614,0.5
1340,18,621,0.25
1341,18,638,0.5
1342,18,671,0.3333333333333333
1343,18,725,0.2
1344,18,764,0.5
1345,18,783,1.0
1346,18,798,0.3333333333333333
1347,18,809,0.25
1348,18,820,1.0
1349,18,822,0.5
1350,18,886,0.25
1351,18,889,0.5
1352,18,902,0.25
1353,18,1030,1.0
1354,18,1035,1.0
1355,18,1062,0.16666666666666666
1356,18,1065,0.3333333333333333
1357,18,1086,1.0
1358,18,1099,0.3333333333333333
1359,18,1104,0.3333333333333333
1360,18,1121,1.0
1361,18,1138,0.5
1362,18,1169,1.0
1363,18,1210,0.5
1364,18,1218,0.5
1365,18,1396,1.0
1366,18,1449,1.0
1367,18,1512,1.0
1368,18,1609,0.5
1369,18,1667,1.0
1370,18,1691,1.0
1371,18,1738,1.0
1372,19,29,0.5
1373,19,32,0.5
1374,19,49,1.0
1375,19,116,1.0
1376,19,167,0.3333333333333333
1377,19,191,1.0
1378,19,225,0.5
1379,19,255,0.5
1380,19,286,0.3333333333333333
1381,19,304,0.125
1382,19,316,0.25
1383,19,320,0.5
1384,19,344,1.0
1385,19,406,1.0
1386,19,410,0.5
1387,19,444,0.5
1388,19,487,0.3333333333333333
1389,19,530,0.3333333333333333
1390,19,534,1.0
1391,19,535,0.09090909090909091
1392,19,638,0.5
1393,19,696,1.0
1394,19,708,0.25
1395,19,740,1.0
1396,19,748,0.5
1397,19,756,1.0
1398,19,759,1.0
1399,19,771,0.5
1400,19,774,1.0
1401,19,779,1.0
1402,19,855,1.0
1403,19,868,1.0
1404,19,892,1.0
1405,19,932,0.5
1406,19,971,0.5
1407,19,1185,0.3333333333333333
1408,19,1211,0.3333333333333333
1409,19,1216,0.5
1410,19,1235,1.0
1411,19,1242,1.0
1412,19,1264,1.0
1413,19,1266,1.0
1414,19,1270,0.5
1415,19,1271,1.0
1416,19,1307,0.3333333333333333
1417,19,1328,1.0
1418,19,1378,1.0
1419,19,1493,1.0
1420,19,1543,1.0
1421,19,1563,1.0
1422,19,1572,1.0
1423,19,1578,1.0
1424,19,1582,1.0
1425,19,1611,1.0
1426,19,1617,1.0
1427,19,1703,1.0
1428,19,1749,1.0
1429,20,15,0.2
1430,20,30,0.5
1431,20,35,0.3333333333333333
1432,20,36,0.3333333333333333
1433,20,41,0.032
1434,20,70,1.0
1435,20,98,0.5
1436,20,109,0.3333333333333333
1437,20,111,0.5
1438,20,120,0.5
1439,20,121,0.2
1440,20,147,0.3333333333333333
1441,20,155,1.0
1442,20,161,0.25
1443,20,187,0.3333333333333333
1444,20,197,0.2
1445,20,212,0.07692307692307693
1446,20,239,0.3333333333333333
1447,20,241,1.0
1448,20,257,1.0
1449,20,259,1.0
1450,20,261,1.0
1451,20,274,0.5
1452,20,283,0.3333333333333333
1453,20,292,1.0
1454,20,300,0.5
1455,20,324,0.25
1456,20,330,0.3333333333333333
1457,20,340,0.047619047619047616
1458,20,345,1.0
1459,20,396,0.5
1460,20,403,1.0
1461,20,418,1.0
1462,20,440,0.3333333333333333
1463,20,446,0.25
1464,20,480,0.5
1465,20,496,1.0
1466,20,498,1.0
1467,20,500,1.0
1468,20,535,0.09090909090909091
1469,20,558,0.25
1470,20,592,0.5
1471,20,627,0.5
1472,20,631,1.0
1473,20,634,1.0
1474,20,639,0.25
1475,20,648,0.5
1476,20,733,1.0
1477,20,757,1.0
1478,20,778,0.3333333333333333
1479,20,786,0.5
1480,20,791,1.0
1481,20,833,1.0
1482,20,835,0.14285714285714285
1483,20,856,0.5
1484,20,894,1.0
1485,20,907,0.5
1486,20,921,0.3333333333333333
1487,20,938,1.0
1488,20,952,1.0
1489,20,956,0.5
1490,20,986,0.5
1491,20,1012,0.5
1492,20,1026,1.0
1493,20,1032,1.0
1494,20,1037,0.5
1495,20,1038,1.0
1496,20,1080,1.0
1497,20,1109,0.5
1498,20,1236,1.0
1499,20,1249,1.0
1500,20,1332,1.0
1501,20,1333,1.0
1502,20,1340,0.5
1503,20,1368,1.0
1504,20,1387,1.0
1505,20,1417,0.5
1506,20,1423,1.0
1507,20,1424,1.0
1508,20,1426,1.0
1509,20,1467,0.5
1510,20,1491,1.0
1511,20,1511,0.5
1512,20,1517,1.0
1513,20,1542,0.5
1514,20,1554,1.0
1515,20,1571,1.0
1516,20,1599,1.0
1517,20,1609,0.5
1518,20,1643,1.0
1519,20,1645,1.0
1520,20,1651,0.5
1521,20,1659,0.5
1522,20,1676,1.0
1523,20,1713,1.0
1524,20,1728,1.0
1525,20,1766,1.0
1526,20,1769,1.0
1527,20,1771,1.0
1528,21,25,0.14285714285714285
1529,21,31,1.0
1530,21,41,0.008
1531,21,78,0.3333333333333333
1532,21,79,0.3333333333333333
1533,21,82,1.0
1534,21,114,1.0
1535,21,129,0.5
1536,21,139,0.08333333333333333
1537,21,146,0.3333333333333333
1538,21,149,0.5
1539,21,186,1.0
1540,21,190,1.0
1541,21,197,0.2
1542,21,199,0.16666666666666666
1543,21,205,0.25
1544,21,269,1.0
1545,21,273,1.0
1546,21,277,0.5
1547,21,316,0.5
1548,21,324,0.25
1549,21,328,0.5
1550,21,340,0.09523809523809523
1551,21,389,0.3333333333333333
1552,21,423,0.16666666666666666
1553,21,456,1.0
1554,21,463,0.5
1555,21,486,1.0
1556,21,503,1.0
1557,21,504,1.0
1558,21,509,0.3333333333333333
1559,21,510,1.0
1560,21,513,0.25
1561,21,515,0.3333333333333333
1562,21,531,0.5
1563,21,551,0.2
1564,21,576,1.0
1565,21,594,0.07692307692307693
1566,21,595,0.3333333333333333
1567,21,616,1.0
1568,21,680,1.0
1569,21,683,0.5
1570,21,699,1.0
1571,21,704,0.3333333333333333
1572,21,708,0.25
1573,21,713,0.5
1574,21,720,1.0
1575,21,721,1.0
1576,21,722,0.5
1577,21,726,0.5
1578,21,884,0.3333333333333333
1579,21,902,0.25
1580,21,915,0.09090909090909091
1581,21,937,0.5
1582,21,957,1.0
1583,21,970,0.3333333333333333
1584,21,974,0.3333333333333333
1585,21,988,1.0
1586,21,1015,0.3333333333333333
1587,21,1031,0.5
1588,21,1034,0.3333333333333333
1589,21,1061,0.5
1590,21,1062,0.16666666666666666
1591,21,1092,1.0
1592,21,1105,0.5
1593,21,1108,1.0
1594,21,1140,1.0
1595,21,1167,1.0
1596,21,1191,1.0
1597,21,1193,1.0
1598,21,1195,0.5
1599,21,1209,0.5
1600,21,1217,1.0
1601,21,1246,0.5
1602,21,1259,0.5
1603,21,1279,1.0
1604,21,1313,0.5
1605,21,1363,1.0
1606,21,1372,1.0
1607,21,1409,1.0
1608,21,1434,0.5
1609,21,1454,1.0
1610,21,1461,1.0
1611,21,1472,0.5
1612,21,1511,0.5
1613,21,1535,1.0
1614,21,1573,1.0
1615,21,1618,1.0
1616,21,1624,1.0
1617,21,1646,1.0
1618,21,1652,1.0
1619,21,1717,0.5
1620,21,1721,1.0
1621,21,1744,1.0
1622,21,1755,1.0
1623,21,1758,1.0
1624,21,1770,1.0
1625,22,7,0.3333333333333333
1626,22,16,0.043478260869565216
1627,22,32,0.5
1628,22,41,0.016
1629,22,101,0.25
1630,22,115,0.2
1631,22,154,0.5
1632,22,169,0.3333333333333333
1633,22,175,0.3333333333333333
1634,22,193,0.11764705882352941
1635,22,237,0.5
1636,22,301,0.5
1637,22,466,0.5
1638,22,490,0.3333333333333333
1639,22,549,0.3333333333333333
1640,22,597,0.5
1641,22,655,0.5
1642,22,761,0.5
1643,22,831,1.0
1644,22,891,1.0
1645,22,941,0.5
1646,22,947,0.5
1647,22,1077,0.3333333333333333
1648,22,1107,0.5
1649,22,1122,0.5
1650,22,1127,1.0
1651,22,1129,0.3333333333333333
1652,22,1166,1.0
1653,22,1202,1.0
1654,22,1248,1.0
1655,22,1255,1.0
1656,22,1358,1.0
1657,22,1450,1.0
1658,22,1463,1.0
1659,22,1615,1.0
1660,22,1632,1.0
1661,22,1678,1.0
1662,23,33,0.5
1663,23,41,0.016
1664,23,48,0.16666666666666666
1665,23,64,1.0
1666,23,79,0.3333333333333333
1667,23,109,0.3333333333333333
1668,23,130,0.5
1669,23,133,0.5
1670,23,139,0.08333333333333333
1671,23,141,0.5
1672,23,143,0.2
1673,23,160,0.3333333333333333
1674,23,174,0.2
1675,23,185,0.5
1676,23,268,1.0
1677,23,289,1.0
1678,23,299,1.0
1679,23,304,0.125
1680,23,306,1.0
1681,23,319,1.0
1682,23,323,1.0
1683,23,331,0.3333333333333333
1684,23,342,1.0
1685,23,381,1.0
1686,23,436,0.5
1687,23,478,1.0
1688,23,485,0.5
1689,23,594,0.07692307692307693
1690,23,626,0.3333333333333333
1691,23,640,0.25
1692,23,676,0.5
1693,23,741,1.0
1694,23,751,1.0
1695,23,788,1.0
1696,23,805,0.5
1697,23,808,0.5
1698,23,824,1.0
1699,23,867,0.5
1700,23,909,0.5
1701,23,992,0.5
1702,23,1016,1.0
1703,23,1034,0.3333333333333333
1704,23,1036,1.0
1705,23,1057,1.0
1706,23,1075,0.5
1707,23,1113,1.0
1708,23,1150,1.0
1709,23,1180,1.0
1710,23,1222,0.3333333333333333
1711,23,1223,0.3333333333333333
1712,23,1263,0.3333333333333333
1713,23,1293,0.5
1714,23,1366,1.0
1715,23,1385,0.5
1716,23,1471,0.3333333333333333
1717,23,1476,1.0
1718,23,1655,1.0
1719,23,1657,1.0
1720,23,1664,0.5
1721,23,1712,1.0
1722,23,1716,0.5
1723,23,1737,1.0
1724,23,1757,1.0
1725,24,16,0.043478260869565216
1726,24,27,0.07142857142857142
1727,24,34,1.0
1728,24,41,0.032
1729,24,52,0.07692307692307693
1730,24,92,0.25
1731,24,121,0.2
1732,24,143,0.2
1733,24,161,0.25
1734,24,185,0.5
1735,24,193,0.058823529411764705
1736,24,198,1.0
1737,24,201,0.5
1738,24,237,0.5
1739,24,243,0.5
1740,24,254,0.5
1741,24,350,0.5
1742,24,387,1.0
1743,24,422,1.0
1744,24,434,1.0
1745,24,438,0.3333333333333333
1746,24,470,1.0
1747,24,493,0.5
1748,24,502,1.0
1749,24,506,1.0
1750,24,523,0.4
1751,24,535,0.09090909090909091
1752,24,540,1.0
1753,24,561,0.5
1754,24,649,1.0
1755,24,665,0.5
1756,24,717,0.5
1757,24,742,0.5
1758,24,746,0.25
1759,24,797,0.3333333333333333
1760,24,807,0.3333333333333333
1761,24,808,0.5
1762,24,849,1.0
1763,24,857,0.5
1764,24,862,1.0
1765,24,867,0.5
1766,24,946,1.0
1767,24,961,0.5
1768,24,969,0.3333333333333333
1769,24,972,1.0
1770,24,973,1.0
1771,24,993,1.0
1772,24,996,1.0
1773,24,1000,0.5
1774,24,1003,0.3333333333333333
1775,24,1005,0.5
1776,24,1008,1.0
1777,24,1077,0.3333333333333333
1778,24,1099,0.3333333333333333
1779,24,1111,1.0
1780,24,1149,1.0
1781,24,1161,0.5
1782,24,1176,1.0
1783,24,1195,0.5
1784,24,1229,1.0
1785,24,1278,1.0
1786,24,1295,1.0
1787,24,1313,0.5
1788,24,1338,1.0
1789,24,1341,1.0
1790,24,1350,0.2
1791,24,1357,1.0
1792,24,1397,0.5
1793,24,1418,1.0
1794,24,1495,1.0
1795,24,1497,1.0
1796,24,1498,1.0
1797,24,1504,0.5
1798,24,1522,0.5
1799,24,1532,0.5
1800,24,1607,1.0
1801,24,1622,1.0
1802,24,1690,1.0
1803,24,1719,1.0
1804,24,1733,1.0
1805,25,27,0.07142857142857142
1806,25,38,1.0
1807,25,40,0.09090909090909091
1808,25,41,0.016
1809,25,92,0.25
1810,25,134,0.1111111111111111
1811,25,170,0.3333333333333333
1812,25,172,1.0
1813,25,210,0.5
1814,25,264,1.0
1815,25,350,0.5
1816,25,362,0.25
1817,25,424,0.3333333333333333
1818,25,468,0.3333333333333333
1819,25,475,1.0
1820,25,492,1.0
1821,25,582,0.25
1822,25,594,0.07692307692307693
1823,25,599,1.0
1824,25,609,1.0
1825,25,619,0.5
1826,25,654,0.3333333333333333
1827,25,659,1.0
1828,25,665,0.5
1829,25,669,0.5
1830,25,708,0.25
1831,25,865,1.0
1832,25,998,0.2
1833,25,1021,1.0
1834,25,1066,0.4
1835,25,1078,0.5
1836,25,1158,0.5
1837,25,1162,0.5
1838,25,1275,0.3333333333333333
1839,25,1316,0.3333333333333333
1840,25,1437,1.0
1841,25,1644,0.5
1842,25,1666,1.0
1843,25,1687,1.0
1844,26,43,0.5
1845,26,134,0.1111111111111111
1846,26,159,0.5
1847,26,260,0.5
1848,26,295,0.3333333333333333
1849,26,325,0.25
1850,26,351,1.0
1851,26,355,0.5
1852,26,409,0.5
1853,26,429,0.5
1854,26,487,0.3333333333333333
1855,26,525,0.5
1856,26,558,0.25
1857,26,569,1.0
1858,26,588,0.25
1859,26,602,1.0
1860,26,604,0.5
1861,26,618,1.0
1862,26,660,0.5
1863,26,675,1.0
1864,26,689,1.0
1865,26,729,1.0
1866,26,777,1.0
1867,26,835,0.14285714285714285
1868,26,924,1.0
1869,26,1061,0.5
1870,26,1122,0.5
1871,26,1152,0.5
1872,26,1155,0.5
1873,26,1230,1.0
1874,26,1322,0.5
1875,26,1585,1.0
1876,26,1605,0.5
1877,26,1641,1.0
1878,27,44,0.25
1879,27,87,0.5
1880,27,147,0.3333333333333333
1881,27,258,1.0
1882,27,340,0.047619047619047616
1883,27,349,1.0
1884,27,384,0.5
1885,27,583,0.3333333333333333
1886,27,706,1.0
1887,27,782,1.0
1888,27,793,1.0
1889,27,819,0.5
1890,27,866,0.3333333333333333
1891,27,889,0.5
1892,27,1065,0.3333333333333333
1893,27,1067,0.5
1894,27,1133,1.0
1895,27,1162,0.5
1896,27,1185,0.3333333333333333
1897,27,1336,1.0
1898,27,1345,0.5
1899,27,1436,0.5
1900,27,1443,1.0
1901,27,1507,1.0
1902,27,1591,1.0
1903,27,1626,1.0
1904,27,1650,1.0
1905,27,1679,1.0
1906,28,16,0.043478260869565216
1907,28,41,0.016
1908,28,45,0.25
1909,28,46,0.3333333333333333
1910,28,50,0.3333333333333333
1911,28,52,0.07692307692307693
1912,28,71,0.25
1913,28,84,0.5
1914,28,85,0.25
1915,28,103,1.0
1916,28,109,0.3333333333333333
1917,28,128,1.0
1918,28,137,0.2
1919,28,138,1.0
1920,28,150,0.2
1921,28,158,0.5
1922,28,160,0.3333333333333333
1923,28,239,0.3333333333333333
1924,28,243,0.5
1925,28,252,0.3333333333333333
1926,28,279,0.5
1927,28,313,0.5
1928,28,412,0.3333333333333333
1929,28,430,0.5
1930,28,433,0.3333333333333333
1931,28,444,0.5
1932,28,460,0.5
1933,28,499,0.5
1934,28,501,0.2
1935,28,512,1.0
1936,28,546,0.5
1937,28,559,0.5
1938,28,560,0.5
1939,28,617,0.3333333333333333
1940,28,621,0.25
1941,28,628,0.5
1942,28,639,0.25
1943,28,702,0.5
1944,28,718,1.0
1945,28,770,0.5
1946,28,799,0.3333333333333333
1947,28,817,1.0
1948,28,850,1.0
1949,28,874,1.0
1950,28,927,0.5
1951,28,935,0.25
1952,28,937,0.5
1953,28,941,0.5
1954,28,958,1.0
1955,28,1002,1.0
1956,28,1014,1.0
1957,28,1070,0.5
1958,28,1107,0.5
1959,28,1123,1.0
1960,28,1124,1.0
1961,28,1145,1.0
1962,28,1275,0.6666666666666666
1963,28,1301,1.0
1964,28,1308,1.0
1965,28,1318,1.0
1966,28,1344,1.0
1967,28,1393,1.0
1968,28,1397,0.5
1969,28,1408,1.0
1970,28,1444,1.0
1971,28,1446,0.3333333333333333
1972,28,1457,1.0
1973,28,1513,1.0
1974,28,1577,1.0
1975,28,1606,1.0
1976,28,1665,0.3333333333333333
1977,28,1686,1.0
1978,28,1740,1.0
1979,29,47,0.3333333333333333
1980,29,100,0.3333333333333333
1981,29,115,0.2
1982,29,139,0.08333333333333333
1983,29,195,0.2
1984,29,255,0.5
1985,29,271,0.25
1986,29,337,1.0
1987,29,360,1.0
1988,29,445,1.0
1989,29,447,0.3333333333333333
1990,29,570,0.16666666666666666
1991,29,591,0.3333333333333333
1992,29,681,1.0
1993,29,776,0.3333333333333333
1994,29,811,1.0
1995,29,827,1.0
1996,29,884,0.3333333333333333
1997,29,915,0.09090909090909091
1998,29,990,1.0
1999,29,1050,0.5
2000,29,1062,0.16666666666666666
2001,29,1254,1.0
2002,29,1347,1.0
2003,29,1432,1.0
2004,30,5,0.3333333333333333
2005,30,11,0.5
2006,30,16,0.043478260869565216
2007,30,19,0.5
2008,30,28,0.3333333333333333
2009,30,41,0.008
2010,30,44,0.25
2011,30,50,0.3333333333333333
2012,30,78,0.3333333333333333
2013,30,95,0.5
2014,30,99,0.5
2015,30,139,0.08333333333333333
2016,30,141,0.5
2017,30,164,0.5
2018,30,170,0.3333333333333333
2019,30,174,0.2
2020,30,210,0.5
2021,30,249,0.125
2022,30,343,0.5
2023,30,358,1.0
2024,30,371,0.5
2025,30,391,1.0
2026,30,397,1.0
2027,30,411,0.5
2028,30,472,1.0
2029,30,520,0.5
2030,30,523,0.2
2031,30,594,0.07692307692307693
2032,30,633,0.5
2033,30,702,0.5
2034,30,767,0.5
2035,30,769,1.0
2036,30,813,1.0
2037,30,845,0.5
2038,30,879,0.5
2039,30,881,0.5
2040,30,902,0.25
2041,30,908,1.0
2042,30,967,0.5
2043,30,997,1.0
2044,30,1027,1.0
2045,30,1052,0.5
2046,30,1064,1.0
2047,30,1073,0.5
2048,30,1151,1.0
2049,30,1154,1.0
2050,30,1184,0.5
2051,30,1221,1.0
2052,30,1244,1.0
2053,30,1309,1.0
2054,30,1390,1.0
2055,30,1391,1.0
2056,30,1462,1.0
2057,30,1465,1.0
2058,30,1484,1.0
2059,30,1557,0.5
2060,30,1583,1.0
2061,30,1671,1.0
2062,30,1674,1.0
2063,30,1707,1.0
2064,30,1718,1.0
2065,31,25,0.14285714285714285
2066,31,41,0.024
2067,31,51,0.2
2068,31,53,1.0
2069,31,87,0.5
2070,31,91,0.5
2071,31,93,0.125
2072,31,122,0.3333333333333333
2073,31,129,0.5
2074,31,132,1.0
2075,31,145,0.3333333333333333
2076,31,151,0.3333333333333333
2077,31,175,0.3333333333333333
2078,31,224,0.3333333333333333
2079,31,263,1.0
2080,31,279,0.5
2081,31,334,1.0
2082,31,394,1.0
2083,31,407,0.25
2084,31,461,0.5
2085,31,501,0.2
2086,31,526,0.3333333333333333
2087,31,535,0.09090909090909091
2088,31,560,0.5
2089,31,582,0.25
2090,31,590,1.0
2091,31,639,0.25
2092,31,655,0.5
2093,31,697,1.0
2094,31,768,1.0
2095,31,835,0.14285714285714285
2096,31,916,1.0
2097,31,939,1.0
2098,31,985,0.3333333333333333
2099,31,1011,1.0
2100,31,1023,0.5
2101,31,1060,1.0
2102,31,1130,1.0
2103,31,1143,1.0
2104,31,1250,0.5
2105,31,1260,0.25
2106,31,1268,1.0
2107,31,1287,1.0
2108,31,1307,0.3333333333333333
2109,31,1316,0.3333333333333333
2110,31,1352,1.0
2111,31,1415,1.0
2112,31,1433,1.0
2113,31,1439,0.5
2114,31,1550,0.5
2115,31,1580,1.0
2116,31,1741,1.0
2117,31,1762,1.0
2118,32,16,0.043478260869565216
2119,32,41,0.008
2120,32,55,0.5
2121,32,171,0.5
2122,32,178,0.5
2123,32,216,0.5
2124,32,217,1.0
2125,32,232,0.25
2126,32,281,1.0
2127,32,320,0.5
2128,32,340,0.047619047619047616
2129,32,354,1.0
2130,32,362,0.25
2131,32,497,0.2
2132,32,588,0.25
2133,32,687,0.5
2134,32,727,0.5
2135,32,739,0.5
2136,32,798,0.3333333333333333
2137,32,800,1.0
2138,32,805,0.5
2139,32,897,0.5
2140,32,1034,0.3333333333333333
2141,32,1101,0.5
2142,32,1359,1.0
2143,32,1399,0.5
2144,32,1548,1.0
2145,32,1647,1.0
2146,32,1669,1.0
2147,32,1720,1.0
2148,33,9,0.125
2149,33,25,0.14285714285714285
2150,33,40,0.09090909090909091
2151,33,41,0.016
2152,33,45,0.25
2153,33,57,0.3333333333333333
2154,33,72,0.5
2155,33,80,0.2
2156,33,83,0.5
2157,33,93,0.125
2158,33,134,0.1111111111111111
2159,33,164,0.5
2160,33,192,1.0
2161,33,239,0.3333333333333333
2162,33,295,0.3333333333333333
2163,33,317,0.3333333333333333
2164,33,339,0.5
2165,33,380,1.0
2166,33,384,0.5
2167,33,483,1.0
2168,33,497,0.2
2169,33,521,0.5
2170,33,562,1.0
2171,33,617,0.3333333333333333
2172,33,637,1.0
2173,33,640,0.25
2174,33,642,0.5
2175,33,671,0.3333333333333333
2176,33,692,1.0
2177,33,750,0.5
2178,33,826,0.3333333333333333
2179,33,853,1.0
2180,33,904,0.5
2181,33,1009,1.0
2182,33,1018,1.0
2183,33,1049,0.5
2184,33,1085,1.0
2185,33,1117,0.5
2186,33,1177,1.0
2187,33,1214,1.0
2188,33,1273,1.0
2189,33,1276,1.0
2190,33,1291,0.3333333333333333
2191,33,1434,0.5
2192,33,1488,1.0
2193,33,1502,1.0
2194,33,1529,0.5
2195,33,1564,0.5
2196,33,1568,1.0
2197,33,1748,1.0
2198,34,7,0.3333333333333333
2199,34,9,0.125
2200,34,10,0.5
2201,34,22,0.3333333333333333
2202,34,41,0.016
2203,34,60,1.0
2204,34,67,0.3333333333333333
2205,34,75,1.0
2206,34,78,0.3333333333333333
2207,34,89,0.5
2208,34,90,0.14285714285714285
2209,34,93,0.125
2210,34,96,0.2
2211,34,161,0.25
2212,34,167,0.3333333333333333
2213,34,174,0.2
2214,34,177,0.5
2215,34,214,1.0
2216,34,222,0.25
2217,34,230,1.0
2218,34,232,0.25
2219,34,248,0.3333333333333333
2220,34,333,1.0
2221,34,388,1.0
2222,34,389,0.3333333333333333
2223,34,398,0.3333333333333333
2224,34,400,0.3333333333333333
2225,34,428,1.0
2226,34,462,0.3333333333333333
2227,34,464,0.5
2228,34,467,1.0
2229,34,511,0.2
2230,34,524,1.0
2231,34,570,0.16666666666666666
2232,34,575,1.0
2233,34,594,0.07692307692307693
2234,34,611,1.0
2235,34,654,0.3333333333333333
2236,34,731,0.5
2237,34,760,0.5
2238,34,764,0.5
2239,34,821,0.25
2240,34,834,0.5
2241,34,838,0.5
2242,34,866,0.3333333333333333
2243,34,887,1.0
2244,34,896,0.5
2245,34,899,1.0
2246,34,907,0.5
2247,34,920,0.3333333333333333
2248,34,929,1.0
2249,34,930,1.0
2250,34,970,0.3333333333333333
2251,34,976,1.0
2252,34,984,1.0
2253,34,1135,1.0
2254,34,1144,0.5
2255,34,1212,0.3333333333333333
2256,34,1215,1.0
2257,34,1218,0.5
2258,34,1289,0.5
2259,34,1291,0.3333333333333333
2260,34,1292,1.0
2261,34,1306,1.0
2262,34,1315,1.0
2263,34,1514,1.0
2264,34,1527,1.0
2265,34,1579,0.5
2266,34,1598,1.0
2267,34,1665,0.3333333333333333
2268,34,1673,1.0
2269,34,1754,1.0
2270,34,1756,1.0
2271,35,12,0.5
2272,35,16,0.043478260869565216
2273,35,27,0.07142857142857142
2274,35,66,0.5
2275,35,125,0.5
2276,35,147,0.3333333333333333
2277,35,157,1.0
2278,35,169,0.3333333333333333
2279,35,200,0.5
2280,35,220,0.3333333333333333
2281,35,278,0.5
2282,35,393,0.5
2283,35,476,0.25
2284,35,511,0.2
2285,35,523,0.2
2286,35,548,0.5
2287,35,549,0.3333333333333333
2288,35,595,0.3333333333333333
2289,35,610,1.0
2290,35,612,1.0
2291,35,686,1.0
2292,35,695,1.0
2293,35,760,0.5
2294,35,834,0.5
2295,35,933,1.0
2296,35,1006,0.5
2297,35,1012,0.5
2298,35,1031,0.5
2299,35,1076,1.0
2300,35,1105,0.5
2301,35,1129,0.3333333333333333
2302,35,1156,1.0
2303,35,1175,0.5
2304,35,1259,0.5
2305,35,1267,1.0
2306,35,1298,0.3333333333333333
2307,35,1367,1.0
2308,35,1399,0.5
2309,35,1499,1.0
2310,35,1501,0.5
2311,35,1616,0.5
2312,36,16,0.043478260869565216
2313,36,28,0.3333333333333333
2314,36,39,0.3333333333333333
2315,36,40,0.18181818181818182
2316,36,41,0.024
2317,36,45,0.25
2318,36,76,0.5
2319,36,127,0.25
2320,36,173,0.5
2321,36,178,0.5
2322,36,205,0.25
2323,36,218,1.0
2324,36,226,1.0
2325,36,296,0.5
2326,36,304,0.125
2327,36,331,0.3333333333333333
2328,36,340,0.047619047619047616
2329,36,366,0.5
2330,36,413,1.0
2331,36,423,0.16666666666666666
2332,36,427,0.5
2333,36,446,0.25
2334,36,511,0.2
2335,36,535,0.09090909090909091
2336,36,563,1.0
2337,36,578,1.0
2338,36,645,1.0
2339,36,650,0.5
2340,36,673,0.3333333333333333
2341,36,749,0.5
2342,36,804,0.3333333333333333
2343,36,810,1.0
2344,36,812,0.5
2345,36,828,0.25
2346,36,846,1.0
2347,36,884,0.3333333333333333
2348,36,886,0.25
2349,36,913,1.0
2350,36,951,1.0
2351,36,1039,0.5
2352,36,1097,1.0
2353,36,1100,1.0
2354,36,1104,0.3333333333333333
2355,36,1144,0.5
2356,36,1171,1.0
2357,36,1223,0.3333333333333333
2358,36,1246,0.5
2359,36,1258,0.5
2360,36,1285,1.0
2361,36,1377,1.0
2362,36,1403,1.0
2363,36,1470,1.0
2364,36,1487,1.0
2365,36,1500,1.0
2366,36,1552,1.0
2367,36,1601,1.0
2368,36,1734,1.0
2369,37,16,0.08695652173913043
2370,37,41,0.024
2371,37,74,1.0
2372,37,93,0.125
2373,37,113,1.0
2374,37,139,0.08333333333333333
2375,37,140,0.5
2376,37,143,0.2
2377,37,144,0.3333333333333333
2378,37,171,0.5
2379,37,180,0.3333333333333333
2380,37,199,0.16666666666666666
2381,37,275,1.0
2382,37,304,0.125
2383,37,322,0.3333333333333333
2384,37,325,0.25
2385,37,329,1.0
2386,37,340,0.047619047619047616
2387,37,346,0.3333333333333333
2388,37,362,0.25
2389,37,420,1.0
2390,37,442,1.0
2391,37,447,0.3333333333333333
2392,37,497,0.2
2393,37,515,0.3333333333333333
2394,37,518,1.0
2395,37,529,0.5
2396,37,546,0.5
2397,37,577,0.5
2398,37,601,1.0
2399,37,628,0.5
2400,37,652,1.0
2401,37,653,1.0
2402,37,658,1.0
2403,37,691,1.0
2404,37,711,0.5
2405,37,725,0.2
2406,37,732,0.5
2407,37,749,0.5
2408,37,778,0.3333333333333333
2409,37,804,0.3333333333333333
2410,37,832,0.5
2411,37,835,0.42857142857142855
2412,37,871,1.0
2413,37,885,0.3333333333333333
2414,37,906,1.0
2415,37,915,0.18181818181818182
2416,37,931,1.0
2417,37,966,0.5
2418,37,974,0.3333333333333333
2419,37,1062,0.16666666666666666
2420,37,1129,0.3333333333333333
2421,37,1147,1.0
2422,37,1163,1.0
2423,37,1194,0.5
2424,37,1283,1.0
2425,37,1297,1.0
2426,37,1300,1.0
2427,37,1311,1.0
2428,37,1353,0.5
2429,37,1383,1.0
2430,37,1398,1.0
2431,37,1565,1.0
2432,37,1628,1.0
2433,37,1659,0.5
2434,37,1684,1.0
2435,37,1692,1.0
2436,37,1701,1.0
2437,37,1714,1.0
2438,38,16,0.043478260869565216
2439,38,41,0.008
2440,38,90,0.14285714285714285
2441,38,203,0.5
2442,38,253,0.5
2443,38,283,0.3333333333333333
2444,38,284,0.3333333333333333
2445,38,293,1.0
2446,38,325,0.25
2447,38,340,0.047619047619047616
2448,38,367,1.0
2449,38,376,0.5
2450,38,399,1.0
2451,38,419,0.5
2452,38,439,0.5
2453,38,440,0.3333333333333333
2454,38,463,0.5
2455,38,476,0.25
2456,38,487,0.3333333333333333
2457,38,491,1.0
2458,38,551,0.4
2459,38,594,0.07692307692307693
2460,38,787,1.0
2461,38,796,0.3333333333333333
2462,38,979,0.5
2463,38,981,0.5
2464,38,1013,1.0
2465,38,1069,1.0
2466,38,1185,0.3333333333333333
2467,38,1209,0.5
2468,38,1252,1.0
2469,38,1294,0.5
2470,38,1340,0.5
2471,38,1350,0.2
2472,38,1445,1.0
2473,38,1489,1.0
2474,38,1515,1.0
2475,38,1579,0.5
2476,38,1726,1.0
2477,38,1752,1.0
2478,39,41,0.024
2479,39,88,0.5
2480,39,96,0.2
2481,39,120,0.5
2482,39,137,0.2
2483,39,139,0.08333333333333333
2484,39,196,1.0
2485,39,199,0.16666666666666666
2486,39,459,1.0
2487,39,529,0.5
2488,39,784,1.0
2489,39,823,1.0
2490,39,1263,0.3333333333333333
2491,39,1727,1.0
2492,40,35,0.3333333333333333
2493,40,41,0.024
2494,40,44,0.25
2495,40,85,0.25
2496,40,90,0.14285714285714285
2497,40,92,0.25
2498,40,110,1.0
2499,40,159,0.5
2500,40,193,0.058823529411764705
2501,40,206,1.0
2502,40,212,0.15384615384615385
2503,40,250,0.3333333333333333
2504,40,288,1.0
2505,40,301,0.5
2506,40,308,1.0
2507,40,340,0.047619047619047616
2508,40,348,0.5
2509,40,373,1.0
2510,40,401,1.0
2511,40,421,1.0
2512,40,465,0.5
2513,40,477,0.3333333333333333
2514,40,497,0.2
2515,40,499,0.5
2516,40,509,0.3333333333333333
2517,40,513,0.25
2518,40,554,0.3333333333333333
2519,40,591,0.3333333333333333
2520,40,600,1.0
2521,40,641,0.5
2522,40,642,0.5
2523,40,705,1.0
2524,40,708,0.25
2525,40,773,0.5
2526,40,785,1.0
2527,40,828,0.25
2528,40,829,1.0
2529,40,858,1.0
2530,40,863,0.3333333333333333
2531,40,875,1.0
2532,40,877,1.0
2533,40,911,1.0
2534,40,955,1.0
2535,40,965,0.5
2536,40,1033,1.0
2537,40,1079,1.0
2538,40,1088,1.0
2539,40,1317,1.0
2540,40,1321,1.0
2541,40,1374,1.0
2542,40,1379,1.0
2543,40,1400,1.0
2544,40,1402,1.0
2545,40,1405,1.0
2546,40,1471,0.3333333333333333
2547,40,1486,1.0
2548,40,1555,1.0
2549,40,1683,1.0
2550,40,1685,1.0
2551,40,1753,1.0
2552,41,27,0.07142857142857142
2553,41,41,0.024
2554,41,94,1.0
2555,41,183,1.0
2556,41,193,0.058823529411764705
2557,41,249,0.125
2558,41,291,1.0
2559,41,482,0.5
2560,41,538,0.5
2561,41,608,0.3333333333333333
2562,41,614,0.5
2563,41,644,0.5
2564,41,828,0.25
2565,41,915,0.09090909090909091
2566,41,1239,1.0
2567,41,1382,1.0
2568,41,1410,1.0
2569,41,1479,1.0
2570,41,1612,0.5
2571,42,25,0.14285714285714285
2572,42,41,0.048
2573,42,48,0.16666666666666666
2574,42,56,0.3333333333333333
2575,42,66,0.5
2576,42,117,1.0
2577,42,118,0.5
2578,42,133,0.5
2579,42,167,0.3333333333333333
2580,42,169,0.3333333333333333
2581,42,176,1.0
2582,42,177,0.5
2583,42,179,0.25
2584,42,187,0.3333333333333333
2585,42,189,1.0
2586,42,212,0.07692307692307693
2587,42,225,0.5
2588,42,284,0.3333333333333333
2589,42,297,0.5
2590,42,304,0.125
2591,42,341,0.5
2592,42,417,1.0
2593,42,426,0.5
2594,42,466,0.5
2595,42,566,1.0
2596,42,570,0.16666666666666666
2597,42,579,1.0
2598,42,598,0.5
2599,42,627,0.5
2600,42,636,0.5
2601,42,651,0.5
2602,42,654,0.3333333333333333
2603,42,685,1.0
2604,42,711,0.5
2605,42,725,0.2
2606,42,745,1.0
2607,42,753,1.0
2608,42,770,0.5
2609,42,786,0.5
2610,42,802,1.0
2611,42,841,1.0
2612,42,844,1.0
2613,42,856,0.5
2614,42,872,1.0
2615,42,885,0.3333333333333333
2616,42,886,0.25
2617,42,896,0.5
2618,42,920,0.3333333333333333
2619,42,925,0.3333333333333333
2620,42,953,1.0
2621,42,986,0.5
2622,42,989,1.0
2623,42,1028,1.0
2624,42,1044,1.0
2625,42,1059,1.0
2626,42,1128,1.0
2627,42,1160,1.0
2628,42,1200,1.0
2629,42,1201,0.3333333333333333
2630,42,1203,1.0
2631,42,1227,1.0
2632,42,1238,1.0
2633,42,1299,1.0
2634,42,1312,1.0
2635,42,1323,1.0
2636,42,1329,1.0
2637,42,1337,1.0
2638,42,1416,0.5
2639,42,1421,1.0
2640,42,1425,1.0
2641,42,1458,1.0
2642,42,1483,1.0
2643,42,1526,1.0
2644,42,1595,0.5
2645,42,1602,1.0
2646,42,1610,0.5
2647,42,1614,1.0
2648,42,1739,1.0
2649,42,1742,1.0
2650,42,1751,1.0
2651,42,1779,1.0
2652,43,15,0.2
2653,43,41,0.008
2654,43,58,0.5
2655,43,126,0.3333333333333333
2656,43,131,1.0
2657,43,153,0.3333333333333333
2658,43,162,0.5
2659,43,184,1.0
2660,43,187,0.3333333333333333
2661,43,193,0.058823529411764705
2662,43,208,1.0
2663,43,240,0.5
2664,43,282,0.5
2665,43,290,0.3333333333333333
2666,43,317,0.3333333333333333
2667,43,364,0.5
2668,43,474,1.0
2669,43,481,1.0
2670,43,539,1.0
2671,43,557,1.0
2672,43,594,0.07692307692307693
2673,43,714,0.5
2674,43,734,1.0
2675,43,809,0.5
2676,43,839,0.5
2677,43,888,1.0
2678,43,912,1.0
2679,43,970,0.3333333333333333
2680,43,1037,0.5
2681,43,1072,1.0
2682,43,1098,1.0
2683,43,1114,1.0
2684,43,1120,0.25
2685,43,1142,1.0
2686,43,1159,1.0
2687,43,1161,0.5
2688,43,1178,1.0
2689,43,1189,1.0
2690,43,1281,1.0
2691,43,1327,1.0
2692,43,1343,1.0
2693,43,1411,1.0
2694,43,1482,1.0
2695,43,1503,1.0
2696,43,1516,0.5
2697,43,1520,1.0
2698,43,1589,1.0
2699,43,1593,1.0
2700,43,1637,1.0
2701,43,1658,1.0
2702,43,1764,1.0
2703,44,25,0.14285714285714285
2704,44,41,0.032
2705,44,92,0.25
2706,44,135,1.0
2707,44,150,0.2
2708,44,193,0.058823529411764705
2709,44,195,0.2
2710,44,211,0.5
2711,44,212,0.07692307692307693
2712,44,232,0.25
2713,44,250,0.3333333333333333
2714,44,251,0.5
2715,44,256,0.5
2716,44,262,0.3333333333333333
2717,44,265,0.5
2718,44,280,0.5
2719,44,314,0.3333333333333333
2720,44,339,0.5
2721,44,340,0.047619047619047616
2722,44,398,0.3333333333333333
2723,44,414,1.0
2724,44,454,1.0
2725,44,462,0.3333333333333333
2726,44,465,0.5
2727,44,480,0.5
2728,44,511,0.2
2729,44,573,1.0
2730,44,577,0.5
2731,44,640,0.25
2732,44,660,0.5
2733,44,662,1.0
2734,44,713,0.5
2735,44,725,0.2
2736,44,739,0.5
2737,44,806,1.0
2738,44,815,1.0
2739,44,839,0.5
2740,44,859,1.0
2741,44,878,0.5
2742,44,998,0.2
2743,44,1073,0.5
2744,44,1095,1.0
2745,44,1138,0.5
2746,44,1226,1.0
2747,44,1277,1.0
2748,44,1401,1.0
2749,44,1459,1.0
2750,44,1467,0.5
2751,44,1529,0.5
2752,44,1561,1.0
2753,44,1586,1.0
2754,44,1625,1.0
2755,44,1631,1.0
2756,45,16,0.043478260869565216
2757,45,27,0.07142857142857142
2758,45,41,0.008
2759,45,45,0.25
2760,45,51,0.2
2761,45,121,0.2
2762,45,137,0.2
2763,45,408,1.0
2764,45,495,1.0
2765,45,513,0.25
2766,45,588,0.25
2767,45,826,0.3333333333333333
2768,45,909,0.5
2769,45,918,1.0
2770,45,919,1.0
2771,45,974,0.3333333333333333
2772,45,1019,1.0
2773,45,1050,0.5
2774,45,1234,0.5
2775,45,1294,0.5
2776,45,1330,1.0
2777,45,1394,1.0
2778,45,1480,1.0
2779,45,1501,0.5
2780,45,1731,1.0
2781,46,40,0.09090909090909091
2782,46,163,1.0
2783,46,423,0.16666666666666666
2784,46,432,0.3333333333333333
2785,46,507,0.5
2786,46,554,0.3333333333333333
2787,46,595,0.3333333333333333
2788,46,1146,1.0
2789,46,1351,0.5
2790,46,1508,1.0
2791,46,1544,1.0
2792,46,1759,1.0
2793,47,15,0.2
2794,47,41,0.008
2795,47,57,0.3333333333333333
2796,47,181,0.3333333333333333
2797,47,220,0.3333333333333333
2798,47,252,0.3333333333333333
2799,47,340,0.047619047619047616
2800,47,431,0.3333333333333333
2801,47,446,0.25
2802,47,550,1.0
2803,47,584,1.0
2804,47,606,1.0
2805,47,615,1.0
2806,47,735,0.5
2807,47,860,0.5
2808,47,869,1.0
2809,47,1192,0.5
2810,47,1361,1.0
2811,47,1546,1.0
2812,47,1590,1.0
2813,48,41,0.008
2814,48,48,0.16666666666666666
2815,48,80,0.2
2816,48,197,0.2
2817,48,236,1.0
2818,48,303,0.5
2819,48,304,0.125
2820,48,340,0.047619047619047616
2821,48,398,0.3333333333333333
2822,48,469,0.5
2823,48,490,0.3333333333333333
2824,48,694,1.0
2825,48,738,1.0
2826,48,780,1.0
2827,48,799,0.3333333333333333
2828,48,893,1.0
2829,48,932,0.5
2830,48,960,1.0
2831,48,1116,1.0
2832,48,1232,1.0
2833,48,1430,1.0
2834,48,1474,0.5
2835,48,1525,1.0
2836,48,1528,1.0
2837,48,1531,1.0
2838,48,1695,1.0
2839,48,1705,0.5
2840,49,27,0.07142857142857142
2841,49,68,0.3333333333333333
2842,49,407,0.25
2843,49,942,1.0
2844,49,981,0.5
2845,49,1414,1.0
2846,50,276,0.2
2847,50,340,0.047619047619047616
2848,50,412,0.3333333333333333
2849,50,476,0.25
2850,50,837,0.3333333333333333
2851,50,1062,0.16666666666666666
2852,50,1274,1.0
2853,50,1314,1.0
2854,50,1559,1.0
2855,50,1640,1.0
2856,50,1716,0.5
2857,51,84,0.5
2858,51,197,0.2
