,latitude_tVar,median_house_value_tVar,values
0,0,0,1.0
1,0,41,0.024
2,0,118,0.5
3,0,225,0.5
4,0,451,1.0
5,0,917,1.0
6,0,1130,1.0
7,0,1291,0.3333333333333333
8,1,1,1.0
9,1,56,0.3333333333333333
10,1,90,0.14285714285714285
11,1,265,0.5
12,1,324,0.25
13,1,340,0.047619047619047616
14,1,613,1.0
15,1,718,1.0
16,1,765,0.5
17,1,857,0.5
18,1,899,1.0
19,1,1053,0.5
20,1,1161,0.5
21,1,1220,0.5
22,1,1311,1.0
23,2,2,1.0
24,2,16,0.043478260869565216
25,2,48,0.16666666666666666
26,2,255,0.5
27,2,330,0.3333333333333333
28,2,336,1.0
29,2,446,0.25
30,2,558,0.25
31,2,963,0.5
32,2,1323,1.0
33,2,1434,0.5
34,3,3,1.0
35,3,41,0.016
36,3,76,0.5
37,3,134,0.1111111111111111
38,3,179,0.25
39,3,276,0.2
40,3,469,0.5
41,3,593,1.0
42,3,633,0.5
43,3,639,0.25
44,3,732,0.5
45,3,1105,0.5
46,3,1286,1.0
47,3,1299,1.0
48,3,1346,1.0
49,3,1511,0.5
50,3,1698,1.0
51,4,4,1.0
52,4,29,0.5
53,4,213,0.5
54,4,576,1.0
55,4,1474,0.5
56,5,5,0.3333333333333333
57,5,1232,1.0
58,6,5,0.3333333333333333
59,6,1145,1.0
60,6,1507,1.0
61,7,6,1.0
62,7,1076,1.0
63,8,7,0.3333333333333333
64,8,462,0.3333333333333333
65,8,619,0.5
66,9,8,0.5
67,9,41,0.008
68,9,43,0.5
69,9,48,0.16666666666666666
70,9,67,0.3333333333333333
71,9,79,0.3333333333333333
72,9,81,0.5
73,9,93,0.125
74,9,165,1.0
75,9,205,0.25
76,9,240,0.5
77,9,243,0.5
78,9,289,1.0
79,9,362,0.5
80,9,371,0.5
81,9,455,1.0
82,9,592,0.5
83,9,678,1.0
84,9,701,1.0
85,9,934,1.0
86,9,1099,0.3333333333333333
87,9,1471,0.3333333333333333
88,9,1479,1.0
89,9,1533,1.0
90,9,1732,1.0
91,9,1776,1.0
92,10,9,0.125
93,10,41,0.024
94,10,80,0.2
95,10,91,0.5
96,10,101,0.25
97,10,126,0.3333333333333333
98,10,185,0.5
99,10,340,0.09523809523809523
100,10,399,1.0
101,10,535,0.09090909090909091
102,10,885,0.3333333333333333
103,10,992,0.5
104,10,1078,0.5
105,10,1149,1.0
106,10,1312,1.0
107,10,1357,1.0
108,10,1478,1.0
109,10,1524,1.0
110,10,1551,1.0
111,10,1641,1.0
112,10,1685,1.0
113,10,1757,1.0
114,11,10,0.5
115,12,11,0.5
116,12,58,0.5
117,12,828,0.25
118,12,1166,1.0
119,12,1210,0.5
120,12,1540,1.0
121,13,12,0.5
122,14,13,1.0
123,14,27,0.07142857142857142
124,14,112,0.5
125,14,202,0.25
126,14,251,0.5
127,14,314,0.3333333333333333
128,14,325,0.25
129,14,739,0.5
130,14,1100,1.0
131,14,1108,1.0
132,14,1123,1.0
133,14,1179,1.0
134,14,1344,1.0
135,14,1435,1.0
136,14,1495,1.0
137,14,1506,1.0
138,14,1514,1.0
139,14,1723,1.0
140,15,14,1.0
141,15,15,0.2
142,15,44,0.25
143,15,186,1.0
144,15,224,0.3333333333333333
145,15,252,0.3333333333333333
146,15,340,0.047619047619047616
147,15,422,1.0
148,15,522,1.0
149,15,676,0.5
150,15,724,1.0
151,15,1156,1.0
152,15,1242,1.0
153,15,1602,1.0
154,16,15,0.2
155,16,32,0.5
156,16,630,1.0
157,16,725,0.2
158,16,1027,1.0
159,16,1592,1.0
160,16,1742,1.0
161,17,16,0.043478260869565216
162,17,193,0.058823529411764705
163,17,760,0.5
164,17,1062,0.16666666666666666
165,17,1664,0.5
166,18,17,0.5
167,18,256,0.5
168,18,302,0.5
169,18,387,1.0
170,18,448,1.0
171,18,531,0.5
172,18,546,0.5
173,18,776,0.3333333333333333
174,18,865,1.0
175,18,963,0.5
176,18,1561,1.0
177,18,1616,0.5
178,19,18,0.5
179,19,81,0.5
180,19,222,0.25
181,19,314,0.3333333333333333
182,19,321,0.5
183,19,413,1.0
184,19,429,0.5
185,19,490,0.3333333333333333
186,19,551,0.2
187,19,654,0.3333333333333333
188,19,767,0.5
189,19,956,0.5
190,19,1534,0.5
191,19,1748,1.0
192,20,19,0.5
193,20,96,0.2
194,20,180,0.3333333333333333
195,20,346,0.3333333333333333
196,20,482,0.5
197,20,729,1.0
198,20,814,1.0
199,20,826,0.3333333333333333
200,20,949,1.0
201,20,1103,1.0
202,20,1197,0.3333333333333333
203,20,1209,0.5
204,20,1354,1.0
205,20,1397,0.5
206,20,1656,1.0
207,21,20,1.0
208,21,619,0.5
209,21,773,0.5
210,21,863,0.3333333333333333
211,21,1060,1.0
212,21,1264,1.0
213,22,21,1.0
214,22,27,0.07142857142857142
215,22,41,0.048
216,22,52,0.07692307692307693
217,22,111,0.5
218,22,121,0.2
219,22,143,0.2
220,22,168,0.5
221,22,340,0.047619047619047616
222,22,627,0.5
223,22,671,0.3333333333333333
224,22,735,0.5
225,22,801,1.0
226,22,835,0.14285714285714285
227,22,1005,0.5
228,22,1024,0.5
229,22,1053,0.5
230,22,1056,1.0
231,22,1099,0.3333333333333333
232,22,1182,1.0
233,22,1250,0.5
234,22,1260,0.25
235,22,1419,1.0
236,22,1427,1.0
237,22,1553,1.0
238,22,1651,0.5
239,23,9,0.125
240,23,22,0.3333333333333333
241,23,40,0.09090909090909091
242,23,41,0.032
243,23,95,0.5
244,23,130,0.5
245,23,713,0.5
246,23,884,0.3333333333333333
247,23,915,0.09090909090909091
248,23,991,0.25
249,23,1006,0.5
250,23,1428,1.0
251,24,23,0.5
252,24,1093,1.0
253,25,24,1.0
254,25,92,0.25
255,25,127,0.25
256,25,211,0.5
257,25,334,1.0
258,25,380,1.0
259,25,429,0.5
260,25,438,0.3333333333333333
261,25,541,1.0
262,25,776,0.3333333333333333
263,25,789,1.0
264,25,854,1.0
265,25,980,1.0
266,25,985,0.3333333333333333
267,25,1023,0.5
268,25,1282,1.0
269,25,1333,1.0
270,25,1414,1.0
271,25,1449,1.0
272,25,1523,1.0
273,25,1619,1.0
274,26,18,0.5
275,26,25,0.14285714285714285
276,26,41,0.016
277,26,193,0.058823529411764705
278,26,321,0.5
279,26,356,0.5
280,26,379,0.3333333333333333
281,26,409,0.5
282,26,433,0.3333333333333333
283,26,463,0.5
284,26,689,1.0
285,26,747,1.0
286,26,918,1.0
287,26,924,1.0
288,26,1129,0.3333333333333333
289,26,1268,1.0
290,26,1389,1.0
291,26,1431,1.0
292,26,1715,1.0
293,27,26,1.0
294,27,40,0.09090909090909091
295,27,97,1.0
296,27,134,0.1111111111111111
297,27,212,0.07692307692307693
298,27,447,0.3333333333333333
299,27,604,0.5
300,27,642,0.5
301,27,778,0.3333333333333333
302,27,985,0.3333333333333333
303,27,1098,1.0
304,27,1152,0.5
305,27,1185,0.3333333333333333
306,27,1244,1.0
307,27,1339,1.0
308,27,1353,0.5
309,27,1388,1.0
310,27,1407,1.0
311,27,1580,1.0
312,27,1629,1.0
313,27,1679,1.0
314,28,28,0.3333333333333333
315,28,51,0.2
316,28,52,0.07692307692307693
317,28,108,0.25
318,28,199,0.16666666666666666
319,28,200,0.5
320,28,221,0.5
321,28,224,0.3333333333333333
322,28,379,0.3333333333333333
323,28,393,0.5
324,28,419,0.5
325,28,420,1.0
326,28,562,1.0
327,28,636,0.5
328,28,660,0.5
329,28,682,1.0
330,28,822,0.5
331,28,847,1.0
332,28,914,0.4
333,28,916,1.0
334,28,925,0.3333333333333333
335,28,1122,0.5
336,28,1211,0.3333333333333333
337,28,1326,0.5
338,29,15,0.2
339,29,30,0.5
340,29,56,0.3333333333333333
341,29,63,0.5
342,29,103,1.0
343,29,123,1.0
344,29,127,0.25
345,29,147,0.3333333333333333
346,29,151,0.3333333333333333
347,29,180,0.3333333333333333
348,29,195,0.4
349,29,275,1.0
350,29,375,0.5
351,29,493,0.5
352,29,570,0.16666666666666666
353,29,669,0.5
354,29,738,1.0
355,29,804,0.3333333333333333
356,29,863,0.3333333333333333
357,29,1195,0.5
358,29,1309,1.0
359,29,1325,1.0
360,29,1446,0.3333333333333333
361,29,1459,1.0
362,29,1519,1.0
363,29,1587,1.0
364,29,1624,1.0
365,29,1668,1.0
366,29,1767,1.0
367,30,31,1.0
368,30,926,0.5
369,31,32,0.5
370,32,33,0.5
371,32,46,0.3333333333333333
372,32,72,0.5
373,32,127,0.25
374,32,136,1.0
375,32,139,0.08333333333333333
376,32,151,0.3333333333333333
377,32,250,0.3333333333333333
378,32,257,1.0
379,32,262,0.6666666666666666
380,32,324,0.25
381,32,364,0.25
382,32,396,0.5
383,32,457,1.0
384,32,559,0.5
385,32,679,0.5
386,32,746,0.25
387,32,880,0.5
388,32,902,0.25
389,32,998,0.2
390,32,1192,0.5
391,32,1465,1.0
392,32,1549,1.0
393,33,34,1.0
394,33,52,0.07692307692307693
395,33,61,1.0
396,33,109,0.3333333333333333
397,33,139,0.16666666666666666
398,33,205,0.25
399,33,216,0.5
400,33,217,1.0
401,33,330,0.3333333333333333
402,33,439,0.5
403,33,561,0.5
404,33,594,0.07692307692307693
405,33,597,0.5
406,33,640,0.25
407,33,661,1.0
408,33,806,1.0
409,33,878,0.5
410,33,947,0.5
411,33,1065,0.3333333333333333
412,33,1251,1.0
413,33,1496,0.3333333333333333
414,33,1730,1.0
415,34,35,0.3333333333333333
416,34,67,0.3333333333333333
417,34,93,0.125
418,34,139,0.08333333333333333
419,34,232,0.25
420,34,261,1.0
421,34,310,0.5
422,34,315,0.5
423,34,405,1.0
424,34,571,1.0
425,34,640,0.25
426,34,742,0.25
427,34,1003,0.3333333333333333
428,34,1089,1.0
429,34,1350,0.2
430,34,1381,1.0
431,34,1409,1.0
432,34,1439,0.5
433,34,1531,1.0
434,35,9,0.125
435,35,36,0.3333333333333333
436,35,63,0.5
437,35,66,0.5
438,35,93,0.125
439,35,112,0.5
440,35,347,0.5
441,35,353,1.0
442,35,477,0.3333333333333333
443,35,485,0.5
444,35,626,0.3333333333333333
445,35,650,0.5
446,35,757,1.0
447,35,874,1.0
448,35,969,0.3333333333333333
449,35,1109,0.5
450,35,1209,0.5
451,35,1260,0.25
452,35,1361,1.0
453,35,1458,1.0
454,35,1501,0.5
455,35,1513,1.0
456,35,1635,1.0
457,35,1680,1.0
458,35,1696,1.0
459,36,9,0.125
460,36,37,1.0
461,36,48,0.16666666666666666
462,36,51,0.2
463,36,54,0.5
464,36,90,0.14285714285714285
465,36,115,0.2
466,36,169,0.3333333333333333
467,36,175,0.3333333333333333
468,36,202,0.25
469,36,203,0.5
470,36,263,1.0
471,36,379,0.3333333333333333
472,36,530,0.3333333333333333
473,36,596,0.5
474,36,695,1.0
475,36,771,0.5
476,36,796,0.3333333333333333
477,36,885,0.3333333333333333
478,36,903,1.0
479,36,969,0.3333333333333333
480,36,998,0.2
481,36,1019,1.0
482,36,1168,1.0
483,36,1263,0.3333333333333333
484,36,1338,1.0
485,36,1385,0.5
486,36,1609,0.5
487,36,1653,1.0
488,36,1778,1.0
489,37,38,1.0
490,37,40,0.09090909090909091
491,37,295,0.3333333333333333
492,37,389,0.3333333333333333
493,37,403,1.0
494,37,427,0.5
495,37,717,0.5
496,37,731,0.5
497,37,897,0.5
498,37,1207,1.0
499,37,1610,0.5
500,38,39,0.3333333333333333
501,39,16,0.043478260869565216
502,39,40,0.09090909090909091
503,39,156,0.5
504,39,304,0.125
505,39,430,0.5
506,39,809,0.25
507,39,1439,0.5
508,40,41,0.04
509,40,52,0.07692307692307693
510,40,84,0.5
511,40,220,0.3333333333333333
512,40,276,0.2
513,40,329,1.0
514,40,384,0.5
515,40,402,1.0
516,40,410,0.5
517,40,490,0.3333333333333333
518,40,558,0.25
519,40,855,1.0
520,40,1039,0.5
521,40,1124,1.0
522,40,1327,1.0
523,40,1375,1.0
524,40,1384,1.0
525,40,1544,1.0
526,40,1557,0.5
527,41,41,0.024
528,41,42,1.0
529,41,52,0.07692307692307693
530,41,53,1.0
531,41,137,0.2
532,41,179,0.25
533,41,348,0.5
534,41,400,0.3333333333333333
535,41,404,0.5
536,41,433,0.3333333333333333
537,41,495,1.0
538,41,521,0.5
539,41,535,0.09090909090909091
540,41,536,1.0
541,41,581,1.0
542,41,588,0.25
543,41,625,1.0
544,41,663,0.5
545,41,798,0.3333333333333333
546,41,905,0.5
547,41,915,0.09090909090909091
548,41,1049,0.5
549,41,1408,1.0
550,41,1452,1.0
551,41,1532,0.5
552,41,1542,0.5
553,41,1556,1.0
554,41,1578,1.0
555,41,1596,1.0
556,42,41,0.04
557,42,43,0.5
558,42,590,1.0
559,42,711,0.5
560,42,763,0.5
561,42,821,0.25
562,42,829,1.0
563,42,898,0.5
564,42,972,1.0
565,42,1160,1.0
566,42,1352,1.0
567,42,1605,0.5
568,42,1769,1.0
569,43,44,0.25
570,43,606,1.0
571,43,1215,1.0
572,44,45,0.25
573,44,474,1.0
574,44,933,1.0
575,45,47,0.3333333333333333
576,45,134,0.1111111111111111
577,45,143,0.2
578,45,644,0.5
579,45,793,1.0
580,45,991,0.25
581,45,1012,0.5
582,45,1125,1.0
583,45,1212,0.3333333333333333
584,45,1392,1.0
585,46,49,1.0
586,46,92,0.25
587,46,239,0.3333333333333333
588,46,491,1.0
589,46,839,0.5
590,46,996,1.0
591,46,1024,0.5
592,46,1246,0.5
593,46,1391,1.0
594,47,50,0.3333333333333333
595,48,16,0.08695652173913043
596,48,41,0.024
597,48,51,0.2
598,48,126,0.3333333333333333
599,48,193,0.058823529411764705
600,48,322,0.3333333333333333
601,48,340,0.047619047619047616
602,48,526,0.3333333333333333
603,48,591,0.3333333333333333
604,48,991,0.25
605,48,1001,1.0
606,48,1120,0.25
607,48,1461,1.0
608,49,41,0.008
609,49,45,0.25
610,49,52,0.07692307692307693
611,49,170,0.3333333333333333
612,49,244,0.5
613,49,247,0.5
614,49,309,0.3333333333333333
615,49,511,0.2
616,49,621,0.25
617,49,677,1.0
618,49,690,0.5
619,49,722,0.5
620,49,742,0.25
621,49,843,1.0
622,49,914,0.2
623,49,969,0.3333333333333333
624,49,1038,1.0
625,49,1143,1.0
626,49,1411,1.0
627,49,1481,1.0
628,49,1622,1.0
629,49,1771,1.0
630,50,55,0.5
631,51,25,0.14285714285714285
632,51,41,0.008
633,51,57,0.3333333333333333
634,51,69,1.0
635,51,238,1.0
636,51,248,0.3333333333333333
637,51,249,0.125
638,51,417,1.0
639,51,1171,1.0
640,51,1212,0.3333333333333333
641,51,1425,1.0
642,51,1520,1.0
643,52,41,0.016
644,52,59,1.0
645,52,278,0.5
646,52,730,1.0
647,52,987,1.0
648,52,1159,1.0
649,52,1360,1.0
650,52,1560,1.0
651,53,60,0.5
652,53,109,0.3333333333333333
653,53,1535,1.0
654,54,62,1.0
655,55,64,1.0
656,55,303,0.5
657,55,588,0.25
658,55,1009,1.0
659,55,1298,0.3333333333333333
660,55,1717,0.5
661,55,1729,1.0
662,56,65,0.5
663,56,146,0.3333333333333333
664,56,294,1.0
665,56,533,0.5
666,56,617,0.3333333333333333
667,56,746,0.25
668,56,885,0.3333333333333333
669,56,915,0.09090909090909091
670,56,1127,1.0
671,56,1609,0.5
672,56,1669,1.0
673,57,68,0.3333333333333333
674,57,73,0.3333333333333333
675,57,197,0.2
676,57,444,0.5
677,57,471,1.0
678,57,530,0.3333333333333333
679,57,686,1.0
680,57,1029,1.0
681,57,1070,0.5
682,57,1092,1.0
683,57,1117,0.5
684,57,1256,1.0
685,57,1440,1.0
686,57,1522,0.5
687,57,1659,0.5
688,57,1782,1.0
689,58,9,0.125
690,58,41,0.016
691,58,134,0.1111111111111111
692,58,160,0.3333333333333333
693,58,161,0.25
694,58,167,0.3333333333333333
695,58,193,0.058823529411764705
696,58,207,0.5
697,58,237,0.5
698,58,260,0.5
699,58,349,1.0
700,58,424,0.3333333333333333
701,58,461,0.5
702,58,515,0.3333333333333333
703,58,626,0.3333333333333333
704,58,719,1.0
705,58,739,0.5
706,58,870,1.0
707,58,927,1.0
708,58,1007,1.0
709,58,1017,1.0
710,58,1355,1.0
711,58,1451,1.0
712,58,1650,1.0
713,58,1717,0.5
714,59,41,0.008
715,59,70,1.0
716,59,121,0.2
717,59,124,1.0
718,59,331,0.3333333333333333
719,59,791,1.0
720,59,938,1.0
721,60,71,0.25
722,60,434,1.0
723,61,72,0.5
724,61,299,1.0
725,62,41,0.008
726,62,73,0.3333333333333333
727,62,78,0.3333333333333333
728,62,206,1.0
729,62,325,0.25
730,62,531,0.5
731,62,713,0.5
732,62,761,0.5
733,62,858,1.0
734,62,1104,0.3333333333333333
735,62,1243,1.0
736,62,1516,0.5
737,63,60,0.5
738,63,74,1.0
739,63,222,0.25
740,63,265,0.5
741,63,316,0.25
742,63,332,1.0
743,63,345,1.0
744,63,703,1.0
745,63,922,0.5
746,63,962,1.0
747,63,974,0.3333333333333333
748,63,1218,0.5
749,63,1249,1.0
750,63,1277,1.0
751,63,1387,1.0
752,63,1445,1.0
753,63,1593,1.0
754,63,1649,1.0
755,64,41,0.016
756,64,58,0.5
757,64,75,1.0
758,64,107,1.0
759,64,156,0.5
760,64,164,0.5
761,64,298,1.0
762,64,560,0.5
763,64,645,1.0
764,64,675,1.0
765,64,872,1.0
766,64,1067,0.5
767,64,1229,1.0
768,64,1319,1.0
769,64,1364,1.0
770,64,1510,0.5
771,64,1636,1.0
772,64,1676,1.0
773,64,1774,1.0
774,65,76,0.5
775,65,202,0.25
776,65,312,0.5
777,65,464,0.5
778,65,511,0.2
779,65,523,0.2
780,65,594,0.07692307692307693
781,65,663,0.5
782,65,1162,0.5
783,66,16,0.043478260869565216
784,66,41,0.008
785,66,50,0.3333333333333333
786,66,391,1.0
787,66,439,0.5
788,66,535,0.09090909090909091
789,66,812,0.5
790,67,15,0.2
791,67,27,0.07142857142857142
792,67,41,0.008
793,67,45,0.25
794,67,51,0.2
795,67,193,0.058823529411764705
796,67,254,0.5
797,67,278,0.5
798,67,285,1.0
799,67,304,0.125
800,67,320,0.5
801,67,322,0.3333333333333333
802,67,340,0.09523809523809523
803,67,406,1.0
804,67,414,1.0
805,67,502,1.0
806,67,558,0.25
807,67,700,1.0
808,67,821,0.25
809,67,832,0.5
810,67,849,1.0
811,67,863,0.3333333333333333
812,67,875,1.0
813,67,979,0.5
814,67,1062,0.16666666666666666
815,67,1120,0.25
816,67,1194,0.5
817,67,1239,1.0
818,67,1417,0.5
819,67,1502,1.0
820,67,1564,0.5
821,68,77,0.3333333333333333
822,68,78,0.3333333333333333
823,68,86,1.0
824,68,637,1.0
825,68,698,1.0
826,68,1000,0.5
827,68,1426,1.0
828,69,19,0.5
829,69,148,1.0
830,69,509,0.3333333333333333
831,69,976,1.0
832,69,1065,0.3333333333333333
833,70,35,0.3333333333333333
834,70,39,0.3333333333333333
835,70,73,0.3333333333333333
836,70,78,0.3333333333333333
837,70,79,0.3333333333333333
838,70,92,0.25
839,70,176,1.0
840,70,182,1.0
841,70,412,0.3333333333333333
842,70,594,0.07692307692307693
843,70,671,0.3333333333333333
844,70,809,0.25
845,70,1114,1.0
846,70,1260,0.25
847,71,80,0.2
848,71,132,1.0
849,71,965,0.5
850,72,82,0.5
851,73,83,0.5
852,73,464,0.5
853,73,697,1.0
854,73,1208,0.5
855,73,1370,1.0
856,74,57,0.3333333333333333
857,74,85,0.25
858,74,438,0.3333333333333333
859,74,501,0.2
860,74,513,0.25
861,74,764,0.5
862,74,1475,1.0
863,75,41,0.008
864,75,54,0.5
865,75,87,0.5
866,75,99,0.5
867,75,241,1.0
868,75,253,0.5
869,75,304,0.125
870,75,430,0.5
871,75,479,0.5
872,75,530,0.3333333333333333
873,75,532,1.0
874,75,644,0.5
875,75,717,0.5
876,75,838,0.5
877,75,845,0.5
878,75,981,0.5
879,75,1157,1.0
880,75,1191,1.0
881,75,1223,0.3333333333333333
882,75,1303,0.5
883,75,1340,0.5
884,75,1522,0.5
885,75,1598,1.0
886,75,1691,1.0
887,75,1709,1.0
888,76,88,0.5
889,76,435,1.0
890,76,828,0.25
891,76,1568,1.0
892,76,1577,1.0
893,76,1639,1.0
894,77,89,0.5
895,77,315,0.5
896,77,1498,1.0
897,78,90,0.14285714285714285
898,78,141,0.5
899,78,528,0.25
900,78,614,0.5
901,78,725,0.2
902,78,1396,1.0
903,79,91,0.5
904,79,304,0.125
905,80,92,0.25
906,81,15,0.2
907,81,16,0.043478260869565216
908,81,41,0.016
909,81,93,0.125
910,81,101,0.25
911,81,222,0.25
912,81,304,0.125
913,81,594,0.07692307692307693
914,81,867,0.5
915,81,911,1.0
916,81,1081,1.0
917,81,1129,0.3333333333333333
918,81,1140,1.0
919,81,1158,0.5
920,81,1287,1.0
921,81,1397,0.5
922,81,1405,1.0
923,81,1456,1.0
924,81,1581,1.0
925,82,23,0.5
926,82,41,0.016
927,82,94,1.0
928,82,125,0.5
929,82,137,0.2
930,82,199,0.16666666666666666
931,82,210,0.5
932,82,232,0.25
933,82,271,0.25
934,82,279,0.5
935,82,291,1.0
936,82,376,0.5
937,82,394,1.0
938,82,487,0.3333333333333333
939,82,500,1.0
940,82,577,0.5
941,82,586,1.0
942,82,588,0.25
943,82,648,0.5
944,82,667,1.0
945,82,876,1.0
946,82,879,0.5
947,82,971,0.5
948,82,1162,0.5
949,82,1231,1.0
950,82,1294,0.5
951,82,1305,1.0
952,82,1410,1.0
953,82,1433,1.0
954,82,1442,1.0
955,82,1642,1.0
956,82,1646,1.0
957,82,1665,0.3333333333333333
958,82,1702,1.0
959,83,96,0.2
960,83,374,1.0
961,83,771,0.5
962,83,1353,0.5
963,84,16,0.043478260869565216
964,84,40,0.09090909090909091
965,84,52,0.07692307692307693
966,84,150,0.2
967,84,171,0.5
968,84,424,0.3333333333333333
969,84,580,1.0
970,84,594,0.07692307692307693
971,84,673,0.3333333333333333
972,84,755,1.0
973,84,807,0.3333333333333333
974,84,808,0.5
975,84,931,1.0
976,84,1141,1.0
977,84,1607,1.0
978,84,1738,1.0
979,85,10,0.5
980,85,98,0.5
981,85,175,0.3333333333333333
982,86,99,0.5
983,86,392,0.5
984,86,1066,0.2
985,87,100,0.3333333333333333
986,87,137,0.2
987,87,272,1.0
988,87,538,0.5
989,87,566,1.0
990,87,615,1.0
991,87,621,0.25
992,87,709,1.0
993,87,840,1.0
994,87,1047,0.5
995,87,1324,1.0
996,87,1473,0.5
997,87,1675,1.0
998,88,27,0.07142857142857142
999,88,36,0.3333333333333333
1000,88,102,1.0
1001,88,173,0.5
1002,88,193,0.058823529411764705
1003,88,319,1.0
1004,88,514,1.0
1005,88,570,0.16666666666666666
1006,88,617,0.3333333333333333
1007,88,664,1.0
1008,88,710,1.0
1009,88,907,0.5
1010,88,1455,1.0
1011,89,104,1.0
1012,89,177,0.5
1013,90,105,1.0
1014,90,108,0.25
1015,90,1115,1.0
1016,90,1356,1.0
1017,91,17,0.5
1018,91,22,0.3333333333333333
1019,91,27,0.07142857142857142
1020,91,41,0.016
1021,91,44,0.25
1022,91,90,0.14285714285714285
1023,91,106,1.0
1024,91,119,1.0
1025,91,125,0.5
1026,91,127,0.25
1027,91,196,1.0
1028,91,249,0.125
1029,91,313,0.5
1030,91,339,0.5
1031,91,340,0.047619047619047616
1032,91,367,1.0
1033,91,421,1.0
1034,91,549,0.3333333333333333
1035,91,554,0.3333333333333333
1036,91,768,1.0
1037,91,778,0.3333333333333333
1038,91,906,1.0
1039,91,1528,1.0
1040,91,1564,0.5
1041,91,1640,1.0
1042,91,1708,1.0
1043,92,9,0.125
1044,92,83,0.5
1045,92,317,0.3333333333333333
1046,92,356,0.5
1047,92,447,0.3333333333333333
1048,92,563,1.0
1049,92,575,1.0
1050,92,1010,1.0
1051,92,1022,0.5
1052,92,1501,0.5
1053,93,25,0.14285714285714285
1054,93,41,0.008
1055,93,161,0.25
1056,93,465,0.5
1057,93,864,1.0
1058,93,866,0.3333333333333333
1059,93,1042,1.0
1060,93,1079,1.0
1061,93,1175,0.5
1062,94,41,0.008
1063,94,1136,1.0
1064,94,1221,1.0
1065,95,110,1.0
1066,95,390,1.0
1067,95,693,1.0
1068,95,1227,1.0
1069,95,1383,1.0
1070,95,1477,1.0
1071,95,1652,1.0
1072,96,45,0.25
1073,96,111,0.5
1074,96,237,0.5
1075,96,599,1.0
1076,96,796,0.3333333333333333
1077,96,878,0.5
1078,97,95,0.5
1079,97,113,1.0
1080,97,886,0.25
1081,97,902,0.25
1082,98,16,0.043478260869565216
1083,98,114,1.0
1084,98,167,0.3333333333333333
1085,98,200,0.5
1086,98,212,0.07692307692307693
1087,98,244,0.5
1088,98,254,0.5
1089,98,377,1.0
1090,98,470,1.0
1091,98,504,1.0
1092,98,508,1.0
1093,98,601,1.0
1094,98,643,0.5
1095,98,841,1.0
1096,98,886,0.25
1097,98,984,1.0
1098,98,1110,1.0
1099,98,1117,0.5
1100,98,1132,1.0
1101,98,1161,0.5
1102,98,1177,1.0
1103,98,1272,0.5
1104,98,1322,0.5
1105,98,1462,1.0
1106,98,1467,0.5
1107,98,1490,1.0
1108,98,1610,0.5
1109,98,1745,1.0
1110,99,27,0.07142857142857142
1111,99,116,1.0
1112,99,120,0.5
1113,99,201,0.5
1114,99,325,0.25
1115,99,567,0.5
1116,99,587,0.5
1117,99,945,1.0
1118,99,975,1.0
1119,99,1144,0.5
1120,99,1202,1.0
1121,99,1233,1.0
1122,99,1274,1.0
1123,99,1291,0.3333333333333333
1124,99,1422,1.0
1125,99,1509,1.0
1126,99,1585,1.0
1127,99,1697,1.0
1128,100,117,1.0
1129,100,139,0.08333333333333333
1130,100,235,1.0
1131,100,328,0.5
1132,100,443,0.5
1133,100,473,1.0
1134,100,596,0.5
1135,100,807,0.3333333333333333
1136,100,904,0.5
1137,100,1416,0.5
1138,100,1483,1.0
1139,100,1491,1.0
1140,100,1760,1.0
1141,101,27,0.07142857142857142
1142,101,41,0.008
1143,101,71,0.25
1144,101,118,0.5
1145,101,288,1.0
1146,101,338,1.0
1147,101,431,0.3333333333333333
1148,101,438,0.3333333333333333
1149,101,489,1.0
1150,101,526,0.3333333333333333
1151,101,535,0.09090909090909091
1152,101,538,0.5
1153,101,651,0.5
1154,101,688,0.5
1155,101,704,0.3333333333333333
1156,101,726,0.5
1157,101,867,0.5
1158,101,953,1.0
1159,101,994,1.0
1160,101,1119,1.0
1161,101,1148,1.0
1162,101,1174,1.0
1163,101,1350,0.2
1164,101,1401,1.0
1165,101,1412,1.0
1166,101,1538,1.0
1167,101,1660,1.0
1168,102,101,0.25
1169,102,121,0.2
1170,103,122,0.3333333333333333
1171,103,174,0.2
1172,103,311,1.0
1173,103,496,1.0
1174,103,594,0.07692307692307693
1175,104,46,0.3333333333333333
1176,105,16,0.043478260869565216
1177,105,128,1.0
1178,105,750,0.5
1179,105,1659,0.5
1180,106,129,0.5
1181,107,131,1.0
1182,107,212,0.07692307692307693
1183,107,305,0.5
1184,107,340,0.047619047619047616
1185,107,570,0.16666666666666666
1186,107,915,0.09090909090909091
1187,107,998,0.2
1188,107,1186,1.0
1189,107,1313,0.5
1190,107,1614,1.0
1191,107,1678,1.0
1192,108,133,0.5
1193,109,134,0.1111111111111111
1194,109,137,0.2
1195,109,340,0.047619047619047616
1196,109,758,1.0
1197,109,935,0.25
1198,110,41,0.008
1199,110,135,1.0
1200,110,193,0.058823529411764705
1201,110,857,0.5
1202,110,1113,1.0
1203,110,1379,1.0
1204,110,1382,1.0
1205,110,1756,1.0
1206,111,138,1.0
1207,111,400,0.3333333333333333
1208,111,574,1.0
1209,111,833,1.0
1210,111,913,1.0
1211,111,1781,1.0
1212,112,30,0.5
1213,112,583,0.3333333333333333
1214,113,27,0.07142857142857142
1215,113,52,0.07692307692307693
1216,113,140,0.5
1217,113,162,0.5
1218,113,359,1.0
1219,113,450,1.0
1220,113,568,1.0
1221,113,569,1.0
1222,113,578,1.0
1223,113,922,0.5
1224,113,1034,0.3333333333333333
1225,113,1077,0.3333333333333333
1226,113,1380,1.0
1227,113,1494,1.0
1228,113,1548,1.0
1229,114,142,1.0
1230,114,147,0.3333333333333333
1231,114,193,0.058823529411764705
1232,114,507,0.5
1233,114,669,0.5
1234,115,143,0.2
1235,115,205,0.25
1236,115,505,1.0
1237,115,559,0.5
1238,115,658,1.0
1239,115,809,0.25
1240,115,895,1.0
1241,115,896,0.5
1242,115,936,1.0
1243,115,1025,1.0
1244,115,1263,0.3333333333333333
1245,116,40,0.09090909090909091
1246,116,41,0.016
1247,116,213,0.5
1248,117,144,0.3333333333333333
1249,117,158,0.5
1250,117,340,0.047619047619047616
1251,117,497,0.2
1252,117,879,0.5
1253,117,901,1.0
1254,118,145,0.3333333333333333
1255,118,551,0.2
1256,119,149,0.5
1257,119,610,1.0
1258,120,41,0.008
1259,120,93,0.125
1260,120,152,1.0
1261,120,179,0.25
1262,120,223,1.0
1263,120,295,0.3333333333333333
1264,120,322,0.3333333333333333
1265,120,424,0.3333333333333333
1266,120,440,0.3333333333333333
1267,120,746,0.25
1268,120,842,1.0
1269,120,1147,1.0
1270,120,1469,1.0
1271,120,1558,1.0
1272,120,1625,1.0
1273,120,1712,1.0
1274,120,1724,1.0
1275,121,41,0.008
1276,121,48,0.16666666666666666
1277,121,115,0.2
1278,121,139,0.08333333333333333
1279,121,153,0.3333333333333333
1280,121,273,1.0
1281,121,331,0.3333333333333333
1282,121,335,1.0
1283,121,352,1.0
1284,121,386,1.0
1285,121,389,0.3333333333333333
1286,121,552,0.5
1287,121,1016,1.0
1288,121,1023,0.5
1289,121,1028,1.0
1290,121,1034,0.3333333333333333
1291,121,1073,0.5
1292,121,1258,0.5
1293,121,1298,0.3333333333333333
1294,121,1315,1.0
1295,121,1521,1.0
1296,121,1537,1.0
1297,121,1631,1.0
1298,121,1735,1.0
1299,122,154,0.5
1300,122,1236,1.0
1301,122,1573,1.0
1302,123,155,1.0
1303,123,688,0.5
1304,123,708,0.25
1305,123,1734,1.0
1306,124,5,0.3333333333333333
1307,124,157,1.0
1308,124,234,1.0
1309,124,1051,1.0
1310,124,1484,1.0
1311,125,159,0.5
1312,126,160,0.3333333333333333
1313,126,205,0.25
1314,126,650,0.5
1315,126,967,0.5
1316,126,1496,0.3333333333333333
1317,126,1671,1.0
1318,126,1722,1.0
1319,127,40,0.09090909090909091
1320,127,41,0.008
1321,127,149,0.5
1322,127,162,0.5
1323,127,202,0.25
1324,127,219,1.0
1325,127,229,1.0
1326,127,442,1.0
1327,127,583,0.3333333333333333
1328,127,642,0.5
1329,127,649,1.0
1330,127,657,1.0
1331,127,839,0.5
1332,127,935,0.25
1333,127,956,0.5
1334,127,960,1.0
1335,127,997,1.0
1336,127,1261,1.0
1337,127,1515,1.0
1338,127,1651,0.5
1339,127,1706,1.0
1340,127,1777,1.0
1341,128,163,1.0
1342,128,190,1.0
1343,128,340,0.047619047619047616
1344,128,1111,1.0
1345,129,57,0.3333333333333333
1346,129,164,0.5
1347,129,623,1.0
1348,129,636,0.5
1349,129,708,0.25
1350,129,748,0.5
1351,129,1084,1.0
1352,129,1137,1.0
1353,129,1234,0.5
1354,129,1269,0.5
1355,129,1332,1.0
1356,129,1526,1.0
1357,129,1682,1.0
1358,130,166,1.0
1359,130,817,1.0
1360,130,974,0.3333333333333333
1361,131,41,0.008
1362,131,159,0.5
1363,131,168,0.5
1364,131,174,0.2
1365,131,227,1.0
1366,131,267,1.0
1367,131,290,0.3333333333333333
1368,131,372,1.0
1369,131,378,1.0
1370,131,481,1.0
1371,131,498,1.0
1372,131,513,0.25
1373,131,544,1.0
1374,131,547,1.0
1375,131,560,0.5
1376,131,595,0.3333333333333333
1377,131,759,1.0
1378,131,767,0.5
1379,131,777,1.0
1380,131,781,0.5
1381,131,941,0.5
1382,131,1102,1.0
1383,131,1150,1.0
1384,131,1230,1.0
1385,131,1263,0.3333333333333333
1386,131,1310,1.0
1387,131,1415,1.0
1388,131,1512,1.0
1389,131,1559,1.0
1390,131,1741,1.0
1391,131,1752,1.0
1392,132,41,0.008
1393,132,77,0.3333333333333333
1394,132,170,0.3333333333333333
1395,132,772,0.5
1396,132,1134,1.0
1397,132,1292,1.0
1398,132,1589,1.0
1399,133,67,0.3333333333333333
1400,133,85,0.25
1401,133,96,0.2
1402,133,226,1.0
1403,133,239,0.3333333333333333
1404,133,304,0.125
1405,133,346,0.3333333333333333
1406,133,383,1.0
1407,133,540,1.0
1408,133,666,1.0
1409,133,745,1.0
1410,133,799,0.3333333333333333
1411,133,804,0.3333333333333333
1412,133,852,1.0
1413,133,985,0.3333333333333333
1414,133,1014,1.0
1415,133,1247,1.0
1416,133,1295,1.0
1417,133,1304,1.0
1418,133,1574,1.0
1419,134,172,1.0
1420,134,212,0.07692307692307693
1421,134,384,0.5
1422,135,173,0.5
1423,135,699,1.0
1424,136,41,0.016
1425,136,174,0.2
1426,136,1663,1.0
1427,137,178,0.5
1428,138,181,0.3333333333333333
1429,139,27,0.07142857142857142
1430,139,41,0.008
1431,139,93,0.125
1432,139,183,1.0
1433,139,702,0.5
1434,139,915,0.09090909090909091
1435,140,41,0.008
1436,140,184,1.0
1437,140,259,1.0
1438,140,314,0.3333333333333333
1439,140,461,0.5
1440,140,628,0.5
1441,140,763,0.5
1442,140,893,1.0
1443,140,1002,1.0
1444,140,1206,1.0
1445,140,1345,0.5
1446,140,1376,1.0
1447,140,1454,1.0
1448,141,40,0.09090909090909091
1449,141,96,0.2
1450,141,185,0.5
1451,141,727,0.5
1452,141,1064,1.0
1453,141,1583,1.0
1454,141,1761,1.0
1455,142,187,0.3333333333333333
1456,142,215,1.0
1457,142,1189,1.0
1458,143,188,1.0
1459,144,16,0.043478260869565216
1460,144,189,1.0
1461,144,1437,1.0
1462,145,27,0.07142857142857142
1463,145,191,1.0
1464,145,1714,1.0
1465,146,121,0.2
1466,147,66,0.5
1467,147,192,1.0
1468,147,282,0.5
1469,147,1316,0.3333333333333333
1470,148,41,0.032
1471,148,685,1.0
1472,148,737,1.0
1473,148,948,1.0
1474,148,986,0.5
1475,149,27,0.14285714285714285
1476,149,40,0.09090909090909091
1477,149,52,0.07692307692307693
1478,149,193,0.058823529411764705
1479,149,204,0.5
1480,149,325,0.25
1481,149,376,0.5
1482,149,725,0.2
1483,149,851,1.0
1484,149,883,1.0
1485,149,928,1.0
1486,149,977,1.0
1487,150,56,0.3333333333333333
1488,150,194,1.0
1489,150,199,0.16666666666666666
1490,150,868,1.0
1491,151,181,0.3333333333333333
1492,151,193,0.058823529411764705
1493,151,197,0.2
1494,151,286,0.3333333333333333
1495,151,411,0.5
1496,151,603,1.0
1497,151,798,0.3333333333333333
1498,151,1105,0.5
1499,151,1661,1.0
1500,152,198,1.0
1501,152,887,1.0
1502,152,974,0.3333333333333333
1503,152,1187,0.5
1504,153,199,0.16666666666666666
1505,153,216,0.5
1506,153,446,0.25
1507,153,460,0.5
1508,153,546,0.5
1509,153,617,0.3333333333333333
1510,153,673,0.3333333333333333
1511,153,1116,1.0
1512,153,1190,1.0
1513,153,1457,1.0
1514,153,1655,1.0
1515,154,167,0.3333333333333333
1516,154,203,0.5
1517,154,1040,1.0
1518,154,1525,1.0
1519,154,1617,1.0
1520,155,85,0.25
1521,155,120,0.5
1522,155,145,0.3333333333333333
1523,155,207,0.5
1524,155,312,0.5
1525,155,354,1.0
1526,155,440,0.3333333333333333
1527,155,444,0.5
1528,155,453,0.3333333333333333
1529,155,506,1.0
1530,155,521,0.5
1531,155,525,0.5
1532,155,535,0.09090909090909091
1533,155,860,0.5
1534,155,967,0.5
1535,155,1096,0.5
1536,155,1340,0.5
1537,155,1386,1.0
1538,155,1404,1.0
1539,155,1608,1.0
1540,155,1620,1.0
1541,155,1672,1.0
1542,156,41,0.016
1543,156,187,0.3333333333333333
1544,156,208,1.0
1545,156,281,1.0
1546,156,605,1.0
1547,156,654,0.6666666666666666
1548,156,1216,0.5
1549,157,25,0.14285714285714285
1550,158,193,0.058823529411764705
1551,158,209,1.0
1552,158,769,1.0
1553,158,1000,0.5
1554,159,210,0.5
1555,160,41,0.008
1556,160,139,0.08333333333333333
1557,160,211,0.5
1558,160,462,0.3333333333333333
1559,160,525,0.5
1560,160,762,1.0
1561,160,1154,1.0
1562,160,1317,1.0
1563,160,1473,0.5
1564,161,144,0.3333333333333333
1565,161,169,0.3333333333333333
1566,161,212,0.07692307692307693
1567,161,1101,0.5
1568,162,214,0.5
1569,162,1584,1.0
1570,163,115,0.2
1571,163,722,0.5
1572,164,41,0.016
1573,164,218,1.0
1574,164,517,1.0
1575,164,694,1.0
1576,164,1358,1.0
1577,164,1543,1.0
1578,164,1601,1.0
1579,165,214,0.5
1580,165,220,0.3333333333333333
1581,165,1253,1.0
1582,165,1348,1.0
1583,165,1517,1.0
1584,166,221,0.5
1585,166,1101,0.5
1586,167,33,0.5
1587,167,225,0.5
1588,167,276,0.2
1589,167,305,0.5
1590,167,465,0.5
1591,167,629,1.0
1592,167,639,0.25
1593,167,896,0.5
1594,167,915,0.09090909090909091
1595,167,1015,0.3333333333333333
1596,167,1169,1.0
1597,167,1201,0.3333333333333333
1598,168,228,1.0
1599,168,286,0.3333333333333333
1600,168,407,0.25
1601,169,230,1.0
1602,169,256,0.5
1603,169,343,0.5
1604,169,388,1.0
1605,169,440,0.3333333333333333
1606,169,515,0.3333333333333333
1607,169,557,1.0
1608,169,716,1.0
1609,169,802,1.0
1610,169,1201,0.3333333333333333
1611,169,1205,1.0
1612,169,1296,1.0
1613,169,1438,1.0
1614,169,1482,1.0
1615,170,35,0.3333333333333333
1616,170,231,1.0
1617,170,733,1.0
1618,170,1045,1.0
1619,170,1152,0.5
1620,170,1686,1.0
1621,171,232,0.25
1622,171,324,0.25
1623,171,1487,1.0
1624,172,41,0.008
1625,172,233,1.0
1626,172,920,0.3333333333333333
1627,172,1328,1.0
1628,173,236,1.0
1629,173,340,0.047619047619047616
1630,173,427,0.5
1631,173,608,0.3333333333333333
1632,173,1293,0.5
1633,173,1350,0.2
1634,173,1654,1.0
1635,174,240,0.5
1636,174,925,0.3333333333333333
1637,174,1005,0.5
1638,174,1006,0.5
1639,174,1046,0.5
1640,174,1173,1.0
1641,175,242,1.0
1642,175,1021,1.0
1643,176,134,0.1111111111111111
1644,176,243,0.5
1645,176,271,0.25
1646,176,423,0.16666666666666666
1647,176,449,1.0
1648,176,528,0.25
1649,176,591,0.3333333333333333
1650,176,640,0.25
1651,176,908,1.0
1652,177,90,0.14285714285714285
1653,177,245,1.0
1654,177,340,0.047619047619047616
1655,177,344,1.0
1656,177,1369,1.0
1657,178,16,0.043478260869565216
1658,178,41,0.024
1659,178,88,0.5
1660,178,246,1.0
1661,178,342,1.0
1662,178,346,0.3333333333333333
1663,178,469,0.5
1664,178,535,0.09090909090909091
1665,178,554,0.3333333333333333
1666,178,589,1.0
1667,178,765,0.5
1668,178,981,0.5
1669,178,1015,0.3333333333333333
1670,178,1094,1.0
1671,178,1273,1.0
1672,178,1716,0.5
1673,179,248,0.3333333333333333
1674,180,249,0.125
1675,180,626,0.3333333333333333
1676,181,250,0.3333333333333333
1677,181,1421,1.0
1678,182,252,0.3333333333333333
1679,182,302,0.5
1680,182,1542,0.5
1681,183,169,0.3333333333333333
1682,183,212,0.07692307692307693
1683,183,1341,1.0
1684,183,1464,1.0
1685,184,41,0.016
1686,184,134,0.1111111111111111
1687,184,659,1.0
1688,184,825,1.0
1689,184,835,0.14285714285714285
1690,184,942,1.0
1691,184,1082,1.0
1692,185,258,1.0
1693,185,368,1.0
1694,185,408,1.0
1695,185,507,0.5
1696,185,537,1.0
1697,185,726,0.5
1698,185,776,0.3333333333333333
1699,185,947,0.5
1700,185,1204,1.0
1701,185,1322,0.5
1702,185,1345,0.5
1703,185,1606,1.0
1704,186,29,0.5
1705,186,41,0.032
1706,186,260,0.5
1707,186,348,0.5
1708,186,446,0.25
1709,186,620,1.0
1710,186,648,0.5
1711,186,676,0.5
1712,186,727,0.5
1713,186,736,1.0
1714,186,749,0.5
1715,186,940,1.0
1716,186,961,0.5
1717,186,966,0.5
1718,186,982,1.0
1719,186,1035,1.0
1720,186,1223,0.3333333333333333
1721,186,1269,0.5
1722,186,1366,1.0
1723,186,1579,0.5
1724,186,1586,1.0
1725,186,1710,1.0
1726,186,1713,1.0
1727,187,46,0.3333333333333333
1728,187,139,0.08333333333333333
1729,187,264,1.0
1730,187,510,1.0
1731,187,588,0.25
1732,187,749,0.5
1733,187,932,0.5
1734,187,978,1.0
1735,187,1334,1.0
1736,187,1750,1.0
1737,188,122,0.3333333333333333
1738,189,266,1.0
1739,189,752,1.0
1740,189,1674,1.0
1741,190,108,0.25
1742,190,268,1.0
1743,190,746,0.25
1744,191,269,1.0
1745,192,8,0.5
1746,192,41,0.016
1747,192,52,0.07692307692307693
1748,192,65,0.5
1749,192,108,0.25
1750,192,270,1.0
1751,192,274,0.5
1752,192,283,0.3333333333333333
1753,192,295,0.3333333333333333
1754,192,355,0.5
1755,192,497,0.2
1756,192,512,1.0
1757,192,602,1.0
1758,192,751,1.0
1759,192,797,0.3333333333333333
1760,192,1026,1.0
1761,192,1099,0.3333333333333333
1762,192,1222,0.3333333333333333
1763,192,1316,0.3333333333333333
1764,192,1335,1.0
1765,192,1342,1.0
1766,192,1550,0.5
1767,192,1630,1.0
1768,193,68,0.3333333333333333
1769,193,195,0.2
1770,193,262,0.3333333333333333
1771,193,271,0.25
1772,193,282,0.5
1773,193,283,0.3333333333333333
1774,193,293,1.0
1775,193,362,0.25
1776,193,382,1.0
1777,193,423,0.16666666666666666
1778,193,482,0.5
1779,193,497,0.2
1780,193,565,1.0
1781,193,594,0.07692307692307693
1782,193,643,0.5
1783,193,670,1.0
1784,193,692,1.0
1785,193,744,1.0
1786,193,1047,0.5
1787,193,1097,1.0
1788,193,1112,1.0
1789,193,1199,1.0
1790,193,1252,1.0
1791,193,1326,0.5
1792,193,1395,1.0
1793,193,1476,1.0
1794,193,1645,1.0
1795,194,277,0.5
1796,194,881,0.5
1797,194,1632,1.0
1798,195,28,0.3333333333333333
1799,195,279,0.5
1800,195,862,1.0
1801,196,11,0.5
1802,196,16,0.043478260869565216
1803,196,280,0.5
1804,196,318,1.0
1805,196,347,0.5
1806,196,350,0.5
1807,196,479,0.5
1808,196,621,0.25
1809,196,915,0.09090909090909091
1810,196,1565,1.0
1811,196,1728,1.0
1812,197,181,0.3333333333333333
1813,197,283,0.3333333333333333
1814,197,309,0.3333333333333333
1815,197,542,1.0
1816,197,545,1.0
1817,197,760,0.5
1818,197,821,0.25
1819,197,1004,1.0
1820,197,1085,1.0
1821,198,284,0.3333333333333333
1822,198,476,0.25
1823,198,836,1.0
1824,198,1623,1.0
1825,199,130,0.5
1826,199,286,0.3333333333333333
1827,199,1050,0.5
1828,199,1181,1.0
1829,199,1308,1.0
1830,199,1420,1.0
1831,200,287,1.0
1832,200,1062,0.16666666666666666
1833,201,290,0.3333333333333333
1834,201,803,0.5
1835,202,16,0.043478260869565216
1836,202,40,0.09090909090909091
1837,202,41,0.032
1838,202,47,0.3333333333333333
1839,202,52,0.15384615384615385
1840,202,55,0.5
1841,202,129,0.5
1842,202,193,0.058823529411764705
1843,202,212,0.07692307692307693
1844,202,247,0.5
1845,202,292,1.0
1846,202,396,0.5
1847,202,551,0.2
1848,202,594,0.07692307692307693
1849,202,743,1.0
1850,202,797,0.3333333333333333
1851,202,812,0.5
1852,202,835,0.2857142857142857
1853,202,914,0.2
1854,202,973,1.0
1855,202,998,0.2
1856,202,1003,0.3333333333333333
1857,202,1043,1.0
1858,202,1212,0.3333333333333333
1859,202,1393,1.0
1860,202,1496,0.3333333333333333
1861,202,1648,1.0
1862,202,1783,1.0
1863,203,296,0.5
1864,203,1703,1.0
1865,204,297,0.5
1866,204,333,1.0
1867,204,401,1.0
1868,204,1066,0.2
1869,204,1472,0.5
1870,205,36,0.3333333333333333
1871,206,27,0.07142857142857142
1872,206,41,0.008
1873,206,249,0.125
1874,206,398,0.3333333333333333
1875,206,452,1.0
1876,206,991,0.25
1877,206,1049,0.5
1878,206,1074,1.0
1879,206,1090,1.0
1880,206,1131,1.0
1881,206,1399,0.5
1882,206,1504,0.5
1883,206,1736,1.0
1884,206,1773,1.0
1885,207,41,0.008
1886,207,77,0.3333333333333333
1887,207,300,0.5
1888,207,330,0.3333333333333333
1889,207,1600,1.0
1890,208,150,0.2
1891,209,16,0.08695652173913043
1892,209,41,0.008
1893,209,239,0.3333333333333333
1894,209,306,1.0
1895,209,432,0.3333333333333333
1896,209,476,0.25
1897,209,477,0.3333333333333333
1898,209,632,1.0
1899,209,639,0.25
1900,209,711,0.5
1901,209,764,0.5
1902,209,798,0.3333333333333333
1903,209,845,0.5
1904,209,871,1.0
1905,209,921,0.3333333333333333
1906,209,943,1.0
1907,209,1068,1.0
1908,209,1126,1.0
1909,209,1163,1.0
1910,209,1201,0.3333333333333333
1911,209,1400,1.0
1912,209,1766,1.0
1913,210,301,0.5
1914,210,534,1.0
1915,210,860,0.5
1916,210,1180,1.0
1917,211,303,0.5
1918,211,935,0.25
1919,212,41,0.016
1920,212,456,1.0
1921,212,964,1.0
1922,212,1416,0.5
1923,213,41,0.008
1924,213,44,0.25
1925,213,71,0.25
1926,213,101,0.25
1927,213,195,0.2
1928,213,824,1.0
1929,213,1290,1.0
1930,214,307,1.0
1931,215,308,1.0
1932,215,317,0.3333333333333333
1933,215,340,0.047619047619047616
1934,215,431,0.3333333333333333
1935,215,598,0.5
1936,216,316,0.25
1937,216,509,0.3333333333333333
1938,216,971,0.5
1939,216,1139,1.0
1940,216,1185,0.3333333333333333
1941,217,320,0.5
1942,218,41,0.008
1943,218,100,0.3333333333333333
1944,218,139,0.08333333333333333
1945,218,1570,1.0
1946,219,323,1.0
1947,220,41,0.016
1948,220,707,1.0
1949,220,1283,1.0
1950,221,326,0.5
1951,221,351,1.0
1952,221,529,0.5
1953,221,660,0.5
1954,221,773,0.5
1955,221,1020,1.0
1956,221,1302,1.0
1957,221,1436,0.5
1958,221,1532,0.5
1959,222,327,1.0
1960,222,970,0.3333333333333333
1961,223,328,0.5
1962,223,1275,0.3333333333333333
1963,223,1351,0.5
1964,224,154,0.5
1965,224,404,0.5
1966,224,951,1.0
1967,224,1775,1.0
1968,225,337,1.0
1969,225,1138,0.5
1970,226,339,0.5
1971,226,1504,0.5
1972,227,212,0.07692307692307693
1973,227,341,0.5
1974,227,416,1.0
1975,227,513,0.25
1976,227,526,0.3333333333333333
1977,227,594,0.07692307692307693
1978,227,923,1.0
1979,227,950,1.0
1980,227,992,0.5
1981,227,1183,1.0
1982,228,357,1.0
1983,229,41,0.008
1984,229,358,1.0
1985,230,360,1.0
1986,231,276,0.2
1987,231,361,1.0
1988,231,493,0.5
1989,231,583,0.3333333333333333
1990,231,915,0.09090909090909091
1991,231,1746,1.0
1992,232,363,0.5
1993,232,905,0.5
1994,233,9,0.125
1995,233,150,0.2
1996,233,364,0.25
1997,233,426,0.5
1998,234,89,0.5
1999,234,365,1.0
2000,234,370,1.0
2001,234,816,1.0
2002,234,818,1.0
2003,234,1106,1.0
2004,235,366,0.5
2005,235,395,1.0
2006,235,837,0.3333333333333333
2007,235,1297,1.0
2008,236,369,1.0
2009,236,488,1.0
2010,236,788,1.0
2011,236,819,0.5
2012,236,1555,1.0
2013,236,1779,1.0
2014,237,373,1.0
2015,237,389,0.3333333333333333
2016,237,570,0.16666666666666666
2017,237,1128,1.0
2018,237,1337,1.0
2019,237,1362,1.0
2020,238,41,0.016
2021,238,199,0.16666666666666666
2022,238,313,0.5
2023,238,381,1.0
2024,238,572,1.0
2025,238,1468,1.0
2026,239,385,1.0
2027,239,553,1.0
2028,239,1071,1.0
2029,240,153,0.3333333333333333
2030,241,392,0.5
2031,241,638,0.5
2032,241,748,0.5
2033,242,393,0.5
2034,243,41,0.008
2035,243,959,1.0
2036,243,1594,1.0
2037,243,1747,1.0
2038,244,22,0.3333333333333333
2039,244,497,0.2
2040,244,902,0.25
2041,244,1250,0.5
2042,244,1545,1.0
2043,244,1647,1.0
2044,245,326,0.5
2045,245,355,0.5
2046,245,778,0.3333333333333333
2047,245,909,0.5
2048,245,910,1.0
2049,245,1008,1.0
2050,245,1075,0.5
2051,245,1276,1.0
2052,245,1488,1.0
2053,246,48,0.16666666666666666
2054,246,80,0.2
2055,246,143,0.2
2056,246,212,0.07692307692307693
2057,246,304,0.125
2058,246,364,0.25
2059,246,582,0.25
2060,246,587,0.5
2061,246,597,0.5
2062,246,624,1.0
2063,246,819,0.5
2064,246,1057,1.0
2065,246,1104,0.3333333333333333
2066,246,1260,0.25
2067,246,1417,0.5
2068,246,1529,0.5
2069,246,1603,1.0
2070,246,1765,1.0
2071,247,309,0.3333333333333333
2072,247,397,1.0
2073,247,813,1.0
2074,247,1280,1.0
2075,248,398,0.3333333333333333
2076,249,41,0.008
2077,249,274,0.5
2078,249,655,0.5
2079,249,850,1.0
2080,250,150,0.2
2081,250,407,0.25
2082,250,656,1.0
2083,250,673,0.3333333333333333
2084,250,1447,1.0
2085,251,412,0.3333333333333333
2086,251,582,0.25
2087,251,608,0.3333333333333333
2088,252,415,1.0
2089,252,523,0.2
2090,252,823,1.0
2091,252,1291,0.3333333333333333
2092,253,418,1.0
2093,253,432,0.3333333333333333
2094,253,480,0.5
2095,253,1306,1.0
2096,254,16,0.043478260869565216
2097,254,412,0.3333333333333333
2098,254,423,0.16666666666666666
2099,254,598,0.5
2100,254,704,0.3333333333333333
2101,254,1062,0.16666666666666666
2102,254,1245,1.0
2103,254,1372,1.0
2104,254,1727,1.0
2105,255,425,1.0
2106,256,428,1.0
2107,256,467,1.0
2108,256,1374,1.0
2109,256,1692,1.0
2110,257,180,0.3333333333333333
2111,257,431,0.3333333333333333
2112,257,478,1.0
2113,257,582,0.25
2114,257,1061,0.5
2115,257,1077,0.3333333333333333
2116,258,432,0.3333333333333333
2117,258,453,0.3333333333333333
2118,258,785,1.0
2119,258,990,1.0
2120,258,1041,1.0
2121,258,1289,0.5
2122,259,436,0.5
2123,260,437,1.0
2124,261,115,0.2
2125,261,174,0.2
2126,261,419,0.5
2127,261,441,1.0
2128,261,462,0.3333333333333333
2129,261,529,0.5
2130,261,674,0.5
2131,261,735,0.5
2132,261,790,1.0
2133,261,859,1.0
2134,261,1055,1.0
2135,261,1151,1.0
2136,261,1518,1.0
2137,261,1597,1.0
2138,261,1657,1.0
2139,262,137,0.2
2140,262,220,0.3333333333333333
2141,262,554,0.3333333333333333
2142,262,720,1.0
2143,262,740,1.0
2144,263,443,0.5
2145,264,445,1.0
2146,265,93,0.125
2147,265,340,0.047619047619047616
2148,265,453,0.3333333333333333
2149,265,822,0.5
2150,265,1034,0.3333333333333333
2151,265,1188,1.0
2152,265,1434,0.5
2153,266,212,0.07692307692307693
2154,266,1073,0.5
2155,267,52,0.07692307692307693
2156,267,884,0.3333333333333333
2157,267,1184,0.5
2158,267,1763,1.0
2159,267,1770,1.0
2160,268,454,1.0
2161,268,646,1.0
2162,268,725,0.2
2163,268,1503,1.0
2164,269,7,0.3333333333333333
2165,269,248,0.3333333333333333
2166,269,363,0.5
2167,269,410,0.5
2168,269,458,1.0
2169,269,519,1.0
2170,269,639,0.25
2171,269,766,1.0
2172,269,886,0.25
2173,269,889,0.5
2174,269,919,1.0
2175,269,988,1.0
2176,269,1013,1.0
2177,269,1052,0.5
2178,269,1170,1.0
2179,269,1218,0.5
2180,269,1368,1.0
2181,269,1516,0.5
2182,269,1552,1.0
2183,269,1611,1.0
2184,270,459,1.0
2185,270,614,0.5
2186,270,1066,0.2
2187,271,460,0.5
2188,271,687,0.5
2189,271,734,1.0
2190,271,970,0.3333333333333333
2191,272,466,0.5
2192,272,1347,1.0
2193,273,468,0.3333333333333333
2194,273,914,0.2
2195,274,472,1.0
2196,275,41,0.016
2197,275,591,0.3333333333333333
2198,275,803,0.5
2199,275,930,1.0
2200,275,1500,1.0
2201,276,475,1.0
2202,276,835,0.14285714285714285
2203,276,1120,0.25
2204,276,1446,0.3333333333333333
2205,277,175,0.3333333333333333
2206,277,477,0.3333333333333333
2207,278,80,0.2
2208,278,160,0.3333333333333333
2209,278,483,1.0
2210,278,490,0.3333333333333333
2211,278,579,1.0
2212,278,594,0.07692307692307693
2213,278,690,0.5
2214,278,770,0.5
2215,278,786,0.5
2216,278,1070,0.5
2217,278,1077,0.3333333333333333
2218,278,1078,0.5
2219,278,1193,1.0
2220,279,9,0.125
2221,279,304,0.125
2222,280,484,1.0
2223,281,143,0.2
2224,281,485,0.5
2225,281,873,1.0
2226,281,915,0.09090909090909091
2227,281,999,1.0
2228,281,1627,1.0
2229,281,1740,1.0
2230,282,486,1.0
2231,283,487,0.3333333333333333
2232,283,501,0.2
2233,283,1721,1.0
2234,284,27,0.07142857142857142
2235,284,197,0.2
2236,284,492,1.0
2237,284,641,0.5
2238,284,1615,1.0
2239,285,224,0.3333333333333333
2240,285,494,1.0
2241,286,499,0.5
2242,287,146,0.3333333333333333
2243,287,340,0.047619047619047616
2244,287,501,0.2
2245,287,631,1.0
2246,287,774,1.0
2247,287,797,0.3333333333333333
2248,287,799,0.3333333333333333
2249,287,861,1.0
2250,287,1216,0.5
2251,287,1385,0.5
2252,287,1485,1.0
2253,287,1492,1.0
2254,288,41,0.008
2255,288,503,1.0
2256,288,528,0.25
2257,288,723,1.0
2258,288,898,0.5
2259,288,979,0.5
2260,288,1693,1.0
2261,289,16,0.043478260869565216
2262,289,1223,0.3333333333333333
2263,290,423,0.16666666666666666
2264,290,446,0.25
2265,290,511,0.2
2266,290,799,0.3333333333333333
2267,290,1271,1.0
2268,290,1443,1.0
2269,291,41,0.008
2270,291,193,0.058823529411764705
2271,291,271,0.25
2272,291,513,0.25
2273,291,846,1.0
2274,291,1226,1.0
2275,291,1530,1.0
2276,292,409,0.5
2277,292,516,1.0
2278,292,815,1.0
2279,292,1208,0.5
2280,292,1288,1.0
2281,292,1450,1.0
2282,293,518,1.0
2283,293,970,0.3333333333333333
2284,294,520,0.5
2285,294,853,1.0
2286,295,523,0.2
2287,296,524,1.0
2288,296,1228,1.0
2289,297,501,0.2
2290,297,1472,0.5
2291,298,7,0.3333333333333333
2292,298,831,1.0
2293,299,527,1.0
2294,299,1063,1.0
2295,299,1197,0.3333333333333333
2296,299,1298,0.3333333333333333
2297,299,1378,1.0
2298,299,1633,1.0
2299,299,1737,1.0
2300,300,366,0.5
2301,300,423,0.16666666666666666
2302,300,1044,1.0
2303,301,535,0.09090909090909091
2304,301,731,0.5
2305,301,808,0.5
2306,301,830,1.0
2307,301,832,0.5
2308,301,944,1.0
2309,301,1018,1.0
2310,301,1118,1.0
2311,301,1220,0.5
2312,301,1547,1.0
2313,301,1562,1.0
2314,301,1612,0.5
2315,301,1772,1.0
2316,302,539,1.0
2317,303,193,0.058823529411764705
2318,303,995,1.0
2319,304,543,1.0
2320,304,1267,1.0
2321,305,548,0.5
2322,306,249,0.125
2323,306,550,1.0
2324,307,340,0.047619047619047616
2325,307,696,1.0
2326,307,954,1.0
2327,307,989,1.0
2328,307,1176,1.0
2329,307,1591,1.0
2330,307,1658,1.0
2331,308,411,0.5
2332,308,533,0.5
2333,308,555,1.0
2334,308,592,0.5
2335,308,705,1.0
2336,308,750,0.5
2337,308,1032,1.0
2338,308,1350,0.2
2339,308,1363,1.0
2340,309,204,0.5
2341,309,276,0.2
2342,309,301,0.5
2343,309,556,1.0
2344,309,679,0.5
2345,309,894,1.0
2346,309,937,0.5
2347,310,41,0.008
2348,310,1003,0.3333333333333333
2349,310,1350,0.2
2350,310,1402,1.0
2351,310,1638,1.0
2352,311,140,0.5
2353,311,564,1.0
2354,312,567,0.5
2355,313,573,1.0
2356,314,577,0.5
2357,314,1278,1.0
2358,314,1621,1.0
2359,314,1690,1.0
2360,315,145,0.3333333333333333
2361,316,584,1.0
2362,316,1667,1.0
2363,317,585,1.0
2364,318,90,0.14285714285714285
2365,319,146,0.3333333333333333
2366,319,407,0.25
2367,319,828,0.25
2368,320,558,0.25
2369,320,781,0.5
2370,320,835,0.14285714285714285
2371,321,41,0.008
2372,321,316,0.25
2373,321,1120,0.25
2374,321,1197,0.3333333333333333
2375,321,1493,1.0
2376,321,1689,1.0
2377,322,600,1.0
2378,323,426,0.5
2379,324,607,1.0
2380,324,783,1.0
2381,324,1167,1.0
2382,324,1571,1.0
2383,325,608,0.3333333333333333
2384,326,41,0.008
2385,326,609,1.0
2386,326,866,0.3333333333333333
2387,326,902,0.25
2388,326,1398,1.0
2389,327,611,1.0
2390,328,612,1.0
2391,329,616,1.0
2392,329,920,0.3333333333333333
2393,330,618,1.0
2394,331,622,1.0
2395,332,627,0.5
2396,333,501,0.2
2397,333,628,0.5
2398,333,634,1.0
2399,333,1069,1.0
2400,333,1466,0.5
2401,334,87,0.5
2402,334,115,0.2
2403,334,520,0.5
2404,334,633,0.5
2405,334,921,0.3333333333333333
2406,334,1225,1.0
2407,334,1272,0.5
2408,334,1448,1.0
2409,334,1725,1.0
2410,334,1762,1.0
2411,335,153,0.3333333333333333
2412,335,635,0.5
2413,335,834,0.5
2414,335,912,1.0
2415,335,966,0.5
2416,335,1054,1.0
2417,336,638,0.5
2418,336,904,0.5
2419,337,641,0.5
2420,337,1144,0.5
2421,337,1262,1.0
2422,337,1666,1.0
2423,337,1683,1.0
2424,337,1753,1.0
2425,338,595,0.3333333333333333
2426,338,647,1.0
2427,338,1087,1.0
2428,339,436,0.5
2429,339,511,0.2
2430,340,41,0.008
2431,340,179,0.25
2432,340,651,0.5
2433,340,1320,1.0
2434,341,447,0.3333333333333333
2435,341,652,1.0
2436,341,1429,1.0
2437,341,1665,0.3333333333333333
2438,342,653,1.0
2439,342,683,0.5
2440,342,1505,1.0
2441,343,655,0.5
2442,343,838,0.5
2443,343,1091,1.0
2444,344,100,0.3333333333333333
2445,344,662,1.0
2446,344,1566,1.0
2447,344,1716,0.5
2448,344,1726,1.0
2449,345,665,0.5
2450,345,1194,0.5
2451,346,16,0.043478260869565216
2452,346,668,1.0
2453,346,1200,1.0
2454,346,1343,1.0
2455,346,1467,0.5
2456,346,1768,1.0
2457,347,84,0.5
2458,348,284,0.3333333333333333
2459,348,476,0.25
2460,348,1576,1.0
2461,349,672,1.0
2462,349,1275,0.3333333333333333
2463,350,25,0.14285714285714285
2464,350,674,0.5
2465,350,1701,1.0
2466,351,16,0.043478260869565216
2467,351,680,1.0
2468,351,1330,1.0
2469,352,158,0.5
2470,352,400,0.3333333333333333
2471,352,681,1.0
2472,352,1270,0.5
2473,353,684,1.0
2474,354,41,0.008
2475,354,68,0.3333333333333333
2476,355,515,0.3333333333333333
2477,355,691,1.0
2478,355,715,1.0
2479,355,1554,1.0
2480,356,621,0.25
2481,356,1095,1.0
2482,356,1203,1.0
2483,357,212,0.07692307692307693
2484,358,706,1.0
2485,358,1550,0.5
2486,359,170,0.3333333333333333
2487,359,561,0.5
2488,359,708,0.25
2489,359,1241,1.0
2490,359,1572,1.0
2491,360,197,0.2
2492,360,1061,0.5
2493,361,41,0.008
2494,361,134,0.1111111111111111
2495,361,671,0.3333333333333333
2496,362,296,0.5
2497,362,712,1.0
2498,362,725,0.2
2499,362,784,1.0
2500,362,1595,0.5
2501,363,249,0.125
2502,364,433,0.3333333333333333
2503,365,714,0.5
2504,366,721,1.0
2505,367,249,0.125
2506,367,297,0.5
2507,367,935,0.25
2508,367,1541,1.0
2509,368,728,1.0
2510,368,1059,1.0
2511,369,121,0.2
2512,369,1471,0.3333333333333333
2513,369,1705,0.5
2514,370,147,0.3333333333333333
2515,370,732,0.5
2516,370,1109,0.5
2517,371,741,1.0
2518,371,772,0.5
2519,371,1088,1.0
2520,371,1281,1.0
2521,371,1314,1.0
2522,371,1557,0.5
2523,372,753,1.0
2524,373,754,1.0
2525,374,16,0.043478260869565216
2526,374,549,0.3333333333333333
2527,375,756,1.0
2528,376,316,0.25
2529,376,595,0.3333333333333333
2530,376,761,0.5
2531,376,856,0.5
2532,376,889,0.5
2533,376,1367,1.0
2534,377,41,0.008
2535,377,1107,0.5
2536,378,770,0.5
2537,378,925,0.3333333333333333
2538,378,1248,1.0
2539,379,775,1.0
2540,379,1739,1.0
2541,380,779,1.0
2542,381,780,1.0
2543,381,1744,1.0
2544,382,782,1.0
2545,383,786,0.5
2546,383,821,0.25
2547,383,1022,0.5
2548,383,1700,1.0
2549,384,187,0.3333333333333333
2550,384,253,0.5
2551,384,407,0.25
2552,384,787,1.0
2553,384,811,1.0
2554,384,1039,0.5
2555,384,1048,1.0
2556,384,1257,0.5
2557,385,251,0.5
2558,386,12,0.5
2559,386,1418,1.0
2560,386,1466,0.5
2561,386,1688,1.0
2562,387,161,0.25
2563,387,212,0.07692307692307693
2564,387,837,0.3333333333333333
2565,387,1432,1.0
2566,388,792,1.0
2567,388,1616,0.5
2568,389,16,0.043478260869565216
2569,389,794,1.0
2570,389,795,1.0
2571,389,1214,1.0
2572,389,1294,0.5
2573,390,549,0.3333333333333333
2574,390,796,0.3333333333333333
2575,391,800,1.0
2576,392,805,0.5
2577,392,1107,0.5
2578,392,1644,0.5
2579,392,1751,1.0
2580,393,807,0.3333333333333333
2581,394,371,0.5
2582,394,810,1.0
2583,394,915,0.09090909090909091
2584,394,1331,1.0
2585,394,1529,0.5
2586,395,714,0.5
2587,395,1153,1.0
2588,395,1527,1.0
2589,396,324,0.25
2590,397,820,1.0
2591,398,827,1.0
2592,398,968,1.0
2593,398,1066,0.2
2594,399,79,0.3333333333333333
2595,399,340,0.047619047619047616
2596,399,892,1.0
2597,400,340,0.047619047619047616
2598,400,929,1.0
2599,400,1257,0.5
2600,400,1293,0.5
2601,400,1336,1.0
2602,400,1718,1.0
2603,401,535,0.09090909090909091
2604,402,844,1.0
2605,402,1259,0.5
2606,402,1588,1.0
2607,402,1695,1.0
2608,402,1764,1.0
2609,403,509,0.3333333333333333
2610,404,848,1.0
2611,404,1365,1.0
2612,405,375,0.5
2613,405,1424,1.0
2614,406,47,0.3333333333333333
2615,406,487,0.3333333333333333
2616,406,1546,1.0
2617,407,28,0.3333333333333333
2618,407,41,0.008
2619,407,1599,1.0
2620,407,1711,1.0
2621,408,869,1.0
2622,408,1187,0.5
2623,408,1234,0.5
2624,409,594,0.07692307692307693
2625,409,809,0.25
2626,409,1075,0.5
2627,410,139,0.08333333333333333
2628,410,877,1.0
2629,410,1489,1.0
2630,411,880,0.5
2631,411,1707,1.0
2632,412,881,0.5
2633,412,1217,1.0
2634,413,882,1.0
2635,414,886,0.25
2636,415,195,0.2
2637,415,888,1.0
2638,415,891,1.0
2639,416,463,0.5
2640,416,890,1.0
2641,416,939,1.0
2642,417,900,1.0
2643,417,1534,0.5
2644,418,139,0.08333333333333333
2645,418,907,0.5
2646,418,958,1.0
2647,418,1037,0.5
2648,418,1423,1.0
2649,418,1643,1.0
2650,419,909,0.5
2651,420,199,0.16666666666666666
2652,420,1626,1.0
2653,420,1749,1.0
2654,421,161,0.25
2655,421,535,0.09090909090909091
2656,421,856,0.5
2657,421,920,0.3333333333333333
2658,421,952,1.0
2659,421,1628,1.0
2660,422,921,0.3333333333333333
2661,423,41,0.008
2662,423,1303,0.5
2663,424,255,0.5
2664,424,1755,1.0
2665,425,640,0.25
2666,425,946,1.0
2667,425,983,1.0
2668,425,1083,1.0
2669,426,51,0.2
2670,426,594,0.07692307692307693
2671,426,708,0.25
2672,426,1255,1.0
2673,426,1499,1.0
2674,426,1699,1.0
2675,427,499,0.5
2676,427,955,1.0
2677,427,1567,1.0
2678,428,957,1.0
2679,428,1313,0.5
2680,428,1349,1.0
2681,429,961,0.5
2682,430,965,0.5
2683,430,998,0.2
2684,431,193,0.058823529411764705
2685,431,986,0.5
2686,431,1719,1.0
2687,432,993,1.0
2688,433,25,0.14285714285714285
2689,433,552,0.5
2690,433,1011,1.0
2691,433,1210,0.5
2692,433,1677,1.0
2693,433,1780,1.0
2694,434,1012,0.5
2695,434,1196,1.0
2696,434,1285,1.0
2697,434,1394,1.0
2698,435,85,0.25
2699,435,96,0.2
2700,435,1406,1.0
2701,436,804,0.3333333333333333
2702,436,1030,1.0
2703,437,1031,0.5
2704,438,25,0.14285714285714285
2705,438,511,0.2
2706,438,1033,1.0
2707,438,1213,1.0
2708,439,548,0.5
2709,439,1036,1.0
2710,440,1037,0.5
2711,441,174,0.2
2712,442,551,0.2
2713,443,1046,0.5
2714,443,1165,1.0
2715,444,290,0.3333333333333333
2716,444,528,0.25
2717,444,1307,0.3333333333333333
2718,445,523,0.2
2719,445,1058,1.0
2720,445,1399,0.5
2721,446,915,0.09090909090909091
2722,446,1072,1.0
2723,447,1080,1.0
2724,447,1284,1.0
2725,448,1086,1.0
2726,449,884,0.3333333333333333
2727,450,139,0.08333333333333333
2728,450,144,0.3333333333333333
2729,451,16,0.043478260869565216
2730,451,866,0.3333333333333333
2731,452,197,0.2
2732,453,1015,0.3333333333333333
2733,454,687,0.5
2734,455,1121,1.0
2735,456,476,0.25
2736,456,1122,0.5
2737,457,570,0.16666666666666666
2738,458,468,0.3333333333333333
2739,458,497,0.2
2740,459,1133,1.0
2741,460,1135,1.0
2742,461,50,0.3333333333333333
2743,461,1138,0.5
2744,462,41,0.008
2745,462,300,0.5
2746,462,480,0.5
2747,462,1142,1.0
2748,462,1329,1.0
2749,462,1510,0.5
2750,462,1612,0.5
2751,463,1067,0.5
2752,464,98,0.5
2753,465,1146,1.0
2754,466,1155,0.5
2755,467,1158,0.5
2756,468,350,0.5
2757,468,1164,1.0
2758,469,1172,1.0
2759,469,1595,0.5
2760,470,48,0.16666666666666666
2761,470,1175,0.5
2762,471,1178,1.0
2763,472,926,0.5
2764,473,1184,0.5
2765,474,1185,0.3333333333333333
2766,474,1266,1.0
2767,474,1604,1.0
2768,475,468,0.3333333333333333
2769,475,937,0.5
2770,475,1096,0.5
2771,476,193,0.058823529411764705
2772,476,1192,0.5
2773,477,1104,0.3333333333333333
2774,478,284,0.3333333333333333
2775,478,1237,1.0
2776,478,1289,0.5
2777,478,1453,1.0
2778,479,1198,1.0
2779,480,1211,0.3333333333333333
2780,481,250,0.3333333333333333
2781,481,1235,1.0
2782,482,1219,1.0
2783,483,1222,0.3333333333333333
2784,483,1463,1.0
2785,484,941,0.5
2786,485,134,0.1111111111111111
2787,485,331,0.3333333333333333
2788,486,1224,1.0
2789,487,122,0.3333333333333333
2790,488,150,0.2
2791,488,317,0.3333333333333333
2792,488,341,0.5
2793,488,828,0.25
2794,488,1238,1.0
2795,489,835,0.14285714285714285
2796,489,1240,1.0
2797,490,1246,0.5
2798,490,1301,1.0
2799,490,1704,1.0
2800,491,310,0.5
2801,492,742,0.25
2802,493,201,0.5
2803,494,1254,1.0
2804,495,280,0.5
2805,495,1662,1.0
2806,495,1681,1.0
2807,496,151,0.3333333333333333
2808,496,1265,1.0
2809,496,1470,1.0
2810,496,1569,1.0
2811,496,1684,1.0
2812,497,1275,0.3333333333333333
2813,498,1062,0.16666666666666666
2814,498,1279,1.0
2815,498,1582,1.0
2816,499,90,0.14285714285714285
2817,499,635,0.5
2818,500,1300,1.0
2819,500,1579,0.5
2820,501,604,0.5
2821,502,551,0.2
2822,503,1316,0.3333333333333333
2823,504,1052,0.5
2824,504,1318,1.0
2825,505,1321,1.0
2826,506,252,0.3333333333333333
2827,507,109,0.3333333333333333
2828,507,1351,0.5
2829,507,1486,1.0
2830,508,1359,1.0
2831,509,1307,0.3333333333333333
2832,510,41,0.008
2833,510,1508,1.0
2834,510,1731,1.0
2835,511,193,0.058823529411764705
2836,511,222,0.25
2837,512,1371,1.0
2838,513,1373,1.0
2839,514,1377,1.0
2840,515,1195,0.5
2841,516,570,0.16666666666666666
2842,517,1129,0.3333333333333333
2843,517,1390,1.0
2844,518,171,0.5
2845,519,535,0.09090909090909091
2846,519,826,0.3333333333333333
2847,520,141,0.5
2848,520,594,0.07692307692307693
2849,521,1403,1.0
2850,522,1413,1.0
2851,523,523,0.2
2852,524,742,0.25
2853,525,82,0.5
2854,525,1307,0.3333333333333333
2855,525,1441,0.5
2856,526,837,0.3333333333333333
2857,527,1430,1.0
2858,528,1222,0.3333333333333333
2859,529,834,0.5
2860,530,466,0.5
2861,531,665,0.5
2862,532,1444,1.0
2863,533,1446,0.3333333333333333
2864,534,40,0.09090909090909091
2865,534,805,0.5
2866,535,1211,0.3333333333333333
2867,536,702,0.5
2868,537,1460,1.0
2869,538,1474,0.5
2870,539,1480,1.0
2871,540,1497,1.0
2872,540,1613,1.0
2873,541,93,0.125
2874,541,1436,0.5
2875,542,1259,0.5
2876,543,423,0.16666666666666666
2877,544,1062,0.16666666666666666
2878,545,582,0.25
2879,546,1536,1.0
2880,547,1065,0.3333333333333333
2881,548,133,0.5
2882,548,362,0.25
2883,548,826,0.3333333333333333
2884,549,249,0.125
2885,549,1673,1.0
2886,550,1539,1.0
2887,551,1441,0.5
2888,552,535,0.09090909090909091
2889,553,71,0.25
2890,553,1258,0.5
2891,554,1563,1.0
2892,555,277,0.5
2893,556,1575,1.0
2894,557,1511,0.5
2895,558,1590,1.0
2896,558,1618,1.0
2897,559,177,0.5
2898,560,1605,0.5
2899,561,1471,0.3333333333333333
2900,562,683,0.5
2901,563,343,0.5
2902,563,897,0.5
2903,563,1637,1.0
2904,563,1687,1.0
2905,563,1743,1.0
2906,564,1634,1.0
2907,565,704,0.3333333333333333
2908,566,1066,0.2
2909,567,126,0.3333333333333333
2910,567,1665,0.3333333333333333
2911,568,932,0.5
2912,568,1664,0.5
2913,568,1670,1.0
2914,569,178,0.5
2915,570,1694,1.0
2916,571,1644,0.5
2917,572,1031,0.5
2918,573,398,0.3333333333333333
2919,574,1705,0.5
2920,575,1720,1.0
2921,576,1733,1.0
2922,577,80,0.2
2923,578,1270,0.5
2924,579,364,0.25
2925,580,39,0.3333333333333333
2926,580,232,0.25
2927,581,1754,1.0
2928,582,1758,1.0
2929,583,1759,1.0
2930,584,212,0.07692307692307693
2931,585,1155,0.5
2932,586,1050,0.5
